case_id,dimension,condition_number,delta_contract,rho_contract,cheap_cost_exact_units,initial_residual,candidate_residual,candidate_contract_satisfied,baseline_lower_calls,baseline_upper_calls,post_upper_calls,gate_accept,guaranteed_saved_calls,guaranteed_cost_slack,baseline_actual_calls,post_actual_calls,gated_actual_calls,gated_total_cost,gated_cost_ratio,always_total_cost,always_cost_ratio,posthoc_descent_accept,posthoc_total_cost,posthoc_cost_ratio
0,64,1.0543957494082032,0.35250435475362557,0.5444119313258028,2.0,1.0,0.24578704710787783,True,21,23,22,False,-1,-3.0,22,20,22,22,1.0,22.0,1.0,True,22.0,1.0
1,64,1.3729299919844595,0.0045451851815758535,0.004565938216296556,2.0,1.0,0.0026278160323801635,True,21,32,20,False,1,-1.0,29,16,29,29,1.0,18.0,0.6206896551724138,True,18.0,0.6206896551724138
2,64,1.6364125735430508,0.08233537528893713,0.08972272992964216,2.0,1.0,0.04753359710944297,True,21,39,33,False,-12,-14.0,35,27,35,35,1.0,29.0,0.8285714285714286,True,29.0,0.8285714285714286
3,64,1.3918037538154744,0.013366758080684422,0.013547848899436861,0.25,0.9999999999999998,0.007973114671539468,True,21,32,22,False,-1,-1.25,30,19,30,30,1.0,19.25,0.6416666666666667,True,19.25,0.6416666666666667
4,64,1.0979434066659268,0.004200343163736015,0.004218060465175138,0.5,0.9999999999999999,0.002704129940499641,True,21,24,15,True,6,5.5,23,13,13,13.5,0.5869565217391305,13.5,0.5869565217391305,True,13.5,0.5869565217391305
5,64,1.100565597689977,0.5713740174203858,1.3330363548697315,1.0,1.0,0.44138831521601674,True,21,24,24,False,-3,-4.0,23,22,23,23,1.0,23.0,1.0,True,23.0,1.0
6,64,1.815727649653146,0.08807640748365747,0.0965830999509743,1.0,1.0,0.057927256542968396,True,21,44,37,False,-16,-17.0,40,32,40,40,1.0,33.0,0.825,True,33.0,0.825
7,64,1.9647623520650046,0.18326159658990746,0.22438224506738416,4.0,1.0,0.09891401164700732,True,21,49,43,False,-22,-26.0,43,36,43,43,1.0,40.0,0.9302325581395349,True,40.0,0.9302325581395349
8,64,2.392918096297081,0.5644191410781354,1.2957849949494271,1.0,1.0,0.36900163469680525,True,21,61,62,False,-41,-42.0,53,48,53,53,1.0,49.0,0.9245283018867925,True,49.0,0.9245283018867925
9,64,1.0014978653108066,0.012082248029895349,0.012230014093583135,4.0,1.0,0.007099012772725657,True,21,21,15,True,6,2.0,21,14,14,18.0,0.8571428571428571,18.0,0.8571428571428571,True,18.0,0.8571428571428571
10,64,2.2517925990765724,0.12521753892568238,0.1431413459889252,1.0,0.9999999999999999,0.06888946284984901,True,21,57,49,False,-28,-29.0,49,38,49,49,1.0,39.0,0.7959183673469388,True,39.0,0.7959183673469388
11,64,2.0983174972732437,0.007940094365823382,0.008003644054889668,1.0,1.0,0.004329882106398475,True,21,52,34,False,-13,-14.0,46,27,46,46,1.0,28.0,0.6086956521739131,True,28.0,0.6086956521739131
12,64,1.1664326673245438,0.0019198006714461408,0.0019234933953580714,0.25,1.0,0.0010245381165381552,True,21,26,14,True,7,6.75,24,12,12,12.25,0.5104166666666666,12.25,0.5104166666666666,True,12.25,0.5104166666666666
13,64,1.3411156052963256,0.011904607071051131,0.012048034183990126,4.0,1.0,0.007320168968857552,True,21,31,21,False,0,-4.0,28,18,28,28,1.0,22.0,0.7857142857142857,True,22.0,0.7857142857142857
14,64,1.242201856310992,0.0034332413343489115,0.003445069087941319,1.0,0.9999999999999999,0.0021776495766404652,True,21,28,17,True,4,3.0,26,14,14,15.0,0.5769230769230769,15.0,0.5769230769230769,True,15.0,0.5769230769230769
15,64,1.4629236774795047,0.5043018735206689,1.0173568278388412,2.0,0.9999999999999999,0.44318924032794443,True,21,34,34,False,-13,-15.0,30,28,30,30,1.0,30.0,1.0,True,30.0,1.0
16,64,1.3787644565021853,0.09300413435385417,0.10254085809707393,4.0,1.0,0.055700398856554326,True,21,32,27,False,-6,-10.0,29,23,29,29,1.0,27.0,0.9310344827586207,True,27.0,0.9310344827586207
17,64,1.3396528370647978,0.008968664927386471,0.009049829818680083,0.5,1.0,0.004851184855650112,True,21,31,21,False,0,-0.5,29,17,29,29,1.0,17.5,0.603448275862069,True,17.5,0.603448275862069
18,64,1.4383618579904867,0.36299268571144244,0.5698406871777466,0.5,1.0,0.24174643872115872,True,21,34,32,False,-11,-11.5,30,26,30,30,1.0,26.5,0.8833333333333333,True,26.5,0.8833333333333333
19,64,2.0094274674145787,0.0017772902808026745,0.001780454665575211,0.5,1.0,0.0011525885744915086,True,21,50,27,False,-6,-6.5,45,21,45,45,1.0,21.5,0.4777777777777778,True,21.5,0.4777777777777778
20,64,1.2942969811443719,0.18377507607310795,0.22515249251267458,0.5,1.0,0.13984089016160767,True,21,30,26,False,-5,-5.5,27,23,27,27,1.0,23.5,0.8703703703703703,True,23.5,0.8703703703703703
21,64,1.1208003507964535,0.2528584673252632,0.3384344950280571,2.0,1.0,0.1343832048918011,True,21,25,23,False,-2,-4.0,23,20,23,23,1.0,22.0,0.9565217391304348,True,22.0,0.9565217391304348
22,64,1.8577328828002433,0.002502716594804898,0.00250899590048133,2.0,0.9999999999999999,0.00158643465792802,True,21,46,26,False,-5,-7.0,41,20,41,41,1.0,22.0,0.5365853658536586,True,22.0,0.5365853658536586
23,64,2.093077650700303,0.14383034250600915,0.16799280521923735,0.5,1.0,0.09248502088955726,True,21,52,46,False,-25,-25.5,47,36,47,47,1.0,36.5,0.776595744680851,True,36.5,0.776595744680851
24,64,1.9016333565007284,0.001667059626908343,0.0016698433553493071,2.0,1.0,0.0009238797673546699,True,21,47,25,False,-4,-6.0,42,20,42,42,1.0,22.0,0.5238095238095238,True,22.0,0.5238095238095238
25,64,1.8089862418612732,0.0013284228831437347,0.0013301899378961636,0.25,1.0,0.0007923002388182309,True,21,44,23,False,-2,-2.25,40,18,40,40,1.0,18.25,0.45625,True,18.25,0.45625
26,64,1.0525457674152712,0.05749012789798529,0.06099684427683397,0.5,1.0,0.0375383468822245,True,21,23,18,True,3,2.5,22,17,17,17.5,0.7954545454545454,17.5,0.7954545454545454,True,17.5,0.7954545454545454
27,64,1.8219464398730096,0.0012313953888874328,0.0012329135930007505,2.0,1.0,0.0006985449275320263,True,21,45,23,False,-2,-4.0,41,19,41,41,1.0,21.0,0.5121951219512195,True,21.0,0.5121951219512195
28,64,2.301066503815752,0.0047606415091405885,0.004783413626606801,4.0,0.9999999999999999,0.003041623907192287,True,21,58,36,False,-15,-19.0,51,28,51,51,1.0,32.0,0.6274509803921569,True,32.0,0.6274509803921569
29,64,2.895579989843412,0.0015507430463318568,0.0015531515853527418,4.0,1.0,0.0009534316854006736,True,21,75,40,False,-19,-23.0,64,28,64,64,1.0,32.0,0.5,True,32.0,0.5
30,64,1.6680348517014953,0.252084748878104,0.33704988432843036,0.5,1.0,0.14693000112782265,True,21,40,37,False,-16,-16.5,36,31,36,36,1.0,31.5,0.875,True,31.5,0.875
31,64,1.2551315722248335,0.20196634861338447,0.2530799901263059,0.25,1.0,0.12350090470771401,True,21,28,26,False,-5,-5.25,26,22,26,26,1.0,22.25,0.8557692307692307,True,22.25,0.8557692307692307
32,64,1.7588551511646768,0.0018600526474025234,0.0018635188906485588,1.0,1.0,0.0010632456927001863,True,21,43,24,False,-3,-4.0,39,19,39,39,1.0,20.0,0.5128205128205128,True,20.0,0.5128205128205128
33,64,1.2938754928815213,0.5122376132617686,1.0501785852886447,4.0,1.0,0.477069182104657,True,21,30,30,False,-9,-13.0,27,26,27,27,1.0,30.0,1.1111111111111112,True,30.0,1.1111111111111112
34,64,1.7611480723935338,0.0031368371323503242,0.003146707842354881,2.0,1.0,0.0018015143249154309,True,21,43,25,False,-4,-6.0,37,19,37,37,1.0,21.0,0.5675675675675675,True,21.0,0.5675675675675675
35,64,2.057953232712588,0.4519573555525796,0.8246755250374328,0.25,0.9999999999999999,0.3407588095606666,True,21,51,51,False,-30,-30.25,45,42,45,45,1.0,42.25,0.9388888888888889,True,42.25,0.9388888888888889
36,64,1.7327158351586789,0.005706991104572815,0.005739747794176672,0.5,1.0,0.0033161687089494343,True,21,42,27,False,-6,-6.5,37,20,37,37,1.0,20.5,0.5540540540540541,True,20.5,0.5540540540540541
37,64,1.3704440054341775,0.0034770194868991274,0.0034891513340804653,4.0,1.0,0.0019732888929431753,True,21,32,19,False,2,-2.0,29,16,29,29,1.0,20.0,0.6896551724137931,True,20.0,0.6896551724137931
38,64,2.002249937588458,0.06346202925205861,0.0677623665395823,0.5,0.9999999999999999,0.043308361182423115,True,21,50,40,False,-19,-19.5,43,32,43,43,1.0,32.5,0.7558139534883721,True,32.5,0.7558139534883721
39,64,2.1521133815556714,0.07684768751912385,0.08324486271675327,0.25,1.0,0.04838683886765739,True,21,54,44,False,-23,-23.25,47,36,47,47,1.0,36.25,0.7712765957446809,True,36.25,0.7712765957446809
40,64,2.3504041789767403,0.05380491801085518,0.05686450821298229,2.0,0.9999999999999999,0.03149375554996624,True,21,60,47,False,-26,-28.0,53,36,53,53,1.0,38.0,0.7169811320754716,True,38.0,0.7169811320754716
41,64,2.2052948386780566,0.14810638614543167,0.17385549525989963,0.25,1.0,0.09185952003217933,True,21,55,49,False,-28,-28.25,47,37,47,47,1.0,37.25,0.7925531914893617,True,37.25,0.7925531914893617
42,64,1.0564986355022106,0.05163379008776158,0.054444991342046826,2.0,1.0,0.03051367602639797,True,21,23,18,True,3,1.0,22,16,16,18.0,0.8181818181818182,18.0,0.8181818181818182,True,18.0,0.8181818181818182
43,64,1.5289710649040034,0.0023470253675266094,0.0023525468546728213,0.5,1.0,0.001374051624578066,True,21,36,21,False,0,-0.5,32,16,32,32,1.0,16.5,0.515625,True,16.5,0.515625
44,64,2.785261175605433,0.4008758322102246,0.6691030904146176,1.0,0.9999999999999999,0.22619624743674968,True,21,72,70,False,-49,-50.0,64,56,64,64,1.0,57.0,0.890625,True,57.0,0.890625
45,64,2.170791494766027,0.013599810613650237,0.013787315493228794,1.0,0.9999999999999999,0.007798345036232801,True,21,55,38,False,-17,-18.0,49,29,49,49,1.0,30.0,0.6122448979591837,True,30.0,0.6122448979591837
46,64,1.563985794150026,0.001591566059916618,0.001594103180434603,1.0,1.0,0.0008337886877317418,True,21,37,20,True,1,0.0,33,16,16,17.0,0.5151515151515151,17.0,0.5151515151515151,True,17.0,0.5151515151515151
47,64,1.9893031530999519,0.5402228251239566,1.1749666026148458,0.25,1.0,0.3000615411895119,True,21,49,50,False,-29,-29.25,44,40,44,44,1.0,40.25,0.9147727272727273,True,40.25,0.9147727272727273
48,64,2.467108768301497,0.017605082988678394,0.017920576220240667,0.5,1.0,0.01170555248760237,True,21,63,45,False,-24,-24.5,52,33,52,52,1.0,33.5,0.6442307692307693,True,33.5,0.6442307692307693
49,64,1.5737567578961247,0.41826996539019734,0.7190104352627302,0.5,1.0,0.27837432972611964,True,21,38,37,False,-16,-16.5,33,29,33,33,1.0,29.5,0.8939393939393939,True,29.5,0.8939393939393939
50,64,1.7934140517854698,0.1293964672002307,0.14862846557043627,4.0,0.9999999999999999,0.08077141639344133,True,21,44,38,False,-17,-21.0,39,32,39,39,1.0,36.0,0.9230769230769231,True,36.0,0.9230769230769231
51,64,2.1267726393046784,0.009503836071121567,0.009595025621728688,0.25,1.0,0.006244593850086936,True,21,53,36,False,-15,-15.25,48,30,48,48,1.0,30.25,0.6302083333333334,True,30.25,0.6302083333333334
52,64,1.2573828536316227,0.004851804461000671,0.004875459235870696,4.0,1.0,0.002810050167407616,True,21,28,18,False,3,-1.0,27,16,27,27,1.0,20.0,0.7407407407407407,True,20.0,0.7407407407407407
53,64,1.8176599133085336,0.10454108322390274,0.11674581744105011,0.5,1.0,0.06828622045428327,True,21,44,38,False,-17,-17.5,40,32,40,40,1.0,32.5,0.8125,True,32.5,0.8125
54,64,2.488168774376388,0.010943921897092802,0.011065016574271669,4.0,1.0,0.005871079778576802,True,21,63,43,False,-22,-26.0,56,32,56,56,1.0,36.0,0.6428571428571429,True,36.0,0.6428571428571429
55,64,2.6539626134753522,0.0014108976657332712,0.0014128911105030153,0.25,1.0,0.0008056908609445221,True,21,68,36,False,-15,-15.25,60,27,60,60,1.0,27.25,0.45416666666666666,True,27.25,0.45416666666666666
56,64,2.579378220092242,0.02243712543245027,0.022952104684188127,0.5,1.0,0.011744638859528828,True,21,66,48,False,-27,-27.5,56,37,56,56,1.0,37.5,0.6696428571428571,True,37.5,0.6696428571428571
57,64,1.5014081703402804,0.010573767263994633,0.010686766647328101,0.5,1.0,0.005908823712752338,True,21,35,24,False,-3,-3.5,32,21,32,32,1.0,21.5,0.671875,True,21.5,0.671875
58,64,1.7242633186912613,0.08241352449010325,0.08981553966813492,2.0,1.0,0.04363919578088874,True,21,42,35,False,-14,-16.0,37,28,37,37,1.0,30.0,0.8108108108108109,True,30.0,0.8108108108108109
59,64,2.444038773208273,0.013288829230217169,0.013467800531588069,4.0,0.9999999999999999,0.007498645214653228,True,21,62,43,False,-22,-26.0,55,34,55,55,1.0,38.0,0.6909090909090909,True,38.0,0.6909090909090909
60,64,2.2916921687364744,0.23340706161833286,0.3044732737964844,4.0,0.9999999999999999,0.1811862464589535,True,21,58,53,False,-32,-36.0,50,40,50,50,1.0,44.0,0.88,True,44.0,0.88
61,64,1.862036650925602,0.12521058146131978,0.1431322542406626,0.25,1.0,0.08163560966581092,True,21,46,39,False,-18,-18.25,41,32,41,41,1.0,32.25,0.7865853658536586,True,32.25,0.7865853658536586
62,64,1.279129579315406,0.001259714975230263,0.0012613038585892436,0.5,1.0,0.0008397029538390977,True,21,29,15,True,6,5.5,27,13,13,13.5,0.5,13.5,0.5,True,13.5,0.5
63,64,2.1653477202942124,0.05904871060870704,0.06275426929581658,0.25,0.9999999999999999,0.03629449423419736,True,21,54,44,False,-23,-23.25,47,35,47,47,1.0,35.25,0.75,True,35.25,0.75
64,64,1.7467340779597458,0.029564829546126818,0.030465537983644316,1.0,0.9999999999999999,0.014463396266039912,True,21,42,32,False,-11,-12.0,39,26,39,39,1.0,27.0,0.6923076923076923,True,27.0,0.6923076923076923
65,64,1.3349856357805694,0.001336117710861374,0.0013379053098413086,1.0,1.0,0.0008121422934831784,True,21,31,16,True,5,4.0,28,14,14,15.0,0.5357142857142857,15.0,0.5357142857142857,True,15.0,0.5357142857142857
66,64,2.00086051682536,0.5469163033532679,1.2070977335997521,4.0,0.9999999999999999,0.44592174616803726,True,21,50,50,False,-29,-33.0,45,42,45,45,1.0,46.0,1.0222222222222221,True,46.0,1.0222222222222221
67,64,1.9580739142312826,0.025722569478836523,0.026401688752121587,2.0,1.0,0.015465703068419918,True,21,48,36,False,-15,-17.0,41,27,41,41,1.0,29.0,0.7073170731707317,True,29.0,0.7073170731707317
68,64,1.269203546762644,0.1476510834225957,0.1732284520469465,1.0,1.0,0.08818228169580274,True,21,29,25,False,-4,-5.0,27,22,27,27,1.0,23.0,0.8518518518518519,True,23.0,0.8518518518518519
69,64,1.8094357649307602,0.0011052355962800154,0.0011064584935929407,1.0,1.0,0.0005983048225349947,True,21,44,23,False,-2,-3.0,39,16,39,39,1.0,17.0,0.4358974358974359,True,17.0,0.4358974358974359
70,64,1.1935885945965132,0.08246857037719243,0.08988092147545816,0.5,1.0000000000000002,0.0564675465358044,True,21,27,22,False,-1,-1.5,25,19,25,25,1.0,19.5,0.78,True,19.5,0.78
71,64,1.1979231037256208,0.0022655546568982428,0.0022706990497047158,2.0,0.9999999999999998,0.00134032781206575,True,21,27,15,True,6,4.0,25,13,13,15.0,0.6,15.0,0.6,True,15.0,0.6
72,64,2.4668342723053076,0.23185692106931327,0.301840799492818,1.0,1.0,0.13470413810101514,True,21,63,57,False,-36,-37.0,56,45,56,56,1.0,46.0,0.8214285714285714,True,46.0,0.8214285714285714
73,64,1.8570584640604826,0.12653588137515445,0.14486671939583343,0.25,1.0,0.07660892149464871,True,21,46,39,False,-18,-18.25,39,32,39,39,1.0,32.25,0.8269230769230769,True,32.25,0.8269230769230769
74,64,2.041867883186753,0.09657025154230522,0.10689292853945395,0.25,1.0,0.05834971422348058,True,21,51,43,False,-22,-22.25,46,35,46,46,1.0,35.25,0.7663043478260869,True,35.25,0.7663043478260869
75,64,2.9397118142036467,0.37621374505567656,0.6031132332168105,0.5,1.0,0.21850781759733418,True,21,76,73,False,-52,-52.5,64,56,64,64,1.0,56.5,0.8828125,True,56.5,0.8828125
76,64,1.3916494981125211,0.0018665061857800673,0.0018699965459003777,1.0,0.9999999999999998,0.001021968655678287,True,21,32,18,True,3,2.0,29,14,14,15.0,0.5172413793103449,15.0,0.5172413793103449,True,15.0,0.5172413793103449
77,64,1.3086059667894745,0.008928979838044198,0.009009424810529795,1.0,0.9999999999999999,0.006461536300619343,True,21,30,20,True,1,0.0,28,17,17,18.0,0.6428571428571429,18.0,0.6428571428571429,True,18.0,0.6428571428571429
78,64,1.4136787432048803,0.003925444434587037,0.003940914274593425,1.0,0.9999999999999999,0.0024322157439102634,True,21,33,20,True,1,0.0,30,16,16,17.0,0.5666666666666667,17.0,0.5666666666666667,True,17.0,0.5666666666666667
79,64,1.8795485763388726,0.0016887140160909493,0.0016915705950640413,0.5,0.9999999999999998,0.0007981775589477376,True,21,46,25,False,-4,-4.5,42,18,42,42,1.0,18.5,0.44047619047619047,True,18.5,0.44047619047619047
80,64,1.671267176294574,0.027087477875192906,0.02784163761818462,0.5,0.9999999999999999,0.01770890561589322,True,21,40,30,False,-9,-9.5,37,26,37,37,1.0,26.5,0.7162162162162162,True,26.5,0.7162162162162162
81,64,2.2603315935287775,0.0127488455134614,0.012913477442416336,2.0,1.0,0.007992827853939056,True,21,57,39,False,-18,-20.0,50,32,50,50,1.0,34.0,0.68,True,34.0,0.68
82,64,2.825109290180533,0.09581908542513004,0.10597335542100278,0.25,1.0,0.04041675151322761,True,21,73,61,False,-40,-40.25,61,48,61,61,1.0,48.25,0.7909836065573771,True,48.25,0.7909836065573771
83,64,1.4140274102480066,0.17742569317978896,0.2156956419726451,0.25,1.0000000000000002,0.1007912693015641,True,21,33,29,False,-8,-8.25,30,25,30,30,1.0,25.25,0.8416666666666667,True,25.25,0.8416666666666667
84,64,2.8840612447985703,0.21861569708593045,0.2797799959259894,0.5,1.0,0.11864360467538641,True,21,75,68,False,-47,-47.5,62,52,62,62,1.0,52.5,0.8467741935483871,True,52.5,0.8467741935483871
85,64,1.646038794744642,0.014895414549126969,0.015120642791759495,0.5,1.0,0.009151379316190532,True,21,40,28,False,-7,-7.5,36,22,36,36,1.0,22.5,0.625,True,22.5,0.625
86,64,1.1659159199107263,0.031429445585571696,0.032449309389312474,4.0,1.0,0.01829176808997836,True,21,26,20,False,1,-3.0,24,17,24,24,1.0,21.0,0.875,True,21.0,0.875
87,64,1.958121639991286,0.012331243828179968,0.01248520189701613,0.5,1.0,0.0071619785929875205,True,21,48,33,False,-12,-12.5,43,25,43,43,1.0,25.5,0.5930232558139535,True,25.5,0.5930232558139535
88,64,1.068958120797383,0.10347022584277026,0.11541192364752859,2.0,1.0,0.052924543794411055,True,21,23,20,False,1,-1.0,22,18,22,22,1.0,20.0,0.9090909090909091,True,20.0,0.9090909090909091
89,64,2.8026716830045917,0.005611986686292523,0.005643658824477467,1.0,1.0000000000000002,0.0031282965967736596,True,21,72,45,False,-24,-25.0,62,35,62,62,1.0,36.0,0.5806451612903226,True,36.0,0.5806451612903226
90,64,2.956674923965792,0.015793159556590303,0.016046585847213874,0.5,1.0,0.00916133922640293,True,21,77,54,False,-33,-33.5,68,43,68,68,1.0,43.5,0.6397058823529411,True,43.5,0.6397058823529411
91,64,2.245608911486768,0.1712510064926724,0.2066379661807194,1.0,1.0,0.11407637112829902,True,21,57,50,False,-29,-30.0,49,39,49,49,1.0,40.0,0.8163265306122449,True,40.0,0.8163265306122449
92,64,1.3276201252507103,0.5267624816846866,1.1131038036880883,0.25,1.0,0.4295107641899663,True,21,30,31,False,-10,-10.25,28,24,28,28,1.0,24.25,0.8660714285714286,True,24.25,0.8660714285714286
93,64,1.4871758291458514,0.02011588737150313,0.020528843270601796,2.0,0.9999999999999999,0.010060353162848017,True,21,35,25,False,-4,-6.0,32,20,32,32,1.0,22.0,0.6875,True,22.0,0.6875
94,64,1.7534723161338772,0.5141164470340539,1.0581062970659691,2.0,1.0,0.4421642047295015,True,21,43,43,False,-22,-24.0,37,33,37,37,1.0,35.0,0.9459459459459459,True,35.0,0.9459459459459459
95,64,1.5200962307786836,0.24972620464166284,0.33284676365698135,2.0,1.0,0.1707524470935216,True,21,36,33,False,-12,-14.0,33,28,33,33,1.0,30.0,0.9090909090909091,True,30.0,0.9090909090909091
96,64,1.1497084966728328,0.09124519910404359,0.10040684133286937,0.25,0.9999999999999999,0.05724516934575081,True,21,25,21,False,0,-0.25,24,19,24,24,1.0,19.25,0.8020833333333334,True,19.25,0.8020833333333334
97,64,1.4603339958267638,0.12555131217356105,0.1435776780517973,1.0,1.0,0.07803678472951223,True,21,34,30,False,-9,-10.0,32,25,32,32,1.0,26.0,0.8125,True,26.0,0.8125
98,64,2.8934349383372213,0.19069280087796167,0.23562474309487322,4.0,0.9999999999999999,0.10889685082987749,True,21,75,67,False,-46,-50.0,62,48,62,62,1.0,52.0,0.8387096774193549,True,52.0,0.8387096774193549
99,64,1.0185353237712054,0.18312601787537228,0.22417903113902013,4.0,1.0,0.1136482247625989,True,21,22,19,False,2,-2.0,21,18,21,21,1.0,22.0,1.0476190476190477,True,22.0,1.0476190476190477
100,64,1.768091359320162,0.14678340940717902,0.17203534369296883,2.0,1.0000000000000002,0.0871330292009334,True,21,43,38,False,-17,-19.0,38,31,38,38,1.0,33.0,0.868421052631579,True,33.0,0.868421052631579
101,64,2.0876338773272893,0.002143781406168286,0.002148387078440299,0.5,1.0,0.0014488486036925339,True,21,52,29,False,-8,-8.5,47,23,47,47,1.0,23.5,0.5,True,23.5,0.5
102,64,1.9550072371168885,0.013272829930292364,0.01345136764537932,0.25,0.9999999999999999,0.007698193956711057,True,21,48,33,False,-12,-12.25,42,27,42,42,1.0,27.25,0.6488095238095238,True,27.25,0.6488095238095238
103,64,1.9868271957793218,0.015077011396641651,0.015307807383012932,2.0,1.0,0.008248717544064515,True,21,49,35,False,-14,-16.0,44,26,44,44,1.0,28.0,0.6363636363636364,True,28.0,0.6363636363636364
104,64,2.1005580037431466,0.02336760376249437,0.023926713728234385,2.0,1.0,0.014224075999619739,True,21,53,38,False,-17,-19.0,46,31,46,46,1.0,33.0,0.717391304347826,True,33.0,0.717391304347826
105,64,1.1911284589561948,0.20646563460082418,0.2601848686124194,1.0,1.0,0.13392344224416006,True,21,27,24,False,-3,-4.0,25,21,25,25,1.0,22.0,0.88,True,22.0,0.88
106,64,1.1432463164097104,0.5749535270983884,1.3526839151809098,4.0,1.0,0.5139655902349293,True,21,25,26,False,-5,-9.0,24,22,24,24,1.0,26.0,1.0833333333333333,True,26.0,1.0833333333333333
107,64,1.1852086053089268,0.00976269793441057,0.009858947864361433,2.0,0.9999999999999999,0.006261655625382319,True,21,26,18,True,3,1.0,25,16,16,18.0,0.72,18.0,0.72,True,18.0,0.72
108,64,1.1952119337885776,0.43257894194385205,0.7623596900435217,4.0,0.9999999999999999,0.27794714401392623,True,21,27,26,False,-5,-9.0,25,23,25,25,1.0,27.0,1.08,True,27.0,1.08
109,64,1.7573042716856784,0.5748093033366926,1.3518858899019197,4.0,1.0,0.42778896515634507,True,21,43,44,False,-23,-27.0,39,35,39,39,1.0,39.0,1.0,True,39.0,1.0
110,64,2.483695110925773,0.0065934136407106,0.006637175282755709,1.0,0.9999999999999999,0.003884171204287713,True,21,63,41,False,-20,-21.0,54,31,54,54,1.0,32.0,0.5925925925925926,True,32.0,0.5925925925925926
111,64,1.9300529501732528,0.19348501090074144,0.23990256041841407,2.0,1.0,0.1322102197010917,True,21,48,43,False,-22,-24.0,42,35,42,42,1.0,37.0,0.8809523809523809,True,37.0,0.8809523809523809
112,64,1.0819749703003918,0.017234854987920586,0.017537104439849408,0.25,1.0,0.011194867202394565,True,21,23,17,True,4,3.75,23,15,15,15.25,0.6630434782608695,15.25,0.6630434782608695,True,15.25,0.6630434782608695
113,64,1.3070262251569416,0.006295712580390085,0.006335599695094809,2.0,1.0,0.0034334136110730396,True,21,30,19,True,2,0.0,27,16,16,18.0,0.6666666666666666,18.0,0.6666666666666666,True,18.0,0.6666666666666666
114,64,1.181054854361843,0.04465610124913375,0.046743482956789296,0.25,1.0,0.02341119344932801,True,21,26,21,False,0,-0.25,25,18,25,25,1.0,18.25,0.73,True,18.25,0.73
115,64,1.6130245398595293,0.01795207305493456,0.01828024128188886,2.0,0.9999999999999999,0.010246092111845557,True,21,39,28,False,-7,-9.0,35,22,35,35,1.0,24.0,0.6857142857142857,True,24.0,0.6857142857142857
116,64,1.1202114032616826,0.3998883620727351,0.6663566190016176,2.0,1.0,0.2565547232089301,True,21,25,24,False,-3,-5.0,23,21,23,23,1.0,23.0,1.0,True,23.0,1.0
117,64,2.151624857977553,0.18269560890378325,0.22353435377820635,1.0,1.0,0.1097365821557687,True,21,54,48,False,-27,-28.0,47,39,47,47,1.0,40.0,0.851063829787234,True,40.0,0.851063829787234
118,64,2.981343113009155,0.007259212269572572,0.007312293762169633,4.0,0.9999999999999999,0.004350509632394686,True,21,77,50,False,-29,-33.0,66,38,66,66,1.0,42.0,0.6363636363636364,True,42.0,0.6363636363636364
119,64,1.031602833801057,0.003916132525515318,0.003931528913769535,4.0,0.9999999999999999,0.002009218848440124,True,21,22,13,True,8,4.0,22,12,12,16.0,0.7272727272727273,16.0,0.7272727272727273,True,16.0,0.7272727272727273
120,64,1.9552907017626364,0.4119847678018963,0.7006362169595934,0.5,0.9999999999999999,0.2901244230793198,True,21,48,47,False,-26,-26.5,42,37,42,42,1.0,37.5,0.8928571428571429,True,37.5,0.8928571428571429
121,64,1.3527874278189802,0.23205552489074227,0.3021774782059954,1.0,1.0,0.1343070443822295,True,21,31,29,False,-8,-9.0,29,25,29,29,1.0,26.0,0.896551724137931,True,26.0,0.896551724137931
122,64,1.2174894916414343,0.0014280416551971595,0.001430083874540429,2.0,0.9999999999999999,0.0009467134997286468,True,21,27,15,True,6,4.0,25,12,12,14.0,0.56,14.0,0.56,True,14.0,0.56
123,64,1.1924545486829357,0.00245662591871989,0.002462675791899675,0.5,1.0,0.0015852156385477028,True,21,27,15,True,6,5.5,24,13,13,13.5,0.5625,13.5,0.5625,True,13.5,0.5625
124,64,1.7375306585698125,0.011133253709470815,0.011258598543468326,1.0,1.0,0.00611711235901754,True,21,42,29,False,-8,-9.0,38,23,38,38,1.0,24.0,0.631578947368421,True,24.0,0.631578947368421
125,64,2.68913989090721,0.08081223675433456,0.08791700671578283,0.5,1.0,0.05108632236624758,True,21,69,57,False,-36,-36.5,60,44,60,60,1.0,44.5,0.7416666666666667,True,44.5,0.7416666666666667
126,64,1.0422760269122477,0.748841113580058,2.9815433738147044,1.0,0.9999999999999999,0.6400288425964277,True,21,22,24,False,-3,-4.0,22,21,22,22,1.0,22.0,1.0,True,22.0,1.0
127,64,2.7133363121599254,0.2611126425767805,0.353386263756602,2.0,1.0,0.19410806041299836,True,21,70,65,False,-44,-46.0,60,51,60,60,1.0,53.0,0.8833333333333333,True,53.0,0.8833333333333333
128,64,1.870727130406659,0.013946960837293198,0.01414422985718503,2.0,1.0,0.007247478050547743,True,21,46,32,False,-11,-13.0,42,26,42,42,1.0,28.0,0.6666666666666666,True,28.0,0.6666666666666666
129,64,2.76501482470681,0.005438468258837659,0.005468206928651889,1.0,0.9999999999999999,0.004032161927999641,True,21,71,45,False,-24,-25.0,62,35,62,62,1.0,36.0,0.5806451612903226,True,36.0,0.5806451612903226
130,64,1.2599641014480316,0.07062814242558763,0.07599556824318045,0.25,0.9999999999999999,0.041842754614880705,True,21,29,23,False,-2,-2.25,26,20,26,26,1.0,20.25,0.7788461538461539,True,20.25,0.7788461538461539
131,64,1.2851468982766696,0.029736931346125463,0.03064831828277453,2.0,1.0,0.020617905757801605,True,21,29,22,False,-1,-3.0,27,19,27,27,1.0,21.0,0.7777777777777778,True,21.0,0.7777777777777778
132,64,2.409799874304809,0.36021085915842616,0.5630149625306354,2.0,1.0,0.21643680164378876,True,21,61,59,False,-38,-40.0,55,50,55,55,1.0,52.0,0.9454545454545454,True,52.0,0.9454545454545454
133,64,1.8330152722287179,0.0030064779331248413,0.0030155440999176083,0.25,0.9999999999999999,0.0016784638649004987,True,21,45,26,False,-5,-5.25,40,21,40,40,1.0,21.25,0.53125,True,21.25,0.53125
134,64,2.366388796882634,0.0032330746743852875,0.003243561350442217,2.0,0.9999999999999999,0.0018740474823096339,True,21,60,35,False,-14,-16.0,51,27,51,51,1.0,29.0,0.5686274509803921,True,29.0,0.5686274509803921
135,64,2.1408476285756373,0.03944570476879323,0.04106556491874162,0.5,1.0,0.02052802106933598,True,21,54,41,False,-20,-20.5,45,31,45,45,1.0,31.5,0.7,True,31.5,0.7
136,64,2.3718753497607308,0.003749751764817075,0.0037638653254637665,1.0,1.0,0.0018580523039070818,True,21,60,36,False,-15,-16.0,52,26,52,52,1.0,27.0,0.5192307692307693,True,27.0,0.5192307692307693
137,64,1.640099960597394,0.008911983040884868,0.008992120667777694,0.25,1.0,0.005958215697444283,True,21,39,26,False,-5,-5.25,35,22,35,35,1.0,22.25,0.6357142857142857,True,22.25,0.6357142857142857
138,64,1.6823120912778606,0.017041244906643698,0.01733668357735438,0.25,1.0,0.00974465084014636,True,21,41,29,False,-8,-8.25,37,23,37,37,1.0,23.25,0.6283783783783784,True,23.25,0.6283783783783784
139,64,1.0723623585910858,0.013617609759146774,0.013805609157135953,2.0,0.9999999999999999,0.008900548447750711,True,21,23,16,True,5,3.0,22,15,15,17.0,0.7727272727272727,17.0,0.7727272727272727,True,17.0,0.7727272727272727
140,64,2.263498607943812,0.06973960530564031,0.07496783234392507,0.25,0.9999999999999999,0.04339071223483841,True,21,57,47,False,-26,-26.25,50,38,50,50,1.0,38.25,0.765,True,38.25,0.765
141,64,1.6525439884926918,0.006852113000110363,0.006899388388983326,2.0,1.0000000000000002,0.004051442387029289,True,21,40,26,False,-5,-7.0,35,21,35,35,1.0,23.0,0.6571428571428571,True,23.0,0.6571428571428571
142,64,2.193631097062553,0.10298202991428126,0.11480486829538135,1.0,1.0,0.07513013918084524,True,21,55,47,False,-26,-27.0,48,38,48,48,1.0,39.0,0.8125,True,39.0,0.8125
143,64,2.3425046962272864,0.07276979031660279,0.07848082337767019,1.0,1.0,0.03640007575600063,True,21,59,49,False,-28,-29.0,52,39,52,52,1.0,40.0,0.7692307692307693,True,40.0,0.7692307692307693
144,64,2.8910831913529456,0.06603717755322358,0.07070643066950005,0.5,1.0,0.041245830729267484,True,21,75,61,False,-40,-40.5,66,51,66,66,1.0,51.5,0.7803030303030303,True,51.5,0.7803030303030303
145,64,1.0461577155297699,0.03406336638476575,0.03526459728240761,1.0,0.9999999999999999,0.02084344154762456,True,21,22,17,True,4,3.0,22,16,16,17.0,0.7727272727272727,17.0,0.7727272727272727,True,17.0,0.7727272727272727
146,64,1.049034252391183,0.011046091904316616,0.011169470906472096,0.25,1.0,0.006154766920892109,True,21,22,15,True,6,5.75,22,14,14,14.25,0.6477272727272727,14.25,0.6477272727272727,True,14.25,0.6477272727272727
147,64,1.3896048466677475,0.002273366406741022,0.002278546377531905,4.0,1.0,0.0012789194244953502,True,21,32,18,False,3,-1.0,29,15,29,29,1.0,19.0,0.6551724137931034,True,19.0,0.6551724137931034
148,64,1.1716923327404016,0.06016799827099114,0.0640199505446719,0.5,1.0,0.03755548005682039,True,21,26,21,False,0,-0.5,24,18,24,24,1.0,18.5,0.7708333333333334,True,18.5,0.7708333333333334
149,64,2.3292515056815692,0.018272440632675708,0.018612537112079656,4.0,0.9999999999999999,0.011502001206922078,True,21,59,42,False,-21,-25.0,50,32,50,50,1.0,36.0,0.72,True,36.0,0.72
150,64,1.0045075398544816,0.02473900945882021,0.02536655284970677,2.0,1.0,0.013500779022149679,True,21,21,16,True,5,3.0,21,15,15,17.0,0.8095238095238095,17.0,0.8095238095238095,True,17.0,0.8095238095238095
151,64,1.1457273706239515,0.0015779074242862593,0.001580401150995766,1.0,0.9999999999999999,0.0010332462708949625,True,21,25,14,True,7,6.0,24,12,12,13.0,0.5416666666666666,13.0,0.5416666666666666,True,13.0,0.5416666666666666
152,64,1.4429380253343975,0.004602734267050735,0.0046240173903447125,1.0,1.0,0.0031629722827974122,True,21,34,21,False,0,-1.0,30,16,30,30,1.0,17.0,0.5666666666666667,True,17.0,0.5666666666666667
153,64,2.5869822620396636,0.03886788243385252,0.04043968745137428,4.0,1.0,0.022275367436757464,True,21,66,51,False,-30,-34.0,59,40,59,59,1.0,44.0,0.7457627118644068,True,44.0,0.7457627118644068
154,64,1.4249376460910768,0.0015265634152319216,0.001528897374028758,2.0,0.9999999999999999,0.0009657083675785093,True,21,33,18,True,3,1.0,31,15,15,17.0,0.5483870967741935,17.0,0.5483870967741935,True,17.0,0.5483870967741935
155,64,2.0465674934505853,0.20112590441057884,0.25176170503085993,4.0,0.9999999999999999,0.1334746598740734,True,21,51,46,False,-25,-29.0,45,38,45,45,1.0,42.0,0.9333333333333333,True,42.0,0.9333333333333333
156,64,1.4057511747681937,0.001715513672013505,0.0017184617165831352,2.0,1.0,0.0011779665880893332,True,21,33,18,True,3,1.0,29,15,15,17.0,0.5862068965517241,17.0,0.5862068965517241,True,17.0,0.5862068965517241
157,64,1.1445433847458029,0.03987679961940195,0.04153300285171171,2.0,0.9999999999999999,0.022053428335725617,True,21,25,20,False,1,-1.0,24,17,24,24,1.0,19.0,0.7916666666666666,True,19.0,0.7916666666666666
158,64,2.8041368875139723,0.006845298228116635,0.0068924793044869695,4.0,1.0,0.004206211182206133,True,21,72,47,False,-26,-30.0,62,35,62,62,1.0,39.0,0.6290322580645161,True,39.0,0.6290322580645161
159,64,1.1076510639256734,0.10602859630094133,0.11860401335234899,0.25,0.9999999999999999,0.07533045210784656,True,21,24,21,False,0,-0.25,23,19,23,23,1.0,19.25,0.8369565217391305,True,19.25,0.8369565217391305
160,64,2.6352441455865137,0.00549365032563385,0.00552399723484184,4.0,1.0,0.002929841157936361,True,21,68,42,False,-21,-25.0,56,29,56,56,1.0,33.0,0.5892857142857143,True,33.0,0.5892857142857143
161,64,1.257749580072345,0.005747025702501059,0.0057802449186150915,2.0,0.9999999999999999,0.0031907592541539787,True,21,28,18,True,3,1.0,26,15,15,17.0,0.6538461538461539,17.0,0.6538461538461539,True,17.0,0.6538461538461539
162,64,1.107166856011128,0.0020290709121163863,0.002033196411814218,4.0,1.0,0.0010590697328198304,True,21,24,14,True,7,3.0,23,12,12,16.0,0.6956521739130435,16.0,0.6956521739130435,True,16.0,0.6956521739130435
163,64,1.0171529545082503,0.0019385005010847077,0.0019422655838923226,0.25,1.0,0.00108251292643576,True,21,22,12,True,9,8.75,21,11,11,11.25,0.5357142857142857,11.25,0.5357142857142857,True,11.25,0.5357142857142857
164,64,1.4091957712885386,0.07636306670696462,0.08267649760897713,4.0,1.0,0.04809255389236116,True,21,33,27,False,-6,-10.0,29,23,29,29,1.0,27.0,0.9310344827586207,True,27.0,0.9310344827586207
165,64,1.2255025336135068,0.00472665203659752,0.00474909937683906,4.0,1.0,0.002554024931696064,True,21,28,17,True,4,0.0,25,15,15,19.0,0.76,19.0,0.76,True,19.0,0.76
166,64,2.060291566083005,0.010269622842066084,0.010376182321043717,0.25,0.9999999999999998,0.005855586146085161,True,21,51,35,False,-14,-14.25,44,26,44,44,1.0,26.25,0.5965909090909091,True,26.25,0.5965909090909091
167,64,1.1350157977059492,0.12465027137400525,0.14240053694843127,1.0,0.9999999999999998,0.08293488205217242,True,21,25,21,False,0,-1.0,24,20,24,24,1.0,21.0,0.875,True,21.0,0.875
168,64,1.5863471257034745,0.014303465685438943,0.014511023613758937,2.0,1.0000000000000002,0.0075970977332370905,True,21,38,26,False,-5,-7.0,34,22,34,34,1.0,24.0,0.7058823529411765,True,24.0,0.7058823529411765
169,64,1.23776408649744,0.001428233617548461,0.0014302763863658545,0.5,0.9999999999999998,0.000875058659406931,True,21,28,15,True,6,5.5,26,13,13,13.5,0.5192307692307693,13.5,0.5192307692307693,True,13.5,0.5192307692307693
170,64,1.3275600909789145,0.0011546101946568162,0.0011559448603770687,0.5,1.0,0.000607665868191032,True,21,30,16,True,5,4.5,28,13,13,13.5,0.48214285714285715,13.5,0.48214285714285715,True,13.5,0.48214285714285715
171,64,1.1287825764469661,0.021713698329327093,0.022195647932763064,0.5,1.0,0.012199288796127366,True,21,25,18,True,3,2.5,23,16,16,16.5,0.717391304347826,16.5,0.717391304347826,True,16.5,0.717391304347826
172,64,2.2473819727573696,0.006313705237027367,0.006353821392427875,0.25,1.0,0.00401333595606979,True,21,57,36,False,-15,-15.25,51,30,51,51,1.0,30.25,0.5931372549019608,True,30.25,0.5931372549019608
173,64,2.3614541530589785,0.0014614626302258899,0.001463601629312668,0.25,1.0,0.000996816636934373,True,21,60,32,False,-11,-11.25,54,24,54,54,1.0,24.25,0.44907407407407407,True,24.25,0.44907407407407407
174,64,1.847274812690532,0.009683265612890787,0.009777948081311178,2.0,0.9999999999999999,0.006632644513214194,True,21,45,30,False,-9,-11.0,39,23,39,39,1.0,25.0,0.6410256410256411,True,25.0,0.6410256410256411
175,64,2.928630977147577,0.046520257866553893,0.04878998033294667,4.0,1.0,0.02398111016897266,True,21,76,59,False,-38,-42.0,66,46,66,66,1.0,50.0,0.7575757575757576,True,50.0,0.7575757575757576
176,64,1.3845689033378257,0.07425938819512283,0.08021619365962832,4.0,0.9999999999999999,0.04590415355671478,True,21,32,26,False,-5,-9.0,29,23,29,29,1.0,27.0,0.9310344827586207,True,27.0,0.9310344827586207
177,64,1.9467161543560834,0.0027975940637436922,0.002805442553176633,2.0,1.0,0.0017150915780926215,True,21,48,28,False,-7,-9.0,44,22,44,44,1.0,24.0,0.5454545454545454,True,24.0,0.5454545454545454
178,64,2.7872709823248525,0.008778688032891356,0.008856435920924445,1.0,0.9999999999999999,0.004568460983479269,True,21,72,48,False,-27,-28.0,57,32,57,57,1.0,33.0,0.5789473684210527,True,33.0,0.5789473684210527
179,64,1.4195326737924585,0.0014479309553430035,0.0014500304993892608,0.25,1.0,0.0008608242143176564,True,21,33,18,True,3,2.75,31,14,14,14.25,0.4596774193548387,14.25,0.4596774193548387,True,14.25,0.4596774193548387
180,64,2.260027618294115,0.0014007430731391012,0.0014027079065228004,0.5,1.0,0.00068119212551429,True,21,57,30,False,-9,-9.5,50,23,50,50,1.0,23.5,0.47,True,23.5,0.47
181,64,1.7693785479638224,0.16750083778968522,0.2012024100360228,0.5,0.9999999999999999,0.09692001401602549,True,21,43,38,False,-17,-17.5,39,31,39,39,1.0,31.5,0.8076923076923077,True,31.5,0.8076923076923077
182,64,1.3249596187995973,0.003849746980726622,0.0038646248084144566,0.5,1.0,0.002098463898654155,True,21,30,18,True,3,2.5,28,15,15,15.5,0.5535714285714286,15.5,0.5535714285714286,True,15.5,0.5535714285714286
183,64,1.6747335560510304,0.0010452728965864165,0.0010463666352701568,1.0,0.9999999999999999,0.0005140585457830367,True,21,40,21,False,0,-1.0,37,16,37,37,1.0,17.0,0.4594594594594595,True,17.0,0.4594594594594595
184,64,1.251255710735703,0.06880843297627405,0.07389288671953885,1.0,1.0,0.04070116182193886,True,21,28,23,False,-2,-3.0,26,20,26,26,1.0,21.0,0.8076923076923077,True,21.0,0.8076923076923077
185,64,2.606087776424022,0.0015593603653251426,0.0015617957677440952,4.0,1.0,0.0007390515296492878,True,21,67,36,False,-15,-19.0,57,26,57,57,1.0,30.0,0.5263157894736842,True,30.0,0.5263157894736842
186,64,1.6650109448347774,0.0016459972493509884,0.0016487110231600845,0.25,0.9999999999999998,0.001055884247872255,True,21,40,22,False,-1,-1.25,36,17,36,36,1.0,17.25,0.4791666666666667,True,17.25,0.4791666666666667
187,64,1.3992360223579487,0.45803392328017606,0.8451339354159657,2.0,1.0,0.3258870874492391,True,21,33,32,False,-11,-13.0,30,26,30,30,1.0,28.0,0.9333333333333333,True,28.0,0.9333333333333333
188,64,1.0608490287125996,0.030949847646948456,0.03193833422531941,1.0,1.0,0.01916904745065128,True,21,23,17,True,4,3.0,22,16,16,17.0,0.7727272727272727,17.0,0.7727272727272727,True,17.0,0.7727272727272727
189,64,2.8201909080609973,0.08844245988907593,0.09702345271403678,0.5,1.0,0.04907026790107535,True,21,73,61,False,-40,-40.5,64,50,64,64,1.0,50.5,0.7890625,True,50.5,0.7890625
190,64,1.6028259578914663,0.5726804967668939,1.3401693403506845,0.25,1.0,0.4242956006025809,True,21,38,39,False,-18,-18.25,34,32,34,34,1.0,32.25,0.9485294117647058,True,32.25,0.9485294117647058
191,64,2.457766104480895,0.016352315576255584,0.016624159071584,4.0,1.0,0.011609689866130755,True,21,63,44,False,-23,-27.0,53,32,53,53,1.0,36.0,0.6792452830188679,True,36.0,0.6792452830188679
192,64,2.4387775658153097,0.3037457289354672,0.4362568986055302,4.0,1.0,0.24959533592177083,True,21,62,58,False,-37,-41.0,53,44,53,53,1.0,48.0,0.9056603773584906,True,48.0,0.9056603773584906
193,64,1.0104389353232095,0.017324831715410886,0.01763027323225644,0.25,1.0000000000000002,0.009822444217502372,True,21,21,15,True,6,5.75,21,14,14,14.25,0.6785714285714286,14.25,0.6785714285714286,True,14.25,0.6785714285714286
194,64,2.23914204493471,0.15563358489414683,0.18431996122753885,4.0,1.0,0.08723996369853161,True,21,56,50,False,-29,-33.0,49,39,49,49,1.0,43.0,0.8775510204081632,True,43.0,0.8775510204081632
195,64,1.67303953808132,0.0018743948193338036,0.0018779147730555695,2.0,0.9999999999999999,0.0011367947148326338,True,21,40,22,False,-1,-3.0,37,17,37,37,1.0,19.0,0.5135135135135135,True,19.0,0.5135135135135135
196,64,2.582041547496759,0.07960361985501213,0.08648841039821599,1.0,1.0,0.05618970826515382,True,21,66,55,False,-34,-35.0,54,40,54,54,1.0,41.0,0.7592592592592593,True,41.0,0.7592592592592593
197,64,1.6159232862913013,0.1299639612209635,0.1493776756688702,0.5,1.0,0.08255261303880841,True,21,39,33,False,-12,-12.5,34,27,34,34,1.0,27.5,0.8088235294117647,True,27.5,0.8088235294117647
198,64,1.82087648431909,0.6101096782706068,1.564823860116381,4.0,0.9999999999999999,0.4520564566808955,True,21,45,46,False,-25,-29.0,40,39,40,40,1.0,43.0,1.075,True,43.0,1.075
199,64,1.9736642092723953,0.003972299807300881,0.003988141902612116,0.5,1.0,0.002376373319634779,True,21,49,30,False,-9,-9.5,43,23,43,43,1.0,23.5,0.5465116279069767,True,23.5,0.5465116279069767
200,64,2.391401141465209,0.015068694408309071,0.015299233888455452,1.0,1.0,0.009947771761872124,True,21,61,43,False,-22,-23.0,53,34,53,53,1.0,35.0,0.660377358490566,True,35.0,0.660377358490566
201,64,1.9640037375004409,0.003368586418736687,0.0033799721470068027,4.0,1.0,0.0019415833421009433,True,21,49,29,False,-8,-12.0,44,23,44,44,1.0,27.0,0.6136363636363636,True,27.0,0.6136363636363636
202,64,2.0873915694283274,0.04205203709286821,0.04389803905971137,0.5,1.0,0.02289577921120431,True,21,52,40,False,-19,-19.5,45,31,45,45,1.0,31.5,0.7,True,31.5,0.7
203,64,1.5921620180854312,0.05925502417834372,0.06298734056654384,0.25,1.0,0.036722185447865624,True,21,38,31,False,-10,-10.25,34,26,34,34,1.0,26.25,0.7720588235294118,True,26.25,0.7720588235294118
204,64,1.4548123795714754,0.24990575323782024,0.3331658045859587,1.0,0.9999999999999999,0.1611705285301111,True,21,34,31,False,-10,-11.0,30,26,30,30,1.0,27.0,0.9,True,27.0,0.9
205,64,1.2528194145070273,0.0025173233022190737,0.0025236762111526642,0.5,1.0,0.0013978211506611145,True,21,28,16,True,5,4.5,26,14,14,14.5,0.5576923076923077,14.5,0.5576923076923077,True,14.5,0.5576923076923077
206,64,1.140472200616222,0.4067305170313171,0.6855746481279693,0.5,1.0,0.2880312794845127,True,21,25,24,False,-3,-3.5,24,22,24,24,1.0,22.5,0.9375,True,22.5,0.9375
207,64,1.3594090176726448,0.007214131898033701,0.007266553775413689,0.5,1.0,0.003940886353555393,True,21,31,20,True,1,0.5,29,17,17,17.5,0.603448275862069,17.5,0.603448275862069,True,17.5,0.603448275862069
208,64,2.6103212637108033,0.04696571935383275,0.04928019936700441,4.0,1.0,0.029826424583200496,True,21,67,52,False,-31,-35.0,60,42,60,60,1.0,46.0,0.7666666666666667,True,46.0,0.7666666666666667
209,64,1.3189234066151332,0.1709159900469902,0.20615038765091762,1.0,1.0,0.11544236006909227,True,21,30,27,False,-6,-7.0,28,24,28,28,1.0,25.0,0.8928571428571429,True,25.0,0.8928571428571429
210,64,1.919455322699216,0.001033265911192916,0.001034334653931589,1.0,1.0,0.0005694556921011057,True,21,47,24,False,-3,-4.0,41,18,41,41,1.0,19.0,0.4634146341463415,True,19.0,0.4634146341463415
211,64,1.1656943297533402,0.022992150234302386,0.023533229789112008,2.0,0.9999999999999999,0.015146550401590358,True,21,26,19,True,2,0.0,25,17,17,19.0,0.76,19.0,0.76,True,19.0,0.76
212,64,2.0715788219035933,0.5164150324879974,1.0678889278649462,4.0,0.9999999999999999,0.397654619423763,True,21,52,52,False,-31,-35.0,45,42,45,45,1.0,46.0,1.0222222222222221,True,46.0,1.0222222222222221
213,64,1.271740045214842,0.08402517343702885,0.09173305968715104,0.25,1.0,0.04843128020283774,True,21,29,24,False,-3,-3.25,27,21,27,27,1.0,21.25,0.7870370370370371,True,21.25,0.7870370370370371
214,64,2.6736068241249655,0.006734099751635698,0.006779755300118376,1.0,1.0,0.003971639296586598,True,21,69,44,False,-23,-24.0,58,32,58,58,1.0,33.0,0.5689655172413793,True,33.0,0.5689655172413793
215,64,1.1034213106801474,0.002899704125081222,0.002908136861534916,0.5,0.9999999999999999,0.0017560825915051471,True,21,24,14,True,7,6.5,23,13,13,13.5,0.5869565217391305,13.5,0.5869565217391305,True,13.5,0.5869565217391305
216,64,1.2283472683036398,0.017719364588251883,0.01803900428193248,4.0,0.9999999999999999,0.009688705165180094,True,21,28,20,False,1,-3.0,25,17,25,25,1.0,21.0,0.84,True,21.0,0.84
217,64,1.0099165408154698,0.007323364081625153,0.007377391404855563,2.0,1.0,0.004583361967657763,True,21,21,14,True,7,5.0,21,13,13,15.0,0.7142857142857143,15.0,0.7142857142857143,True,15.0,0.7142857142857143
218,64,1.6954336873247524,0.01474447803479535,0.014965131081311584,0.5,1.0,0.009894886705207042,True,21,41,29,False,-8,-8.5,37,24,37,37,1.0,24.5,0.6621621621621622,True,24.5,0.6621621621621622
219,64,2.5359367624335567,0.03538116663528143,0.03667890923492259,0.25,1.0,0.020212228412070453,True,21,65,49,False,-28,-28.25,56,37,56,56,1.0,37.25,0.6651785714285714,True,37.25,0.6651785714285714
220,64,2.260555842173035,0.00410960953393968,0.004126568117618296,1.0,1.0,0.001939485652578106,True,21,57,35,False,-14,-15.0,50,27,50,50,1.0,28.0,0.56,True,28.0,0.56
221,64,1.4045871939777408,0.0058688075256052895,0.005903453759455847,1.0,1.0,0.003476406371660052,True,21,33,21,False,0,-1.0,30,17,30,30,1.0,18.0,0.6,True,18.0,0.6
222,64,2.489597475799585,0.01278208398209037,0.012947581050442043,0.25,1.0,0.006933047497025648,True,21,64,44,False,-23,-23.25,55,34,55,55,1.0,34.25,0.6227272727272727,True,34.25,0.6227272727272727
223,64,1.035992661193465,0.05620226328070176,0.059549054944827956,4.0,1.0,0.02692717059877506,True,21,22,18,False,3,-1.0,22,16,22,22,1.0,20.0,0.9090909090909091,True,20.0,0.9090909090909091
224,64,1.7131095462568335,0.004180747983257595,0.004198300017589242,1.0,1.0,0.0020762511915549927,True,21,42,25,False,-4,-5.0,38,20,38,38,1.0,21.0,0.5526315789473685,True,21.0,0.5526315789473685
225,64,1.6296260223292482,0.1676149831039777,0.20136713143758497,1.0,1.0,0.09143460313306143,True,21,39,35,False,-14,-15.0,35,29,35,35,1.0,30.0,0.8571428571428571,True,30.0,0.8571428571428571
226,64,1.104917830825612,0.07513154574287302,0.08123484523344479,2.0,1.0,0.052159014469280104,True,21,24,20,False,1,-1.0,22,18,22,22,1.0,20.0,0.9090909090909091,True,20.0,0.9090909090909091
227,64,1.286896835587806,0.020658780276410174,0.021094568328535103,2.0,0.9999999999999999,0.01055524023083015,True,21,29,21,False,0,-2.0,27,18,27,27,1.0,20.0,0.7407407407407407,True,20.0,0.7407407407407407
228,64,1.8611024723502665,0.015634361843066977,0.01588267736807617,4.0,0.9999999999999999,0.00870583613200395,True,21,46,32,False,-11,-15.0,40,25,40,40,1.0,29.0,0.725,True,29.0,0.725
229,64,1.6841985693212407,0.020360768397923848,0.020783945498616247,2.0,0.9999999999999999,0.013500318850882844,True,21,41,29,False,-8,-10.0,36,23,36,36,1.0,25.0,0.6944444444444444,True,25.0,0.6944444444444444
230,64,1.232934280006197,0.042561921666635034,0.044453967969107284,0.5,0.9999999999999999,0.0224994033387205,True,21,28,22,False,-1,-1.5,25,18,25,25,1.0,18.5,0.74,True,18.5,0.74
231,64,2.9905972615403296,0.003927446792285371,0.003942932449687093,0.25,1.0,0.002532780359759603,True,21,78,47,False,-26,-26.25,68,36,68,68,1.0,36.25,0.5330882352941176,True,36.25,0.5330882352941176
232,64,2.2162245859882446,0.12292220481975741,0.14014971704362492,2.0,1.0000000000000002,0.0770485784077694,True,21,56,48,False,-27,-29.0,49,39,49,49,1.0,41.0,0.8367346938775511,True,41.0,0.8367346938775511
233,64,1.06911555245302,0.42445217655085377,0.7374750789729242,0.5,0.9999999999999999,0.2820879876408855,True,21,23,23,False,-2,-2.5,22,20,22,22,1.0,20.5,0.9318181818181818,True,20.5,0.9318181818181818
234,64,1.2125194397887142,0.002669429576281588,0.0026765745034241497,1.0,1.0,0.0016915703576283472,True,21,27,16,True,5,4.0,25,13,13,14.0,0.56,14.0,0.56,True,14.0,0.56
235,64,1.0732055114682564,0.13436573248491554,0.15522228905127547,0.25,0.9999999999999999,0.06637488551498189,True,21,23,20,True,1,0.75,22,18,18,18.25,0.8295454545454546,18.25,0.8295454545454546,True,18.25,0.8295454545454546
236,64,1.7167075645031613,0.02620844623351249,0.02691381552052073,2.0,1.0,0.013269925892579264,True,21,42,31,False,-10,-12.0,37,24,37,37,1.0,26.0,0.7027027027027027,True,26.0,0.7027027027027027
237,64,1.5559327069124531,0.021096983723543326,0.021551658716705013,0.25,1.0,0.012115688709451912,True,21,37,27,False,-6,-6.25,33,22,33,33,1.0,22.25,0.6742424242424242,True,22.25,0.6742424242424242
238,64,1.2321278729116718,0.09468517949976203,0.10458812487731405,1.0,1.0,0.05089375320475891,True,21,28,23,False,-2,-3.0,25,19,25,25,1.0,20.0,0.8,True,20.0,0.8
239,64,1.873735788666483,0.001433597107121177,0.0014356552583463657,4.0,1.0,0.0007897484633734016,True,21,46,24,False,-3,-7.0,41,19,41,41,1.0,23.0,0.5609756097560976,True,23.0,0.5609756097560976
240,64,1.2957067874139983,0.004896161319665315,0.0049202516655532155,0.25,1.0,0.0026685127087344106,True,21,30,18,True,3,2.75,27,15,15,15.25,0.5648148148148148,15.25,0.5648148148148148,True,15.25,0.5648148148148148
241,64,1.6450652013651006,0.011499984588947782,0.011633772796822562,0.5,1.0,0.008015992275497645,True,21,40,27,False,-6,-6.5,35,22,35,35,1.0,22.5,0.6428571428571429,True,22.5,0.6428571428571429
242,64,2.2267380017495473,0.003177903601262865,0.003188034868753228,2.0,0.9999999999999999,0.001831813849714492,True,21,56,33,False,-12,-14.0,49,25,49,49,1.0,27.0,0.5510204081632653,True,27.0,0.5510204081632653
243,64,2.091516188452062,0.004142270569690179,0.004159500345556192,1.0,0.9999999999999999,0.0030467533694713933,True,21,52,32,False,-11,-12.0,44,24,44,44,1.0,25.0,0.5681818181818182,True,25.0,0.5681818181818182
244,64,2.344789116862686,0.0498679042271817,0.05248523278925774,0.25,1.0,0.028253198848027263,True,21,59,47,False,-26,-26.25,53,37,53,53,1.0,37.25,0.7028301886792453,True,37.25,0.7028301886792453
245,64,1.9185771251099368,0.03126903971388656,0.03227835280979488,2.0,0.9999999999999999,0.015288363061071123,True,21,47,36,False,-15,-17.0,41,26,41,41,1.0,28.0,0.6829268292682927,True,28.0,0.6829268292682927
246,64,1.8314699721402952,0.39984068429627645,0.6662242405209337,4.0,1.0,0.26493538958009755,True,21,45,44,False,-23,-27.0,40,34,40,40,1.0,38.0,0.95,True,38.0,0.95
247,64,2.2546486555053304,0.2009396967828178,0.2514700029194205,0.5,1.0,0.12057480499146486,True,21,57,51,False,-30,-30.5,50,40,50,50,1.0,40.5,0.81,True,40.5,0.81
248,64,2.029131849075733,0.001442712399409039,0.0014447968257041092,0.25,0.9999999999999999,0.0006533802004884034,True,21,50,27,False,-6,-6.25,46,20,46,46,1.0,20.25,0.44021739130434784,True,20.25,0.44021739130434784
249,64,1.1060360390013968,0.009439071514561467,0.009529016583557105,4.0,1.0,0.00495619890292519,True,21,24,16,True,5,1.0,23,14,14,18.0,0.782608695652174,18.0,0.782608695652174,True,18.0,0.782608695652174
250,64,1.8354906563090778,0.013277048663878894,0.013455700656299165,0.5,1.0,0.007807963758328899,True,21,45,31,False,-10,-10.5,39,25,39,39,1.0,25.5,0.6538461538461539,True,25.5,0.6538461538461539
251,64,1.1213743269559635,0.1526361631863434,0.1801306080753946,0.25,1.0,0.07966374505195935,True,21,25,22,False,-1,-1.25,23,19,23,23,1.0,19.25,0.8369565217391305,True,19.25,0.8369565217391305
252,64,2.8461396377093107,0.002287979974312177,0.0022932268313789273,4.0,0.9999999999999998,0.0010482545204182146,True,21,74,41,False,-20,-24.0,63,29,63,63,1.0,33.0,0.5238095238095238,True,33.0,0.5238095238095238
253,64,1.596912961408045,0.032895906114810525,0.034014855611515786,4.0,0.9999999999999999,0.018338765559424715,True,21,38,29,False,-8,-12.0,35,24,35,35,1.0,28.0,0.8,True,28.0,0.8
254,64,1.7283702515980808,0.013744619961157572,0.013936167284193935,4.0,1.0,0.007857926200265462,True,21,42,29,False,-8,-12.0,37,22,37,37,1.0,26.0,0.7027027027027027,True,26.0,0.7027027027027027
255,64,1.657259151433922,0.0021797342082118115,0.002184495828496882,1.0,1.0,0.0014003597119619175,True,21,40,22,False,-1,-2.0,36,18,36,36,1.0,19.0,0.5277777777777778,True,19.0,0.5277777777777778
256,64,2.4338978284494024,0.3653549552884473,0.5756839328265799,0.5,0.9999999999999999,0.33731120273236603,True,21,62,60,False,-39,-39.5,56,53,56,56,1.0,53.5,0.9553571428571429,True,53.5,0.9553571428571429
257,64,2.584431146729112,0.006610418451349457,0.0066544068652744535,0.5,1.0,0.003607328474601363,True,21,66,42,False,-21,-21.5,56,32,56,56,1.0,32.5,0.5803571428571429,True,32.5,0.5803571428571429
258,64,1.1105873000188518,0.02453539715019015,0.02515252432380451,0.5,1.0,0.012510488070889973,True,21,24,18,True,3,2.5,23,16,16,16.5,0.717391304347826,16.5,0.717391304347826,True,16.5,0.717391304347826
259,64,2.394289720681546,0.36930088149539914,0.5855420923546211,1.0,1.0,0.2541323388270516,True,21,61,58,False,-37,-38.0,51,46,51,51,1.0,47.0,0.9215686274509803,True,47.0,0.9215686274509803
260,64,2.3608334388986556,0.4545407020306986,0.8333173597423584,1.0,1.0,0.41649592228686244,True,21,60,59,False,-38,-39.0,51,47,51,51,1.0,48.0,0.9411764705882353,True,48.0,0.9411764705882353
261,64,1.1024957738153152,0.14695152265600206,0.17226632079989376,2.0,1.0,0.08715100005286008,True,21,24,21,False,0,-2.0,23,19,23,23,1.0,21.0,0.9130434782608695,True,21.0,0.9130434782608695
262,64,1.034741658146892,0.019901605317623184,0.020305721778141217,4.0,0.9999999999999999,0.012006205375032273,True,21,22,16,True,5,1.0,22,15,15,19.0,0.8636363636363636,19.0,0.8636363636363636,True,19.0,0.8636363636363636
263,64,1.9544765090338887,0.015317745981724641,0.015556029286824489,1.0,0.9999999999999999,0.010437028473031032,True,21,48,34,False,-13,-14.0,41,26,41,41,1.0,27.0,0.6585365853658537,True,27.0,0.6585365853658537
264,64,1.8226533376446936,0.02007751345830357,0.020488879206313895,4.0,1.0,0.012974518694703643,True,21,45,32,False,-11,-15.0,41,28,41,41,1.0,32.0,0.7804878048780488,True,32.0,0.7804878048780488
265,64,2.570300418431867,0.5731791751902298,1.3429034898793657,2.0,0.9999999999999998,0.5167105251337224,True,21,66,67,False,-46,-48.0,58,50,58,58,1.0,52.0,0.896551724137931,True,52.0,0.896551724137931
266,64,1.8338518514398148,0.001196777200275964,0.001198211192111799,0.5,0.9999999999999999,0.0006661795829325204,True,21,45,23,False,-2,-2.5,39,18,39,39,1.0,18.5,0.47435897435897434,True,18.5,0.47435897435897434
267,64,1.2858224632795932,0.003017381467465102,0.00302651361355367,1.0,0.9999999999999999,0.0018497105406176002,True,21,29,17,True,4,3.0,27,14,14,15.0,0.5555555555555556,15.0,0.5555555555555556,True,15.0,0.5555555555555556
268,64,1.1799388760980967,0.06000829592301867,0.06383917609352034,2.0,1.0,0.03522541385001793,True,21,26,21,False,0,-2.0,24,18,24,24,1.0,20.0,0.8333333333333334,True,20.0,0.8333333333333334
269,64,1.1848521590885779,0.024236837905535095,0.0248388531634162,4.0,1.0000000000000002,0.012517705926756731,True,21,26,19,False,2,-2.0,25,17,25,25,1.0,21.0,0.84,True,21.0,0.84
270,64,1.7835688685269604,0.02776151047041933,0.028554218712171935,0.5,0.9999999999999999,0.019605947512344186,True,21,44,32,False,-11,-11.5,37,25,37,37,1.0,25.5,0.6891891891891891,True,25.5,0.6891891891891891
271,64,1.611213003127849,0.0408585722046648,0.04259911105975431,0.25,0.9999999999999999,0.026502736469223815,True,21,39,30,False,-9,-9.25,34,25,34,34,1.0,25.25,0.7426470588235294,True,25.25,0.7426470588235294
272,64,2.2577522178867553,0.10959584933053476,0.12308551038102562,0.25,1.0,0.0678728065848804,True,21,57,48,False,-27,-27.25,48,38,48,48,1.0,38.25,0.796875,True,38.25,0.796875
273,64,1.1595706938663808,0.025765987068467833,0.02644743123978636,1.0,0.9999999999999999,0.015785867594395226,True,21,26,19,True,2,1.0,24,17,17,18.0,0.75,18.0,0.75,True,18.0,0.75
274,64,1.1530734640530296,0.14621451737596067,0.17125439627596198,1.0,1.0,0.10241805837714232,True,21,25,22,False,-1,-2.0,24,20,24,24,1.0,21.0,0.875,True,21.0,0.875
275,64,1.6424364984793303,0.13284278587666232,0.15319342757352394,4.0,1.0,0.08500840281017613,True,21,39,34,False,-13,-17.0,35,29,35,35,1.0,33.0,0.9428571428571428,True,33.0,0.9428571428571428
276,64,1.2131109204678932,0.018218331468791097,0.018556398079877138,0.5,0.9999999999999999,0.011649882775973777,True,21,27,19,True,2,1.5,25,17,17,17.5,0.7,17.5,0.7,True,17.5,0.7
277,64,2.0247062578014656,0.26118312116412723,0.35351536848435855,0.25,0.9999999999999999,0.18862596779489338,True,21,50,47,False,-26,-26.25,43,36,43,43,1.0,36.25,0.8430232558139535,True,36.25,0.8430232558139535
278,64,1.4052250907198016,0.017342342348258533,0.017648407065489678,2.0,1.0000000000000002,0.010129578895846359,True,21,33,23,False,-2,-4.0,30,20,30,30,1.0,22.0,0.7333333333333333,True,22.0,0.7333333333333333
279,64,2.1742007096929954,0.028974320762083904,0.02983888210332773,0.25,0.9999999999999999,0.016200356893470394,True,21,55,41,False,-20,-20.25,49,32,49,49,1.0,32.25,0.6581632653061225,True,32.25,0.6581632653061225
280,64,1.9891626913215785,0.7016095153784758,2.3513133009867624,1.0,1.0,0.9269629028972758,True,21,49,52,False,-31,-32.0,42,42,42,42,1.0,43.0,1.0238095238095237,True,43.0,1.0238095238095237
281,64,2.4048794565367735,0.08743124863891474,0.09580784845910195,2.0,1.0,0.049297035302429494,True,21,61,51,False,-30,-32.0,56,45,56,56,1.0,47.0,0.8392857142857143,True,47.0,0.8392857142857143
282,64,1.2514066191677145,0.015932298186714357,0.016190246013924464,4.0,1.0,0.009158294768755444,True,21,28,20,False,1,-3.0,26,17,26,26,1.0,21.0,0.8076923076923077,True,21.0,0.8076923076923077
283,64,1.3585829125395146,0.005008526138808796,0.005033737745884969,0.25,1.0,0.0029832809891866784,True,21,31,20,True,1,0.75,29,15,15,15.25,0.5258620689655172,15.25,0.5258620689655172,True,15.25,0.5258620689655172
284,64,1.8663935528005553,0.005080435701085765,0.005106378327845803,2.0,1.0,0.003211187853386974,True,21,46,29,False,-8,-10.0,41,22,41,41,1.0,24.0,0.5853658536585366,True,24.0,0.5853658536585366
285,64,1.2184599493958628,0.08675091905795826,0.09499152078912829,4.0,1.0,0.05313776141279701,True,21,27,23,False,-2,-6.0,25,20,25,25,1.0,24.0,0.96,True,24.0,0.96
286,64,2.102878104712431,0.011416549941110106,0.011548392743607049,2.0,1.0,0.006895961028503581,True,21,53,36,False,-15,-17.0,47,30,47,47,1.0,32.0,0.6808510638297872,True,32.0,0.6808510638297872
287,64,1.323105706664905,0.0020442675033183794,0.0020484550934980247,1.0,1.0,0.0013969971316297612,True,21,30,17,True,4,3.0,28,14,14,15.0,0.5357142857142857,15.0,0.5357142857142857,True,15.0,0.5357142857142857
288,64,1.1362696557667442,0.005452002467605516,0.005481889744017038,4.0,1.0,0.0031328976796360275,True,21,25,16,True,5,1.0,23,14,14,18.0,0.782608695652174,18.0,0.782608695652174,True,18.0,0.782608695652174
289,64,2.6628817548182835,0.0021643869679225194,0.002169081700086546,4.0,1.0,0.0014133247789553174,True,21,68,38,False,-17,-21.0,57,28,57,57,1.0,32.0,0.5614035087719298,True,32.0,0.5614035087719298
290,64,1.7607316960603292,0.0033852928186630447,0.003396791954071656,4.0,1.0,0.0015844326348995596,True,21,43,25,False,-4,-8.0,38,20,38,38,1.0,24.0,0.631578947368421,True,24.0,0.631578947368421
291,64,2.2173290892129045,0.045276105106007145,0.047423244927827374,0.5,1.0,0.02686039863439237,True,21,56,44,False,-23,-23.5,49,34,49,49,1.0,34.5,0.7040816326530612,True,34.5,0.7040816326530612
292,64,1.297418940366167,0.001736369470385351,0.0017393896935463278,4.0,1.0000000000000002,0.0010573013146788122,True,21,30,16,True,5,1.0,27,13,13,17.0,0.6296296296296297,17.0,0.6296296296296297,True,17.0,0.6296296296296297
293,64,2.5023448318281405,0.10494569915776157,0.11725065066891312,4.0,0.9999999999999999,0.0587690963927115,True,21,64,54,False,-33,-37.0,55,43,55,55,1.0,47.0,0.8545454545454545,True,47.0,0.8545454545454545
294,64,1.015272937028439,0.28140079942127993,0.3915963157134816,0.25,0.9999999999999999,0.1626925826788073,True,21,21,20,True,1,0.75,21,18,18,18.25,0.8690476190476191,18.25,0.8690476190476191,True,18.25,0.8690476190476191
295,64,2.8089957238136725,0.6641278089038949,1.977323001158688,1.0,1.0,0.6095091756116406,True,21,73,76,False,-55,-56.0,62,57,62,62,1.0,58.0,0.9354838709677419,True,58.0,0.9354838709677419
296,64,1.3045612549256034,0.2522197477701082,0.33729126574014917,2.0,1.0,0.16678402786468716,True,21,30,28,False,-7,-9.0,28,24,28,28,1.0,26.0,0.9285714285714286,True,26.0,0.9285714285714286
297,64,2.8136975881657125,0.003411222548247331,0.003422898817875236,4.0,1.0,0.0023222353344141983,True,21,73,43,False,-22,-26.0,64,34,64,64,1.0,38.0,0.59375,True,38.0,0.59375
298,64,1.4682402003308777,0.004424388958067095,0.004444051168988251,0.25,1.0,0.0029170849910133516,True,21,35,21,False,0,-0.25,30,17,30,30,1.0,17.25,0.575,True,17.25,0.575
299,64,1.01021260335401,0.19639452855297124,0.24439172645169946,4.0,1.0,0.10816103312974129,True,21,21,19,False,2,-2.0,21,18,21,21,1.0,22.0,1.0476190476190477,True,22.0,1.0476190476190477
300,64,1.92994900292108,0.04115264208916381,0.042918866855751005,1.0,0.9999999999999999,0.023740675037536744,True,21,48,37,False,-16,-17.0,43,31,43,43,1.0,32.0,0.7441860465116279,True,32.0,0.7441860465116279
301,64,2.7173452942307685,0.005008522803604356,0.005033734377018943,4.0,0.9999999999999999,0.0029082896969337105,True,21,70,43,False,-22,-26.0,61,34,61,61,1.0,38.0,0.6229508196721312,True,38.0,0.6229508196721312
302,64,1.0960325031759937,0.004639245484108008,0.004660868396769744,2.0,1.0,0.0028808876843108653,True,21,24,15,True,6,4.0,23,13,13,15.0,0.6521739130434783,15.0,0.6521739130434783,True,15.0,0.6521739130434783
303,64,2.5425145637630173,0.0026467447659312146,0.002653768614120631,1.0,1.0000000000000002,0.0016294128219623482,True,21,65,37,False,-16,-17.0,55,28,55,55,1.0,29.0,0.5272727272727272,True,29.0,0.5272727272727272
304,64,1.1768323767668567,0.01460135333908109,0.014817711987487128,2.0,1.0,0.007870377067816228,True,21,26,18,True,3,1.0,25,16,16,18.0,0.72,18.0,0.72,True,18.0,0.72
305,64,1.2559731062329973,0.039559290394853126,0.041188685568228994,0.25,1.0,0.0227163804340984,True,21,28,22,False,-1,-1.25,27,19,27,27,1.0,19.25,0.7129629629629629,True,19.25,0.7129629629629629
306,64,1.8097576221422274,0.32302319343746444,0.4771554805218061,4.0,1.0,0.1849035468483632,True,21,44,42,False,-21,-25.0,38,32,38,38,1.0,36.0,0.9473684210526315,True,36.0,0.9473684210526315
307,64,1.8638017980524402,0.275794794901183,0.3808240992462228,2.0,1.0,0.14694682550250246,True,21,46,43,False,-22,-24.0,40,34,40,40,1.0,36.0,0.9,True,36.0,0.9
308,64,2.4386145381532263,0.00602654614648154,0.0060630856117105825,0.25,1.0,0.0032403134912606575,True,21,62,39,False,-18,-18.25,53,30,53,53,1.0,30.25,0.5707547169811321,True,30.25,0.5707547169811321
309,64,1.0413779102797145,0.0023625764564884294,0.0023681714425836057,1.0,0.9999999999999999,0.0013481002028283779,True,21,22,13,True,8,7.0,22,12,12,13.0,0.5909090909090909,13.0,0.5909090909090909,True,13.0,0.5909090909090909
310,64,1.9132362243999754,0.3606316198460102,0.5640435639922532,4.0,0.9999999999999999,0.24556526772928708,True,21,47,45,False,-24,-28.0,41,36,41,41,1.0,40.0,0.975609756097561,True,40.0,0.975609756097561
311,64,1.3527308204006958,0.0016419446583190685,0.0016446450745139975,0.25,1.0,0.0010218825383498183,True,21,31,17,True,4,3.75,28,14,14,14.25,0.5089285714285714,14.25,0.5089285714285714,True,14.25,0.5089285714285714
312,64,1.6012060601094105,0.001111362602248151,0.0011125991032828345,2.0,0.9999999999999999,0.0006138384988437442,True,21,38,20,False,1,-1.0,34,15,34,34,1.0,17.0,0.5,True,17.0,0.5
313,64,1.3294835232017619,0.1121143232609911,0.12627112498622584,0.25,1.0,0.06740279227395732,True,21,31,26,False,-5,-5.25,28,22,28,28,1.0,22.25,0.7946428571428571,True,22.25,0.7946428571428571
314,64,2.646412397169515,0.22999684844215668,0.29869598322660773,1.0,0.9999999999999999,0.13942768061235294,True,21,68,62,False,-41,-42.0,58,48,58,58,1.0,49.0,0.8448275862068966,True,49.0,0.8448275862068966
315,64,1.0608779876433414,0.0010802819018290789,0.0010814501728785694,4.0,0.9999999999999999,0.0005777325563960791,True,21,23,12,True,9,5.0,22,10,10,14.0,0.6363636363636364,14.0,0.6363636363636364,True,14.0,0.6363636363636364
316,64,1.2994118710715612,0.0022165099582322958,0.002221433788345718,0.5,1.0,0.0012038469388339712,True,21,30,17,True,4,3.5,28,14,14,14.5,0.5178571428571429,14.5,0.5178571428571429,True,14.5,0.5178571428571429
317,64,2.437974899214177,0.045641369678984876,0.04782412840300151,0.25,0.9999999999999999,0.026369428155703454,True,21,62,49,False,-28,-28.25,56,41,56,56,1.0,41.25,0.7366071428571429,True,41.25,0.7366071428571429
318,64,1.4407591463717784,0.03672070392686303,0.038120516112572,4.0,1.0,0.021799751114016504,True,21,34,26,False,-5,-9.0,31,23,31,31,1.0,27.0,0.8709677419354839,True,27.0,0.8709677419354839
319,64,1.4510466098459063,0.010101198013451046,0.010204273399644243,0.5,0.9999999999999999,0.0047337911716889254,True,21,34,23,False,-2,-2.5,31,19,31,31,1.0,19.5,0.6290322580645161,True,19.5,0.6290322580645161
320,64,1.576347676324456,0.0013312542536526547,0.0013330288539847635,1.0,1.0,0.0007509133760386584,True,21,38,20,True,1,0.0,34,16,16,17.0,0.5,17.0,0.5,True,17.0,0.5
321,64,1.7973065642778174,0.6941733472135152,2.2698261936580053,0.25,1.0,0.5292921597785608,True,21,44,46,False,-25,-25.25,39,36,39,39,1.0,36.25,0.9294871794871795,True,36.25,0.9294871794871795
322,64,1.8936549681926853,0.014645943748199405,0.01486363572086086,1.0,1.0,0.010399827568982598,True,21,47,33,False,-12,-13.0,42,27,42,42,1.0,28.0,0.6666666666666666,True,28.0,0.6666666666666666
323,64,1.926588043870659,0.0027489989861816536,0.002756576813046049,1.0,1.0,0.0014771072931407123,True,21,48,27,False,-6,-7.0,43,22,43,43,1.0,23.0,0.5348837209302325,True,23.0,0.5348837209302325
324,64,1.0655216485018553,0.028692753298913985,0.02954034719329548,0.25,1.0,0.016421105699001005,True,21,23,17,True,4,3.75,22,16,16,16.25,0.7386363636363636,16.25,0.7386363636363636,True,16.25,0.7386363636363636
325,64,1.654813126671888,0.04720062980211531,0.04953889693725587,2.0,0.9999999999999999,0.031246134431018067,True,21,40,31,False,-10,-12.0,35,25,35,35,1.0,27.0,0.7714285714285715,True,27.0,0.7714285714285715
326,64,1.5785447350701483,0.012620983843896117,0.012782309161308679,2.0,1.0,0.008378278299797901,True,21,38,26,False,-5,-7.0,34,22,34,34,1.0,24.0,0.7058823529411765,True,24.0,0.7058823529411765
327,64,1.5411471077824805,0.005601392145527213,0.0056329444764739245,1.0,0.9999999999999999,0.003289041415230483,True,21,37,23,False,-2,-3.0,33,19,33,33,1.0,20.0,0.6060606060606061,True,20.0,0.6060606060606061
328,64,2.150337431296347,0.2627795940109979,0.35644644651211405,2.0,1.0,0.14587874406788423,True,21,54,50,False,-29,-31.0,45,38,45,45,1.0,40.0,0.8888888888888888,True,40.0,0.8888888888888888
329,64,1.8818147381605368,0.019687251456980453,0.020082623108023886,2.0,1.0,0.009660488591328962,True,21,46,33,False,-12,-14.0,42,26,42,42,1.0,28.0,0.6666666666666666,True,28.0,0.6666666666666666
330,64,1.7600780746205829,0.004489512065104904,0.00450975868111448,0.5,0.9999999999999999,0.002768042223582581,True,21,43,26,False,-5,-5.5,38,20,38,38,1.0,20.5,0.5394736842105263,True,20.5,0.5394736842105263
331,64,1.836929738904366,0.5126531918724799,1.0519268482380995,0.5,1.0,0.4293251990031072,True,21,45,45,False,-24,-24.5,40,38,40,40,1.0,38.5,0.9625,True,38.5,0.9625
332,64,2.277781972086595,0.0017468534577713738,0.0017499102946203211,0.5,1.0,0.001065087679367074,True,21,58,31,False,-10,-10.5,51,24,51,51,1.0,24.5,0.4803921568627451,True,24.5,0.4803921568627451
333,64,2.5414050054421917,0.2879330934771562,0.4043624143174796,0.25,1.0,0.17108084366240645,True,21,65,61,False,-40,-40.25,59,48,59,59,1.0,48.25,0.8177966101694916,True,48.25,0.8177966101694916
334,64,1.9389451762842953,0.008092388563142483,0.008158409583549834,2.0,1.0,0.0046952821981712245,True,21,48,31,False,-10,-12.0,44,23,44,44,1.0,25.0,0.5681818181818182,True,25.0,0.5681818181818182
335,64,1.8791558816050056,0.2848598346446202,0.39832727686755337,4.0,1.0,0.14926905078584785,True,21,46,43,False,-22,-26.0,42,35,42,42,1.0,39.0,0.9285714285714286,True,39.0,0.9285714285714286
336,64,1.6184215326929445,0.006726838259093132,0.006772395065324249,4.0,1.0,0.0038999765699263005,True,21,39,25,False,-4,-8.0,34,19,34,34,1.0,23.0,0.6764705882352942,True,23.0,0.6764705882352942
337,64,1.1693677369414892,0.36977650571199977,0.5867386872489696,0.5,1.0000000000000002,0.1915768531873067,True,21,26,25,False,-4,-4.5,24,21,24,24,1.0,21.5,0.8958333333333334,True,21.5,0.8958333333333334
338,64,1.215736492834584,0.1181096174066003,0.13392777576196266,0.25,0.9999999999999999,0.07835908373544925,True,21,27,23,False,-2,-2.25,25,20,25,25,1.0,20.25,0.81,True,20.25,0.81
339,64,1.6634933479581928,0.0013398177080499246,0.0013416152278896405,2.0,1.0,0.0008280233060920062,True,21,40,21,False,0,-2.0,35,16,35,35,1.0,18.0,0.5142857142857142,True,18.0,0.5142857142857142
340,64,1.8032209716994363,0.17995618618267661,0.2194470382563784,4.0,0.9999999999999998,0.120476184301297,True,21,44,39,False,-18,-22.0,40,34,40,40,1.0,38.0,0.95,True,38.0,0.95
341,64,1.3289991214229,0.06900810365409023,0.07412320550258612,1.0,1.0,0.043551670396316404,True,21,31,25,False,-4,-5.0,28,21,28,28,1.0,22.0,0.7857142857142857,True,22.0,0.7857142857142857
342,64,2.7908174546456195,0.005639706462051793,0.005671693146541116,4.0,1.0,0.0033027511382071884,True,21,72,45,False,-24,-28.0,62,34,62,62,1.0,38.0,0.6129032258064516,True,38.0,0.6129032258064516
343,64,1.5439472996416639,0.0014319850560843936,0.0014340385778977918,0.5,1.0000000000000002,0.0008539670161208477,True,21,37,20,True,1,0.5,33,16,16,16.5,0.5,16.5,0.5,True,16.5,0.5
344,64,1.051904683111377,0.005653655147873017,0.0056858007042946326,0.5,1.0,0.0035582623112280156,True,21,23,14,True,7,6.5,22,13,13,13.5,0.6136363636363636,13.5,0.6136363636363636,True,13.5,0.6136363636363636
345,64,1.6111553267883485,0.0024449236571703428,0.0024509159595816603,1.0,1.0,0.0015081813092210764,True,21,39,22,False,-1,-2.0,36,19,36,36,1.0,20.0,0.5555555555555556,True,20.0,0.5555555555555556
346,64,1.0645427615713077,0.027805755977978668,0.028601029217108626,4.0,0.9999999999999999,0.015912133884103726,True,21,23,17,True,4,0.0,22,16,16,20.0,0.9090909090909091,20.0,0.9090909090909091,True,20.0,0.9090909090909091
347,64,2.7785441158041646,0.0026376353509097333,0.0026446108700299243,0.25,1.0,0.0015998144075853144,True,21,72,41,False,-20,-20.25,63,31,63,63,1.0,31.25,0.49603174603174605,True,31.25,0.49603174603174605
348,64,1.4692629895000169,0.03314546268125963,0.034281747048711064,4.0,1.0,0.018542902092618725,True,21,35,26,False,-5,-9.0,31,21,31,31,1.0,25.0,0.8064516129032258,True,25.0,0.8064516129032258
349,64,1.0195152457866536,0.0021916856753044925,0.0021964997122596625,2.0,1.0,0.0013224708197476485,True,21,22,12,True,9,7.0,21,11,11,13.0,0.6190476190476191,13.0,0.6190476190476191,True,13.0,0.6190476190476191
350,64,2.584280813621835,0.004221849597246351,0.004239749180616964,1.0,1.0,0.002607253125408087,True,21,66,40,False,-19,-20.0,59,30,59,59,1.0,31.0,0.5254237288135594,True,31.0,0.5254237288135594
351,64,1.912319837738869,0.043656069593962905,0.045648922114691265,0.5,1.0,0.029929904278524506,True,21,47,37,False,-16,-16.5,42,29,42,42,1.0,29.5,0.7023809523809523,True,29.5,0.7023809523809523
352,64,2.1199733867500856,0.004427518330847729,0.004447208427682393,0.5,1.0,0.0026825334833767414,True,21,53,32,False,-11,-11.5,47,26,47,47,1.0,26.5,0.5638297872340425,True,26.5,0.5638297872340425
353,64,1.4076768173164258,0.0406252044297502,0.04234549898259802,0.5,0.9999999999999999,0.025754392913744106,True,21,33,25,False,-4,-4.5,30,22,30,30,1.0,22.5,0.75,True,22.5,0.75
354,64,1.8875846787218973,0.5510274653777343,1.2273077368559537,0.25,0.9999999999999999,0.5209785800870269,True,21,46,47,False,-26,-26.25,42,38,42,42,1.0,38.25,0.9107142857142857,True,38.25,0.9107142857142857
355,64,1.0937560311129064,0.01630994520667925,0.016580370135089013,0.5,0.9999999999999999,0.009921938664739794,True,21,24,17,True,4,3.5,23,15,15,15.5,0.6739130434782609,15.5,0.6739130434782609,True,15.5,0.6739130434782609
356,64,1.1214624817531476,0.011982038629720236,0.012127348993840532,1.0,1.0,0.006703838409835529,True,21,25,17,True,4,3.0,23,15,15,16.0,0.6956521739130435,16.0,0.6956521739130435,True,16.0,0.6956521739130435
357,64,1.29884261601551,0.20248340881871188,0.25389240933381935,4.0,1.0,0.137281249947261,True,21,30,27,False,-6,-10.0,27,23,27,27,1.0,27.0,1.0,True,27.0,1.0
358,64,2.6080256109938245,0.009102556501533817,0.009186174170957892,0.5,1.0,0.005466986689834852,True,21,67,44,False,-23,-23.5,58,36,58,58,1.0,36.5,0.6293103448275862,True,36.5,0.6293103448275862
359,64,2.127525254189233,0.10230876617490377,0.11396877046349474,2.0,1.0,0.05397493551178589,True,21,53,45,False,-24,-26.0,47,37,47,47,1.0,39.0,0.8297872340425532,True,39.0,0.8297872340425532
360,64,1.6773295313159966,0.007870155493474041,0.00793258618017742,4.0,1.0,0.004374268510399707,True,21,40,26,False,-5,-9.0,37,22,37,37,1.0,26.0,0.7027027027027027,True,26.0,0.7027027027027027
361,64,1.597893482384363,0.029732386282825526,0.0306434903757308,1.0,1.0,0.015873875537546833,True,21,38,29,False,-8,-9.0,34,23,34,34,1.0,24.0,0.7058823529411765,True,24.0,0.7058823529411765
362,64,2.3879137107391673,0.0016761176791596926,0.0016789317663754172,0.25,0.9999999999999999,0.0010806948950017,True,21,61,33,False,-12,-12.25,53,24,53,53,1.0,24.25,0.45754716981132076,True,24.25,0.45754716981132076
363,64,1.0823121750221378,0.0011793496454344397,0.0011807421532742531,0.5,1.0,0.0007360560419354281,True,21,23,12,True,9,8.5,23,11,11,11.5,0.5,11.5,0.5,True,11.5,0.5
364,64,2.5494581914179695,0.016758188844128927,0.017043812268752564,4.0,0.9999999999999999,0.0084347211442084,True,21,65,46,False,-25,-29.0,59,37,59,59,1.0,41.0,0.6949152542372882,True,41.0,0.6949152542372882
365,64,1.0555855029183412,0.004149073975194228,0.004166360513170701,0.5,1.0,0.0023382002801241547,True,21,23,14,True,7,6.5,22,12,12,12.5,0.5681818181818182,12.5,0.5681818181818182,True,12.5,0.5681818181818182
366,64,1.1789138554790657,0.30648689615100155,0.4419338213654493,0.5,0.9999999999999999,0.17688184157046316,True,21,26,25,False,-4,-4.5,25,21,25,25,1.0,21.5,0.86,True,21.5,0.86
367,64,1.550437940245503,0.152851217469981,0.18043019198291144,2.0,1.0,0.09269284496813465,True,21,37,32,False,-11,-13.0,33,27,33,33,1.0,29.0,0.8787878787878788,True,29.0,0.8787878787878788
368,64,1.1037672535775922,0.0020847771829638605,0.0020891325588547477,2.0,0.9999999999999999,0.0012390221862484917,True,21,24,14,True,7,5.0,23,12,12,14.0,0.6086956521739131,14.0,0.6086956521739131,True,14.0,0.6086956521739131
369,64,2.386128835348339,0.0051280158672897275,0.00515444795820653,4.0,1.0,0.0027275738709989714,True,21,61,38,False,-17,-21.0,53,27,53,53,1.0,31.0,0.5849056603773585,True,31.0,0.5849056603773585
370,64,1.7660005749983774,0.010329297741487194,0.010437105713966128,2.0,1.0,0.005993550697349883,True,21,43,29,False,-8,-10.0,39,24,39,39,1.0,26.0,0.6666666666666666,True,26.0,0.6666666666666666
371,64,1.0010358201347305,0.4509372764283051,0.821285541831949,0.5,1.0,0.366200830852294,True,21,21,21,False,0,-0.5,21,20,21,21,1.0,20.5,0.9761904761904762,True,20.5,0.9761904761904762
372,64,1.4855359197299243,0.11779342221374828,0.1335213601663807,2.0,1.0,0.06501977944535003,True,21,35,30,False,-9,-11.0,31,25,31,31,1.0,27.0,0.8709677419354839,True,27.0,0.8709677419354839
373,64,2.6677158763033044,0.008331060500062519,0.008401050157186096,1.0,1.0,0.005833948838500246,True,21,69,45,False,-24,-25.0,60,36,60,60,1.0,37.0,0.6166666666666667,True,37.0,0.6166666666666667
374,64,1.8015303207113498,0.02489381004229938,0.02552933239340759,2.0,1.0,0.01646316863600857,True,21,44,32,False,-11,-13.0,38,26,38,38,1.0,28.0,0.7368421052631579,True,28.0,0.7368421052631579
375,64,1.4788823688962034,0.57827881174566,1.3712349008105802,0.5,0.9999999999999999,0.3063222381849442,True,21,35,36,False,-15,-15.5,32,29,32,32,1.0,29.5,0.921875,True,29.5,0.921875
376,64,2.231721611543751,0.0011193873674530082,0.0011206417997270625,2.0,1.0,0.00075927882880678,True,21,56,29,False,-8,-10.0,49,22,49,49,1.0,24.0,0.4897959183673469,True,24.0,0.4897959183673469
377,64,1.4307403719637315,0.07242491720817466,0.07807984340220674,2.0,1.0,0.042237862040386924,True,21,33,27,False,-6,-8.0,30,23,30,30,1.0,25.0,0.8333333333333334,True,25.0,0.8333333333333334
378,64,2.631399317813376,0.006229583872770995,0.006268634859395374,1.0,0.9999999999999999,0.003669938784751415,True,21,68,43,False,-22,-23.0,60,33,60,60,1.0,34.0,0.5666666666666667,True,34.0,0.5666666666666667
379,64,2.167753371624148,0.0022272102336905147,0.002232181771776072,4.0,1.0,0.0013452428094577586,True,21,54,31,False,-10,-14.0,50,25,50,50,1.0,29.0,0.58,True,29.0,0.58
380,64,1.1301638999905605,0.05433757646307011,0.057459802896512285,0.25,1.0,0.03044687524433747,True,21,25,20,True,1,0.75,23,17,17,17.25,0.75,17.25,0.75,True,17.25,0.75
381,64,1.6605422320245131,0.0011123783007812192,0.0011136170642388583,1.0,0.9999999999999998,0.0006781447275011653,True,21,40,21,False,0,-1.0,36,16,36,36,1.0,17.0,0.4722222222222222,True,17.0,0.4722222222222222
382,64,1.4919555287354422,0.011627015675249604,0.011763793486517744,1.0,0.9999999999999999,0.005551016432563041,True,21,35,24,False,-3,-4.0,30,18,30,30,1.0,19.0,0.6333333333333333,True,19.0,0.6333333333333333
383,64,1.512433807392478,0.0022172331437942845,0.002222160191020636,2.0,0.9999999999999999,0.0011277974950644886,True,21,36,20,False,1,-1.0,31,16,31,31,1.0,18.0,0.5806451612903226,True,18.0,0.5806451612903226
384,64,1.6076226968882468,0.16365048641162244,0.19567236394922513,2.0,0.9999999999999998,0.10491926992595602,True,21,39,34,False,-13,-15.0,35,28,35,35,1.0,30.0,0.8571428571428571,True,30.0,0.8571428571428571
385,64,1.7127314019390465,0.1857713941446612,0.22815630992172067,1.0,1.0,0.10433804366921504,True,21,41,37,False,-16,-17.0,38,31,38,38,1.0,32.0,0.8421052631578947,True,32.0,0.8421052631578947
386,64,1.175926605895743,0.01054879287897245,0.01066125626312177,0.25,1.0,0.0057589154320829535,True,21,26,18,True,3,2.75,25,16,16,16.25,0.65,16.25,0.65,True,16.25,0.65
387,64,1.110687688780652,0.00939636532996916,0.009485494501642001,1.0,1.0,0.005880888964820494,True,21,24,16,True,5,4.0,23,15,15,16.0,0.6956521739130435,16.0,0.6956521739130435,True,16.0,0.6956521739130435
388,64,1.278129902011451,0.04631721813339484,0.04856669221052728,0.25,1.0,0.027915692205870153,True,21,29,23,False,-2,-2.25,27,20,27,27,1.0,20.25,0.75,True,20.25,0.75
389,64,1.6168206509058234,0.059635545478958364,0.06341748158625657,1.0,1.0,0.029587859748099746,True,21,39,31,False,-10,-11.0,34,25,34,34,1.0,26.0,0.7647058823529411,True,26.0,0.7647058823529411
390,64,1.5186423211700233,0.16045520885635572,0.19112167754358944,1.0,0.9999999999999999,0.10210012712029086,True,21,36,32,False,-11,-12.0,32,26,32,32,1.0,27.0,0.84375,True,27.0,0.84375
391,64,2.54438958008356,0.004226836202968901,0.004244778185075149,0.5,1.0,0.002083108174454082,True,21,65,40,False,-19,-19.5,54,26,54,54,1.0,26.5,0.49074074074074076,True,26.5,0.49074074074074076
392,64,1.8791169095592841,0.05398588022995577,0.05706667490658446,0.5,0.9999999999999999,0.02900820538426659,True,21,46,37,False,-16,-16.5,39,28,39,39,1.0,28.5,0.7307692307692307,True,28.5,0.7307692307692307
393,64,2.5786789437389697,0.007226483202639027,0.007279085390947283,2.0,1.0,0.004139448010236483,True,21,66,43,False,-22,-24.0,56,33,56,56,1.0,35.0,0.625,True,35.0,0.625
394,64,1.1332551362072967,0.003637498369051303,0.003650778068320587,1.0,1.0,0.0021186210782054298,True,21,25,15,True,6,5.0,23,13,13,14.0,0.6086956521739131,14.0,0.6086956521739131,True,14.0,0.6086956521739131
395,64,1.5433302379402412,0.1900217572412039,0.23460106359645835,0.5,1.0,0.13760671483462206,True,21,37,33,False,-12,-12.5,34,28,34,34,1.0,28.5,0.8382352941176471,True,28.5,0.8382352941176471
396,64,1.3748224239395508,0.03877823603071825,0.040342652948875075,1.0,1.0,0.019277058056741545,True,21,32,25,False,-4,-5.0,29,20,29,29,1.0,21.0,0.7241379310344828,True,21.0,0.7241379310344828
397,64,1.4649609496027045,0.08610687802289715,0.09421985563980918,2.0,1.0,0.0516100181241698,True,21,34,29,False,-8,-10.0,30,23,30,30,1.0,25.0,0.8333333333333334,True,25.0,0.8333333333333334
398,64,2.7543518483306118,0.09660617759644777,0.10693694732095824,4.0,1.0,0.05082674364195563,True,21,71,60,False,-39,-43.0,62,44,62,62,1.0,48.0,0.7741935483870968,True,48.0,0.7741935483870968
399,64,1.5941639603967792,0.005573139972639787,0.005604373933027563,2.0,1.0,0.0028200847199829457,True,21,38,24,False,-3,-5.0,34,18,34,34,1.0,20.0,0.5882352941176471,True,20.0,0.5882352941176471
400,64,2.763459558506549,0.012146874699336832,0.012296235531612867,1.0,1.0,0.00785737824595583,True,21,71,49,False,-28,-29.0,59,37,59,59,1.0,38.0,0.6440677966101694,True,38.0,0.6440677966101694
401,64,1.1459297917984126,0.20002017784913942,0.2500315286845066,2.0,0.9999999999999999,0.11717324456844164,True,21,25,23,False,-2,-4.0,24,20,24,24,1.0,22.0,0.9166666666666666,True,22.0,0.9166666666666666
402,64,1.0330375708533521,0.06400056919488244,0.06837671807111158,0.5,1.0,0.04284292491906191,True,21,22,18,True,3,2.5,22,17,17,17.5,0.7954545454545454,17.5,0.7954545454545454,True,17.5,0.7954545454545454
403,64,2.7871410836171324,0.07795785506405313,0.08454912336948413,4.0,0.9999999999999999,0.043969453594281255,True,21,72,59,False,-38,-42.0,61,44,61,61,1.0,48.0,0.7868852459016393,True,48.0,0.7868852459016393
404,64,1.5654702726046332,0.1573747242273452,0.18676715350490602,0.5,1.0,0.08787040589795944,True,21,37,33,False,-12,-12.5,34,28,34,34,1.0,28.5,0.8382352941176471,True,28.5,0.8382352941176471
405,64,1.7622358202831356,0.0025490562368684923,0.0025555705298664056,0.25,1.0,0.001372648824894191,True,21,43,25,False,-4,-4.25,39,20,39,39,1.0,20.25,0.5192307692307693,True,20.25,0.5192307692307693
406,64,1.5205471248353775,0.43564827826276864,0.7719446251031578,0.5,1.0,0.23380615014404296,True,21,36,35,False,-14,-14.5,33,29,33,33,1.0,29.5,0.8939393939393939,True,29.5,0.8939393939393939
407,64,1.3102754308509639,0.001038041393936968,0.0010391200435554482,0.5,1.0,0.0007113790035490055,True,21,30,15,True,6,5.5,27,13,13,13.5,0.5,13.5,0.5,True,13.5,0.5
408,64,1.7338634017481118,0.5064007561145906,1.0259350320888114,4.0,0.9999999999999999,0.33018305875079934,True,21,42,42,False,-21,-25.0,38,35,38,38,1.0,39.0,1.0263157894736843,True,39.0,1.0263157894736843
409,64,2.0821470832482665,0.12569873285047664,0.14377050288431023,4.0,1.0,0.07522693470868327,True,21,52,45,False,-24,-28.0,46,36,46,46,1.0,40.0,0.8695652173913043,True,40.0,0.8695652173913043
410,64,1.3415339965172417,0.06454101512710805,0.06899395502185245,1.0,1.0,0.040030363226279515,True,21,31,25,False,-4,-5.0,28,22,28,28,1.0,23.0,0.8214285714285714,True,23.0,0.8214285714285714
411,64,2.3656230643908516,0.3366939271033081,0.5075996449617117,1.0,1.0,0.26520462814437723,True,21,60,57,False,-36,-37.0,55,50,55,55,1.0,51.0,0.9272727272727272,True,51.0,0.9272727272727272
412,64,2.106561590056541,0.006249308614608216,0.006288608067176316,0.25,1.0,0.0034377794795833116,True,21,53,34,False,-13,-13.25,48,28,48,48,1.0,28.25,0.5885416666666666,True,28.25,0.5885416666666666
413,64,1.7738395241141225,0.3271686457619525,0.4862565391775727,2.0,1.0,0.22968952752121485,True,21,43,41,False,-20,-22.0,37,32,37,37,1.0,34.0,0.918918918918919,True,34.0,0.918918918918919
414,64,2.492904311840449,0.0404765884975514,0.04218405513855261,4.0,1.0,0.0246954312480001,True,21,64,49,False,-28,-32.0,55,40,55,55,1.0,44.0,0.8,True,44.0,0.8
415,64,1.4218740716754783,0.002760720203946228,0.002768362879278908,1.0,1.0,0.0017804276412501602,True,21,33,19,True,2,1.0,30,15,15,16.0,0.5333333333333333,16.0,0.5333333333333333,True,16.0,0.5333333333333333
416,64,2.1503372455206904,0.25151696097487436,0.3360356185257944,1.0,0.9999999999999999,0.15997466300111907,True,21,54,50,False,-29,-30.0,48,39,48,48,1.0,40.0,0.8333333333333334,True,40.0,0.8333333333333334
417,64,1.4379331565455267,0.009771156385624653,0.009867573994269383,0.5,1.0,0.006084612176364368,True,21,34,23,False,-2,-2.5,31,19,31,31,1.0,19.5,0.6290322580645161,True,19.5,0.6290322580645161
418,64,1.3098867351220473,0.03118306663798625,0.032186748150420906,1.0,1.0,0.02142259408703172,True,21,30,23,False,-2,-3.0,28,20,28,28,1.0,21.0,0.75,True,21.0,0.75
419,64,1.5450389638675044,0.02531710608937547,0.025974710593101854,2.0,1.0,0.01556660300798782,True,21,37,27,False,-6,-8.0,32,22,32,32,1.0,24.0,0.75,True,24.0,0.75
420,64,2.0311506792113296,0.24375628560840054,0.32232504015521407,4.0,0.9999999999999999,0.16832347226991712,True,21,51,46,False,-25,-29.0,45,38,45,45,1.0,42.0,0.9333333333333333,True,42.0,0.9333333333333333
421,64,2.633620903948768,0.0013885078960098483,0.001390438530888904,0.25,0.9999999999999999,0.000963199258577915,True,21,68,36,False,-15,-15.25,59,27,59,59,1.0,27.25,0.461864406779661,True,27.25,0.461864406779661
422,64,2.7634507712235483,0.0031667844496599145,0.0031768448324743766,2.0,1.0,0.0019943966315600693,True,21,71,42,False,-21,-23.0,63,31,63,63,1.0,33.0,0.5238095238095238,True,33.0,0.5238095238095238
423,64,2.1847054721468724,0.7306995877419472,2.713325173233549,0.5,1.0,1.025350839208806,True,21,55,59,False,-38,-38.5,48,45,48,48,1.0,45.5,0.9479166666666666,False,48.5,1.0104166666666667
424,64,1.1614534018491443,0.5156350926886228,1.064559147257015,4.0,0.9999999999999999,0.3646880125889257,True,21,26,26,False,-5,-9.0,24,22,24,24,1.0,26.0,1.0833333333333333,True,26.0,1.0833333333333333
425,64,2.0619039700113455,0.7292011114181033,2.6927773420221173,0.5,0.9999999999999999,0.7023628861659612,True,21,51,55,False,-34,-34.5,45,42,45,45,1.0,42.5,0.9444444444444444,True,42.5,0.9444444444444444
426,64,2.2607525870178633,0.5596053688678538,1.270690715346021,2.0,0.9999999999999999,0.48819406317770914,True,21,57,58,False,-37,-39.0,50,45,50,50,1.0,47.0,0.94,True,47.0,0.94
427,64,2.7599705095865965,0.3553174471628641,0.5511510209159125,0.5,0.9999999999999999,0.24335141153562803,True,21,71,68,False,-47,-47.5,62,57,62,62,1.0,57.5,0.9274193548387096,True,57.5,0.9274193548387096
428,64,1.3839307884811847,0.0037491138683510552,0.0037632226184596148,4.0,1.0,0.0019320065564955948,True,21,32,19,False,2,-2.0,28,15,28,28,1.0,19.0,0.6785714285714286,True,19.0,0.6785714285714286
429,64,2.0927484719086813,0.05325052067932374,0.05624562974941664,2.0,1.0,0.03386426918881475,True,21,52,42,False,-21,-23.0,46,34,46,46,1.0,36.0,0.782608695652174,True,36.0,0.782608695652174
430,64,1.8350557862992527,0.004712111346603301,0.0047344204629865315,0.25,1.0,0.0022810833956049474,True,21,45,28,False,-7,-7.25,40,22,40,40,1.0,22.25,0.55625,True,22.25,0.55625
431,64,1.0720432286576695,0.644456421830507,1.8125947461868792,0.5,0.9999999999999999,0.8262644549011208,True,21,23,24,False,-3,-3.5,22,22,22,22,1.0,22.5,1.0227272727272727,True,22.5,1.0227272727272727
432,64,1.103251355801461,0.0033222898183690956,0.003333364220379378,2.0,0.9999999999999999,0.0017723783642798624,True,21,24,14,True,7,5.0,23,12,12,14.0,0.6086956521739131,14.0,0.6086956521739131,True,14.0,0.6086956521739131
433,64,1.047707684653647,0.0345499679323888,0.03578638643617471,2.0,1.0,0.02238619936519117,True,21,22,17,True,4,2.0,22,16,16,18.0,0.8181818181818182,18.0,0.8181818181818182,True,18.0,0.8181818181818182
434,64,1.6345724080874804,0.002750832704332349,0.0027584206580909313,0.5,1.0,0.0014629697627987315,True,21,39,23,False,-2,-2.5,35,18,35,35,1.0,18.5,0.5285714285714286,True,18.5,0.5285714285714286
435,64,1.4267041241492444,0.557935045894847,1.262111010415298,0.5,1.0,0.27714350128684834,True,21,33,34,False,-13,-13.5,30,27,30,30,1.0,27.5,0.9166666666666666,True,27.5,0.9166666666666666
436,64,1.0888044726890769,0.1290379356916708,0.1481556326958347,0.5,1.0,0.07199594374652298,True,21,24,20,True,1,0.5,23,18,18,18.5,0.8043478260869565,18.5,0.8043478260869565,True,18.5,0.8043478260869565
437,64,1.355313035426275,0.09087528777704491,0.09995909973103725,1.0,1.0,0.06125779594362315,True,21,31,26,False,-5,-6.0,28,22,28,28,1.0,23.0,0.8214285714285714,True,23.0,0.8214285714285714
438,64,2.944645483508008,0.004181001686389169,0.004198555855501419,2.0,0.9999999999999999,0.0028019560047557817,True,21,76,46,False,-25,-27.0,67,36,67,67,1.0,38.0,0.5671641791044776,True,38.0,0.5671641791044776
439,64,1.430852786158237,0.008945041561418133,0.009025777516426683,0.5,1.0,0.005392167680248787,True,21,33,22,False,-1,-1.5,31,20,31,31,1.0,20.5,0.6612903225806451,True,20.5,0.6612903225806451
440,64,1.3224742088557242,0.10075437467083093,0.1120432191526645,1.0,0.9999999999999999,0.06585860674373452,True,21,30,26,False,-5,-6.0,28,22,28,28,1.0,23.0,0.8214285714285714,True,23.0,0.8214285714285714
441,64,1.5127797138977817,0.26845781708178046,0.366975170195745,2.0,1.0,0.19662147642048367,True,21,36,33,False,-12,-14.0,33,29,33,33,1.0,31.0,0.9393939393939394,True,31.0,0.9393939393939394
442,64,2.1630213315014934,0.250936143140137,0.3349996677080134,0.25,0.9999999999999999,0.14312773136389303,True,21,54,50,False,-29,-29.25,47,40,47,47,1.0,40.25,0.8563829787234043,True,40.25,0.8563829787234043
443,64,1.5495950787479922,0.0013436585370005833,0.001345466384394222,0.5,1.0,0.0007462488390586428,True,21,37,19,True,2,1.5,33,15,15,15.5,0.4696969696969697,15.5,0.4696969696969697,True,15.5,0.4696969696969697
444,64,1.5581459638689144,0.004919825063299442,0.00494414941350068,2.0,1.0,0.0027498101946322206,True,21,37,23,False,-2,-4.0,33,18,33,33,1.0,20.0,0.6060606060606061,True,20.0,0.6060606060606061
445,64,1.1471209282676382,0.0010082576878523446,0.001009275297430138,1.0,0.9999999999999999,0.0005081659044558662,True,21,25,13,True,8,7.0,24,11,11,12.0,0.5,12.0,0.5,True,12.0,0.5
446,64,1.1976773832278043,0.06570503592280866,0.07032579479619255,2.0,1.0,0.0343874834154668,True,21,27,22,False,-1,-3.0,25,19,25,25,1.0,21.0,0.84,True,21.0,0.84
447,64,2.0112070454292317,0.01097591806188799,0.011097725790841569,0.5,0.9999999999999999,0.0067684959979035985,True,21,50,34,False,-13,-13.5,43,26,43,43,1.0,26.5,0.6162790697674418,True,26.5,0.6162790697674418
448,64,1.2895683999281233,0.002945924664193179,0.0029546287779837763,0.25,1.0,0.0018341063100541517,True,21,29,17,True,4,3.75,26,14,14,14.25,0.5480769230769231,14.25,0.5480769230769231,True,14.25,0.5480769230769231
449,64,1.806267213101147,0.0032531165050476386,0.003263733811377513,4.0,1.0,0.0020327217942457667,True,21,44,26,False,-5,-9.0,39,21,39,39,1.0,25.0,0.6410256410256411,True,25.0,0.6410256410256411
450,64,2.130181018589908,0.0228598296657317,0.023394626850630467,0.5,1.0,0.014337045104588208,True,21,53,39,False,-18,-18.5,47,31,47,47,1.0,31.5,0.6702127659574468,True,31.5,0.6702127659574468
451,64,1.2971993274994915,0.15098617259306188,0.17783711845330544,2.0,1.0,0.08434984512623452,True,21,30,26,False,-5,-7.0,27,22,27,27,1.0,24.0,0.8888888888888888,True,24.0,0.8888888888888888
452,64,1.2194376822595832,0.3335403682313387,0.5004659732295922,0.25,1.0,0.1810762049836082,True,21,27,26,False,-5,-5.25,26,22,26,26,1.0,22.25,0.8557692307692307,True,22.25,0.8557692307692307
453,64,2.8828718800692776,0.0031942871534260814,0.0032045233211035365,1.0,1.0,0.001748359038943355,True,21,75,44,False,-23,-24.0,67,30,67,67,1.0,31.0,0.4626865671641791,True,31.0,0.4626865671641791
454,64,1.4706570162548078,0.3046007153901811,0.4380227620755884,0.25,1.0,0.20304121565135064,True,21,35,33,False,-12,-12.25,32,27,32,32,1.0,27.25,0.8515625,True,27.25,0.8515625
455,64,2.4584440512478114,0.002670451409688982,0.0026776018152310514,4.0,1.0,0.0017100006334981965,True,21,63,36,False,-15,-19.0,52,25,52,52,1.0,29.0,0.5576923076923077,True,29.0,0.5576923076923077
456,64,1.7557724719639547,0.05057837859078086,0.053272832059278116,1.0,1.0,0.0272295764292118,True,21,43,34,False,-13,-14.0,37,27,37,37,1.0,28.0,0.7567567567567568,True,28.0,0.7567567567567568
457,64,1.9169970604488056,0.03881098859924998,0.04037810268210448,0.25,0.9999999999999998,0.02243733810071461,True,21,47,36,False,-15,-15.25,42,29,42,42,1.0,29.25,0.6964285714285714,True,29.25,0.6964285714285714
458,64,1.0875555888056014,0.028802573489039213,0.02965676463179359,0.5,0.9999999999999999,0.01733907412277428,True,21,24,18,True,3,2.5,22,16,16,16.5,0.75,16.5,0.75,True,16.5,0.75
459,64,2.7990500577405575,0.1667867571192258,0.20017295517600361,4.0,0.9999999999999999,0.10427929757676954,True,21,72,64,False,-43,-47.0,65,53,65,65,1.0,57.0,0.8769230769230769,True,57.0,0.8769230769230769
460,64,2.848035796876912,0.32034404968302627,0.4713326640245351,4.0,0.9999999999999999,0.208146838134835,True,21,74,70,False,-49,-53.0,68,56,68,68,1.0,60.0,0.8823529411764706,True,60.0,0.8823529411764706
461,64,1.0792115570091776,0.071381712504157,0.07686873440393725,1.0,1.0,0.044687792785001866,True,21,23,19,True,2,1.0,23,18,18,19.0,0.8260869565217391,19.0,0.8260869565217391,True,19.0,0.8260869565217391
462,64,1.7021205384481122,0.009636470330998015,0.009730235456286141,1.0,1.0,0.005600313921998737,True,21,41,28,False,-7,-8.0,37,22,37,37,1.0,23.0,0.6216216216216216,True,23.0,0.6216216216216216
463,64,1.541950047110011,0.4768356935536675,0.9114453866179085,2.0,1.0000000000000002,0.3746474135035353,True,21,37,36,False,-15,-17.0,33,30,33,33,1.0,32.0,0.9696969696969697,True,32.0,0.9696969696969697
464,64,1.101394021620636,0.3202150686933847,0.4710534964020149,4.0,0.9999999999999999,0.1772381355648496,True,21,24,23,False,-2,-6.0,23,20,23,23,1.0,24.0,1.0434782608695652,True,24.0,1.0434782608695652
465,64,2.2983173774183947,0.32567658596635535,0.4829679337667282,2.0,0.9999999999999999,0.2109710557955019,True,21,58,55,False,-34,-36.0,53,46,53,53,1.0,48.0,0.9056603773584906,True,48.0,0.9056603773584906
466,64,2.1538444705737376,0.6574256560115253,1.919074406907842,0.5,1.0,0.7283705603091344,True,21,54,57,False,-36,-36.5,47,45,47,47,1.0,45.5,0.9680851063829787,True,45.5,0.9680851063829787
467,64,2.8038877142508385,0.04285494541637535,0.04477372077633314,0.25,1.0,0.026319220006606883,True,21,72,56,False,-35,-35.25,64,47,64,64,1.0,47.25,0.73828125,True,47.25,0.73828125
468,64,1.4350853204615506,0.1609680568293539,0.19184973604350064,0.25,1.0,0.09385367767454875,True,21,34,30,False,-9,-9.25,30,24,30,30,1.0,24.25,0.8083333333333333,True,24.25,0.8083333333333333
469,64,1.4388202484360613,0.5114283053330857,1.0467825109716067,2.0,1.0,0.324545045022754,True,21,34,34,False,-13,-15.0,31,28,31,31,1.0,30.0,0.967741935483871,True,30.0,0.967741935483871
470,64,1.0400810878411204,0.22657311655274665,0.2929470405048296,1.0,1.0,0.15171325858494505,True,21,22,20,True,1,0.0,22,19,19,20.0,0.9090909090909091,20.0,0.9090909090909091,True,20.0,0.9090909090909091
471,64,2.4852059864416574,0.06530081252988898,0.06986291782988964,4.0,1.0,0.03715700627217573,True,21,63,51,False,-30,-34.0,55,42,55,55,1.0,46.0,0.8363636363636363,True,46.0,0.8363636363636363
472,64,1.2951378079922136,0.14017473481675946,0.16302700152325286,0.5,0.9999999999999999,0.09140643518475094,True,21,30,26,False,-5,-5.5,27,23,27,27,1.0,23.5,0.8703703703703703,True,23.5,0.8703703703703703
473,64,2.7820369320991816,0.004345335451870953,0.004364299798508003,0.5,1.0,0.002487570996045504,True,21,72,44,False,-23,-23.5,62,32,62,62,1.0,32.5,0.5241935483870968,True,32.5,0.5241935483870968
474,64,1.245572321581898,0.40220819887010645,0.6728232105390002,2.0,1.0,0.24846248517019798,True,21,28,27,False,-6,-8.0,26,23,26,26,1.0,25.0,0.9615384615384616,True,25.0,0.9615384615384616
475,64,2.1828610262893324,0.08602764329213516,0.09412499476680823,0.25,1.0,0.05413312320194826,True,21,55,46,False,-25,-25.25,48,36,48,48,1.0,36.25,0.7552083333333334,True,36.25,0.7552083333333334
476,64,1.599914819094835,0.035902357519720686,0.03723933752950243,0.25,1.0,0.020981865630690363,True,21,38,29,False,-8,-8.25,35,25,35,35,1.0,25.25,0.7214285714285714,True,25.25,0.7214285714285714
477,64,2.5342140223458833,0.17535768673011878,0.21264696694350846,0.25,1.0,0.08894404761420331,True,21,65,58,False,-37,-37.25,57,47,57,57,1.0,47.25,0.8289473684210527,True,47.25,0.8289473684210527
478,64,2.3209530441332107,0.011576254759761097,0.011711833933074381,4.0,0.9999999999999999,0.007279561188874544,True,21,59,40,False,-19,-23.0,53,33,53,53,1.0,37.0,0.6981132075471698,True,37.0,0.6981132075471698
479,64,2.8699165919043166,0.0011234776501582247,0.0011247412718393467,1.0,1.0,0.0005835633058242065,True,21,74,38,False,-17,-18.0,64,28,64,64,1.0,29.0,0.453125,True,29.0,0.453125
480,64,1.9104544701863864,0.578509557355761,1.3725330371110094,0.5,1.0,0.7238414148467821,True,21,47,48,False,-27,-27.5,42,40,42,42,1.0,40.5,0.9642857142857143,True,40.5,0.9642857142857143
481,64,2.1517118684069136,0.06081538687901613,0.06475338930108943,4.0,1.0,0.03389315388405685,True,21,54,43,False,-22,-26.0,47,35,47,47,1.0,39.0,0.8297872340425532,True,39.0,0.8297872340425532
482,64,1.067516796112272,0.007878271230189044,0.007940831252590111,2.0,1.0000000000000002,0.0041224816819900815,True,21,23,15,True,6,4.0,22,13,13,15.0,0.6818181818181818,15.0,0.6818181818181818,True,15.0,0.6818181818181818
483,64,1.7720357723075588,0.003693650491360719,0.003707344124808963,4.0,1.0,0.002270060443176329,True,21,43,26,False,-5,-9.0,39,21,39,39,1.0,25.0,0.6410256410256411,True,25.0,0.6410256410256411
484,64,1.9441186995976703,0.06971100313052957,0.07493478194960396,0.5,0.9999999999999999,0.04495769148444939,True,21,48,39,False,-18,-18.5,43,33,43,43,1.0,33.5,0.7790697674418605,True,33.5,0.7790697674418605
485,64,1.4669444275900345,0.21840411049145916,0.2794335454204977,0.25,0.9999999999999999,0.13090825904432304,True,21,34,31,False,-10,-10.25,31,26,31,31,1.0,26.25,0.8467741935483871,True,26.25,0.8467741935483871
486,64,2.1789852681781787,0.40208419602639117,0.6724762806974386,4.0,1.0,0.33243316548874513,True,21,55,53,False,-32,-36.0,49,44,49,49,1.0,48.0,0.9795918367346939,True,48.0,0.9795918367346939
487,64,2.0177246820161994,0.011728890658212794,0.01186809019037754,4.0,0.9999999999999999,0.0080837145111246,True,21,50,34,False,-13,-17.0,44,28,44,44,1.0,32.0,0.7272727272727273,True,32.0,0.7272727272727273
488,64,1.4088492275145208,0.08974201378987558,0.09858964727518411,4.0,1.0000000000000002,0.043911310932814245,True,21,33,27,False,-6,-10.0,30,23,30,30,1.0,27.0,0.9,True,27.0,0.9
489,64,1.162479936454377,0.00304447246192047,0.003053769579309729,2.0,1.0,0.0018285856996683974,True,21,26,15,True,6,4.0,24,13,13,15.0,0.625,15.0,0.625,True,15.0,0.625
490,64,2.940596593807487,0.05591915471840841,0.059231320069553325,1.0,1.0,0.0305636150445785,True,21,76,61,False,-40,-41.0,70,53,70,70,1.0,54.0,0.7714285714285715,True,54.0,0.7714285714285715
491,64,2.051693573034978,0.008767407940142358,0.008844955271217434,0.5,1.0,0.004838033730017479,True,21,51,34,False,-13,-13.5,43,27,43,43,1.0,27.5,0.6395348837209303,True,27.5,0.6395348837209303
492,64,2.7709824655121564,0.46106399260147335,0.8555078641470891,0.5,1.0,0.3282266266593188,True,21,71,71,False,-50,-50.5,62,59,62,62,1.0,59.5,0.9596774193548387,True,59.5,0.9596774193548387
493,64,2.558896627673214,0.00372294008270042,0.00373685215938773,0.25,1.0,0.0023617005885388878,True,21,65,39,False,-18,-18.25,56,28,56,56,1.0,28.25,0.5044642857142857,True,28.25,0.5044642857142857
494,64,1.8327096347072895,0.0010828948339345098,0.0010840687664012754,1.0,1.0,0.0006185981810700764,True,21,45,23,False,-2,-3.0,41,18,41,41,1.0,19.0,0.4634146341463415,True,19.0,0.4634146341463415
495,64,1.230343882737836,0.00790691258825165,0.007969930129117052,0.5,1.0,0.004546255424122721,True,21,28,18,True,3,2.5,26,16,16,16.5,0.6346153846153846,16.5,0.6346153846153846,True,16.5,0.6346153846153846
496,64,1.2576929501547023,0.22794363667623685,0.2952422225948914,1.0,0.9999999999999999,0.12881840383218407,True,21,28,26,False,-5,-6.0,26,23,26,26,1.0,24.0,0.9230769230769231,True,24.0,0.9230769230769231
497,64,2.160854972836232,0.004137888065173189,0.004155081326604369,0.5,1.0,0.0030384815604270676,True,21,54,33,False,-12,-12.5,48,24,48,48,1.0,24.5,0.5104166666666666,True,24.5,0.5104166666666666
498,64,1.1494703016975027,0.2965620299420191,0.4215894543161708,0.25,1.0000000000000002,0.24557448581062802,True,21,25,24,False,-3,-3.25,24,22,24,24,1.0,22.25,0.9270833333333334,True,22.25,0.9270833333333334
499,64,2.763017074363562,0.07484186484850895,0.08089629437918079,0.25,1.0,0.04514862651409754,True,21,71,58,False,-37,-37.25,61,45,61,61,1.0,45.25,0.7418032786885246,True,45.25,0.7418032786885246
500,64,1.7856390416123225,0.5423582298924148,1.1851152261842575,2.0,0.9999999999999999,0.3561706107795969,True,21,44,44,False,-23,-25.0,39,34,39,39,1.0,36.0,0.9230769230769231,True,36.0,0.9230769230769231
501,64,1.199598217725896,0.05760757506654646,0.06112907271152395,4.0,1.0,0.02906694844199992,True,21,27,21,False,0,-4.0,25,19,25,25,1.0,23.0,0.92,True,23.0,0.92
502,64,1.661249485209416,0.024766139690756,0.025395077733357953,0.5,1.0,0.014067257536107948,True,21,40,30,False,-9,-9.5,36,24,36,36,1.0,24.5,0.6805555555555556,True,24.5,0.6805555555555556
503,64,1.4662197160032653,0.002309441976183457,0.0023147878443972674,1.0,1.0,0.0012435571525840872,True,21,34,20,True,1,0.0,32,16,16,17.0,0.53125,17.0,0.53125,True,17.0,0.53125
504,64,2.3011531680281148,0.08344253304004137,0.09103906306802986,0.25,0.9999999999999999,0.04756433646799773,True,21,58,48,False,-27,-27.25,51,38,51,51,1.0,38.25,0.75,True,38.25,0.75
505,64,2.245012305573618,0.0013118848229646568,0.0013136081255278598,2.0,1.0,0.0007442696503722661,True,21,57,30,False,-9,-11.0,50,21,50,50,1.0,23.0,0.46,True,23.0,0.46
506,64,1.9474337672084017,0.0459361593898204,0.048147888468806806,1.0,1.0,0.02260942505596866,True,21,48,38,False,-17,-18.0,43,30,43,43,1.0,31.0,0.7209302325581395,True,31.0,0.7209302325581395
507,64,2.1799502631576235,0.0010185252015736674,0.0010195636528487022,0.25,0.9999999999999999,0.000596838116095367,True,21,55,28,False,-7,-7.25,49,21,49,49,1.0,21.25,0.4336734693877551,True,21.25,0.4336734693877551
508,64,1.04583312680606,0.010729620866875601,0.010845994273352982,4.0,1.0,0.007433337213079451,True,21,22,15,True,6,2.0,22,14,14,18.0,0.8181818181818182,18.0,0.8181818181818182,True,18.0,0.8181818181818182
509,64,1.099416897184639,0.05787947275091787,0.0614353164768858,2.0,0.9999999999999999,0.038499461554778305,True,21,24,19,True,2,0.0,23,17,17,19.0,0.8260869565217391,19.0,0.8260869565217391,True,19.0,0.8260869565217391
510,64,2.26882757990513,0.4279023980597506,0.747953490118704,0.5,0.9999999999999999,0.2698364368845988,True,21,57,56,False,-35,-35.5,49,44,49,49,1.0,44.5,0.9081632653061225,True,44.5,0.9081632653061225
511,64,2.407083104261441,0.12459335992986123,0.14232626784722427,2.0,0.9999999999999999,0.0773862885625152,True,21,61,53,False,-32,-34.0,53,42,53,53,1.0,44.0,0.8301886792452831,True,44.0,0.8301886792452831
512,64,1.3368488820819182,0.13541599638031246,0.15662560932584538,4.0,1.0,0.07719696852572656,True,21,31,27,False,-6,-10.0,28,23,28,28,1.0,27.0,0.9642857142857143,True,27.0,0.9642857142857143
513,64,1.0162424753819932,0.004576429422438132,0.004597469416745686,2.0,0.9999999999999999,0.0025706244300979487,True,21,21,13,True,8,6.0,21,12,12,14.0,0.6666666666666666,14.0,0.6666666666666666,True,14.0,0.6666666666666666
514,64,1.0531365316374495,0.005941083459788398,0.00597659088504144,4.0,1.0,0.0029224967573111445,True,21,23,14,True,7,3.0,22,13,13,17.0,0.7727272727272727,17.0,0.7727272727272727,True,17.0,0.7727272727272727
515,64,1.2678446838649722,0.2082085663977624,0.26295885199278063,1.0,1.0,0.1538012553019049,True,21,29,26,False,-5,-6.0,27,23,27,27,1.0,24.0,0.8888888888888888,True,24.0,0.8888888888888888
516,64,1.1992410059077498,0.029362656301917124,0.030250903174657156,4.0,1.0,0.014665765557493347,True,21,27,20,False,1,-3.0,25,17,25,25,1.0,21.0,0.84,True,21.0,0.84
517,64,2.1912987540488933,0.002528903560288313,0.002535315127741311,0.5,1.0,0.0013747687238868673,True,21,55,31,False,-10,-10.5,47,23,47,47,1.0,23.5,0.5,True,23.5,0.5
518,64,1.0341374262551564,0.011251618844362765,0.011379658423523292,0.25,1.0,0.006517853305075013,True,21,22,15,True,6,5.75,22,14,14,14.25,0.6477272727272727,14.25,0.6477272727272727,True,14.25,0.6477272727272727
519,64,1.4973259482106862,0.3296476628897814,0.4917528359949331,1.0,0.9999999999999999,0.20072063228582196,True,21,35,34,False,-13,-14.0,30,27,30,30,1.0,28.0,0.9333333333333333,True,28.0,0.9333333333333333
520,64,2.3520114326886095,0.08101978434292059,0.08816270792618826,0.25,0.9999999999999999,0.04682123993187973,True,21,60,49,False,-28,-28.25,50,39,50,50,1.0,39.25,0.785,True,39.25,0.785
521,64,2.1675101787332687,0.0021091636658769498,0.002113621639843118,2.0,1.0,0.001372577814108332,True,21,54,30,False,-9,-11.0,47,21,47,47,1.0,23.0,0.48936170212765956,True,23.0,0.48936170212765956
522,64,1.3504462219248599,0.0018402296381039678,0.0018436223265507565,0.5,1.0,0.0011273315463584312,True,21,31,17,True,4,3.5,29,15,15,15.5,0.5344827586206896,15.5,0.5344827586206896,True,15.5,0.5344827586206896
523,64,1.1987709392015866,0.002597947975837972,0.0026047148896130774,2.0,1.0,0.0014917249298133791,True,21,27,15,True,6,4.0,25,13,13,15.0,0.6,15.0,0.6,True,15.0,0.6
524,64,1.0598417132730937,0.0013252610572239531,0.0013270197047608415,0.5,0.9999999999999998,0.0007923088830454343,True,21,23,12,True,9,8.5,22,11,11,11.5,0.5227272727272727,11.5,0.5227272727272727,True,11.5,0.5227272727272727
525,64,1.4236036443932099,0.07658669148400536,0.08293869145885154,0.25,0.9999999999999999,0.0490361614372644,True,21,33,27,False,-6,-6.25,31,23,31,31,1.0,23.25,0.75,True,23.25,0.75
526,64,2.172657836711064,0.402562704174754,0.6738158246694159,4.0,0.9999999999999998,0.22485765009679887,True,21,55,53,False,-32,-36.0,50,43,50,50,1.0,47.0,0.94,True,47.0,0.94
527,64,1.1373907847411084,0.0840326105632041,0.09174192392905334,0.5,0.9999999999999999,0.048875582781248525,True,21,25,21,False,0,-0.5,23,18,23,23,1.0,18.5,0.8043478260869565,True,18.5,0.8043478260869565
528,64,2.1112894712865184,0.04991550639267422,0.05253796554783528,1.0,1.0,0.03279462001123522,True,21,53,42,False,-21,-22.0,47,34,47,47,1.0,35.0,0.7446808510638298,True,35.0,0.7446808510638298
529,64,2.2111593799433447,0.02759365226968035,0.028376668184125202,2.0,0.9999999999999999,0.014201238211680975,True,21,56,41,False,-20,-22.0,49,34,49,49,1.0,36.0,0.7346938775510204,True,36.0,0.7346938775510204
530,64,1.8641516909502216,0.05787509485374993,0.06143038416415256,0.25,1.0,0.03380536794421584,True,21,46,37,False,-16,-16.25,39,30,39,39,1.0,30.25,0.7756410256410257,True,30.25,0.7756410256410257
531,64,1.3481355185147854,0.11353520188572298,0.12807637948764525,0.5,0.9999999999999999,0.06628103952130042,True,21,31,27,False,-6,-6.5,29,22,29,29,1.0,22.5,0.7758620689655172,True,22.5,0.7758620689655172
532,64,1.5689902494814578,0.003661699043459844,0.0036751563599877763,2.0,1.0,0.001825307902203094,True,21,37,22,False,-1,-3.0,33,18,33,33,1.0,20.0,0.6060606060606061,True,20.0,0.6060606060606061
533,64,2.4843498235374137,0.012814869394449004,0.012981222059724717,0.25,1.0,0.008756241656643819,True,21,63,44,False,-23,-23.25,55,35,55,55,1.0,35.25,0.6409090909090909,True,35.25,0.6409090909090909
534,64,1.4435729853969312,0.0010525891175186917,0.0010536982288074832,1.0,0.9999999999999999,0.0007386086611770297,True,21,34,17,True,4,3.0,31,15,15,16.0,0.5161290322580645,16.0,0.5161290322580645,True,16.0,0.5161290322580645
535,64,1.283866504226204,0.006459877735220875,0.006501879079121188,0.25,1.0,0.0035111660372478984,True,21,29,19,True,2,1.75,26,16,16,16.25,0.625,16.25,0.625,True,16.25,0.625
536,64,1.2033840775296138,0.008847655776290304,0.008926635575099168,4.0,1.0,0.005472995684385072,True,21,27,18,False,3,-1.0,25,16,25,25,1.0,20.0,0.8,True,20.0,0.8
537,64,2.158306286078812,0.001544122547052925,0.0015465105488606762,0.5,1.0,0.0010011770843212653,True,21,54,29,False,-8,-8.5,48,21,48,48,1.0,21.5,0.4479166666666667,True,21.5,0.4479166666666667
538,64,1.3231293229219823,0.0424289396914927,0.044308920194207915,0.25,1.0,0.02269640714406004,True,21,30,24,False,-3,-3.25,28,20,28,28,1.0,20.25,0.7232142857142857,True,20.25,0.7232142857142857
539,64,2.057711058939246,0.026592546121251243,0.027319028650630933,0.25,0.9999999999999999,0.014923969754746528,True,21,51,38,False,-17,-17.25,47,33,47,47,1.0,33.25,0.7074468085106383,True,33.25,0.7074468085106383
540,64,1.5421857048726286,0.005760250265805561,0.00579362298413993,4.0,0.9999999999999999,0.0030106463548671136,True,21,37,23,False,-2,-6.0,33,18,33,33,1.0,22.0,0.6666666666666666,True,22.0,0.6666666666666666
541,64,2.576147324368162,0.17103189910365357,0.20631903558016315,0.5,1.0,0.0925875107415602,True,21,66,59,False,-38,-38.5,59,47,59,59,1.0,47.5,0.8050847457627118,True,47.5,0.8050847457627118
542,64,1.0825290847759383,0.09776382844262482,0.10835724782999104,2.0,1.0,0.0611478758116568,True,21,23,20,False,1,-1.0,22,18,22,22,1.0,20.0,0.9090909090909091,True,20.0,0.9090909090909091
543,64,1.9410502753094736,0.004483052357110857,0.004503240620589629,0.25,0.9999999999999999,0.002452098629621374,True,21,48,29,False,-8,-8.25,42,23,42,42,1.0,23.25,0.5535714285714286,True,23.25,0.5535714285714286
544,64,1.7989234243623613,0.5378618202031197,1.1638549761015666,4.0,1.0,0.5234316362605466,True,21,44,44,False,-23,-27.0,39,37,39,39,1.0,41.0,1.0512820512820513,True,41.0,1.0512820512820513
545,64,1.2289127053991296,0.004604009759732672,0.004625304707748885,2.0,1.0,0.002891803560654456,True,21,28,17,True,4,2.0,25,15,15,17.0,0.68,17.0,0.68,True,17.0,0.68
546,64,2.920580204187873,0.0021533790524275206,0.002158026100627203,2.0,1.0,0.0012401886016224198,True,21,76,42,False,-21,-23.0,68,34,68,68,1.0,36.0,0.5294117647058824,True,36.0,0.5294117647058824
547,64,1.0593445281344323,0.4682163383472886,0.8804639407162976,2.0,1.0,0.27018526353364836,True,21,23,23,False,-2,-4.0,22,20,22,22,1.0,22.0,1.0,True,22.0,1.0
548,64,1.8609931394117902,0.0056362682046906835,0.005668215789120227,0.5,1.0,0.0035511312322534564,True,21,46,29,False,-8,-8.5,40,22,40,40,1.0,22.5,0.5625,True,22.5,0.5625
549,64,2.441541889533215,0.05229101648030691,0.055176238053693955,0.25,0.9999999999999999,0.031659720501520036,True,21,62,49,False,-28,-28.25,54,38,54,54,1.0,38.25,0.7083333333333334,True,38.25,0.7083333333333334
550,64,2.605088605679046,0.0634959208040294,0.0678010082545966,1.0,0.9999999999999998,0.03660425734649625,True,21,67,54,False,-33,-34.0,58,45,58,58,1.0,46.0,0.7931034482758621,True,46.0,0.7931034482758621
551,64,1.3555254007328839,0.1239892769516492,0.14153853793043775,4.0,1.0,0.0827483985135357,True,21,31,27,False,-6,-10.0,28,23,28,28,1.0,27.0,0.9642857142857143,True,27.0,0.9642857142857143
552,64,2.725653623244945,0.008213851758819439,0.008281877875977364,0.5,0.9999999999999999,0.005565059228432,True,21,70,46,False,-25,-25.5,60,33,60,60,1.0,33.5,0.5583333333333333,True,33.5,0.5583333333333333
553,64,2.5414170251763326,0.0034792342791006847,0.0034913816136924653,0.5,1.0,0.0019807996719619306,True,21,65,39,False,-18,-18.5,58,28,58,58,1.0,28.5,0.49137931034482757,True,28.5,0.49137931034482757
554,64,1.414858183366639,0.0033579346175175834,0.003369248333130415,0.5,1.0,0.0021515399331286473,True,21,33,20,True,1,0.5,29,16,16,16.5,0.5689655172413793,16.5,0.5689655172413793,True,16.5,0.5689655172413793
555,64,2.7603600545551035,0.5312550505964175,1.1333563194064729,0.5,1.0,0.48146527798284916,True,21,71,72,False,-51,-51.5,62,58,62,62,1.0,58.5,0.9435483870967742,True,58.5,0.9435483870967742
556,64,1.3429361185450768,0.01316778905471739,0.013343493360542028,1.0,0.9999999999999999,0.00788040430189433,True,21,31,21,False,0,-1.0,29,18,29,29,1.0,19.0,0.6551724137931034,True,19.0,0.6551724137931034
557,64,1.869719123243908,0.023310200137564536,0.02386653381743899,2.0,1.0,0.012013955676830624,True,21,46,34,False,-13,-15.0,41,27,41,41,1.0,29.0,0.7073170731707317,True,29.0,0.7073170731707317
558,64,1.294151006413543,0.010520640385922365,0.01063250110646642,0.25,0.9999999999999998,0.006666299265778019,True,21,30,20,True,1,0.75,28,18,18,18.25,0.6517857142857143,18.25,0.6517857142857143,True,18.25,0.6517857142857143
559,64,1.8659962422509917,0.18594692613445454,0.2284211338352698,0.25,0.9999999999999999,0.1180540194270153,True,21,46,41,False,-20,-20.25,41,36,41,41,1.0,36.25,0.8841463414634146,True,36.25,0.8841463414634146
560,64,1.398411434406023,0.1463504871149458,0.1714409542861793,1.0,0.9999999999999999,0.07832627580860729,True,21,33,28,False,-7,-8.0,29,23,29,29,1.0,24.0,0.8275862068965517,True,24.0,0.8275862068965517
561,64,1.3743316529111607,0.0011810152872746764,0.0011824117336079203,2.0,1.0,0.0007463370901125679,True,21,32,17,True,4,2.0,29,14,14,16.0,0.5517241379310345,16.0,0.5517241379310345,True,16.0,0.5517241379310345
562,64,1.6314928865201306,0.007129775272615792,0.007180974003499238,1.0,1.0,0.004454558530042724,True,21,39,25,False,-4,-5.0,36,20,36,36,1.0,21.0,0.5833333333333334,True,21.0,0.5833333333333334
563,64,1.2202268099531226,0.12295977248735022,0.14019855490103703,0.25,1.0,0.0734318796812137,True,21,27,24,False,-3,-3.25,26,21,26,26,1.0,21.25,0.8173076923076923,True,21.25,0.8173076923076923
564,64,1.4440897499423981,0.023077643821819503,0.023622802442664525,0.25,0.9999999999999999,0.012419767810170146,True,21,34,25,False,-4,-4.25,31,20,31,31,1.0,20.25,0.6532258064516129,True,20.25,0.6532258064516129
565,64,1.0388713268785514,0.016876719692314746,0.01716643276622733,2.0,1.0,0.008616710532491242,True,21,22,16,True,5,3.0,22,14,14,16.0,0.7272727272727273,16.0,0.7272727272727273,True,16.0,0.7272727272727273
566,64,1.0029348701924148,0.0366332212095118,0.038026245056431145,0.5,0.9999999999999999,0.01961412767615181,True,21,21,16,True,5,4.5,21,15,15,15.5,0.7380952380952381,15.5,0.7380952380952381,True,15.5,0.7380952380952381
567,64,1.0956430951578693,0.08949467267601938,0.09829121257208738,0.5,1.0,0.05176779558335813,True,21,24,20,True,1,0.5,23,18,18,18.5,0.8043478260869565,18.5,0.8043478260869565,True,18.5,0.8043478260869565
568,64,1.4742552629523542,0.001946378161067822,0.001950173937029139,1.0,0.9999999999999999,0.0009835244844542635,True,21,35,19,True,2,1.0,31,15,15,16.0,0.5161290322580645,16.0,0.5161290322580645,True,16.0,0.5161290322580645
569,64,2.831795619572203,0.07195254833098827,0.07753110921385317,0.25,0.9999999999999999,0.04556053774396497,True,21,73,60,False,-39,-39.25,63,45,63,63,1.0,45.25,0.7182539682539683,True,45.25,0.7182539682539683
570,64,1.0656168853289198,0.05839354604919545,0.06201481075685819,0.5,1.0000000000000002,0.03399405961470199,True,21,23,18,True,3,2.5,22,17,17,17.5,0.7954545454545454,17.5,0.7954545454545454,True,17.5,0.7954545454545454
571,64,2.3300925591405175,0.3533462694915195,0.5464226877863585,4.0,1.0,0.21899364836664192,True,21,59,56,False,-35,-39.0,51,47,51,51,1.0,51.0,1.0,True,51.0,1.0
572,64,2.3955582685039176,0.2174066510826782,0.27780283512944404,0.5,1.0,0.1120957865901485,True,21,61,55,False,-34,-34.5,52,46,52,52,1.0,46.5,0.8942307692307693,True,46.5,0.8942307692307693
573,64,2.6104871885004797,0.08751035267370824,0.09590284441048122,4.0,0.9999999999999999,0.0546264556323669,True,21,67,56,False,-35,-39.0,58,44,58,58,1.0,48.0,0.8275862068965517,True,48.0,0.8275862068965517
574,64,1.785217906420094,0.003314384246437649,0.0033254059194300183,0.5,1.0,0.0017778725775751021,True,21,44,26,False,-5,-5.5,38,18,38,38,1.0,18.5,0.4868421052631579,True,18.5,0.4868421052631579
575,64,1.1951585518157328,0.047535710270477795,0.04990812861233552,2.0,1.0,0.026964693023508884,True,21,27,21,False,0,-2.0,25,18,25,25,1.0,20.0,0.8,True,20.0,0.8
576,64,1.7703713524221272,0.233827135978353,0.30518848546918337,1.0,1.0,0.12398214885437371,True,21,43,39,False,-18,-19.0,39,32,39,39,1.0,33.0,0.8461538461538461,True,33.0,0.8461538461538461
577,64,1.703519956518812,0.19490674272457925,0.24209213151800382,2.0,0.9999999999999999,0.13115821297164512,True,21,41,37,False,-16,-18.0,36,31,36,36,1.0,33.0,0.9166666666666666,True,33.0,0.9166666666666666
578,64,2.6822936535142325,0.003534517063966029,0.0035470541875186256,0.5,1.0,0.0020777742920547655,True,21,69,41,False,-20,-20.5,61,33,61,61,1.0,33.5,0.5491803278688525,True,33.5,0.5491803278688525
579,64,2.5065554082917885,0.007387425032971067,0.007442405243774442,2.0,1.0,0.004249986859802864,True,21,64,41,False,-20,-22.0,56,32,56,56,1.0,34.0,0.6071428571428571,True,34.0,0.6071428571428571
580,64,2.2920011090052106,0.30366330930890895,0.43608690073121553,0.25,0.9999999999999999,0.19155609304335755,True,21,58,54,False,-33,-33.25,52,44,52,52,1.0,44.25,0.8509615384615384,True,44.25,0.8509615384615384
581,64,2.008467493597511,0.039627705268197436,0.041262857628836566,4.0,1.0000000000000002,0.022113019453505522,True,21,50,39,False,-18,-22.0,45,32,45,45,1.0,36.0,0.8,True,36.0,0.8
582,64,2.0677086952802726,0.006306585256618609,0.006346610698076597,1.0,1.0,0.0036470167512006437,True,21,52,33,False,-12,-13.0,44,26,44,44,1.0,27.0,0.6136363636363636,True,27.0,0.6136363636363636
583,64,2.23111935637866,0.4291921724620743,0.7519030955011875,0.25,1.0,0.30117044715065383,True,21,56,55,False,-34,-34.25,49,43,49,49,1.0,43.25,0.8826530612244898,True,43.25,0.8826530612244898
584,64,2.74383581451134,0.0052548888424274725,0.00528264857347469,1.0,0.9999999999999999,0.0032404409979891725,True,21,71,44,False,-23,-24.0,59,32,59,59,1.0,33.0,0.559322033898305,True,33.0,0.559322033898305
585,64,1.8397533061923679,0.002254328084667045,0.0022594215621497015,1.0,0.9999999999999999,0.0011147965561891402,True,21,45,25,False,-4,-5.0,40,19,40,40,1.0,20.0,0.5,True,20.0,0.5
586,64,1.0363151563511324,0.0165458769549061,0.016824248907183065,0.5,1.0,0.010492444344430647,True,21,22,16,True,5,4.5,22,15,15,15.5,0.7045454545454546,15.5,0.7045454545454546,True,15.5,0.7045454545454546
587,64,1.8519289542737873,0.1686900517457094,0.20292076631580083,0.5,1.0,0.10272405791796851,True,21,45,40,False,-19,-19.5,40,33,40,40,1.0,33.5,0.8375,True,33.5,0.8375
588,64,1.4649064816561195,0.023175008883630617,0.02372483207779619,0.25,1.0,0.012286613615111486,True,21,34,25,False,-4,-4.25,31,21,31,31,1.0,21.25,0.6854838709677419,True,21.25,0.6854838709677419
589,64,1.33647963635931,0.002056232269410147,0.0020604690724069516,0.25,1.0,0.001288152632506592,True,21,31,17,True,4,3.75,29,14,14,14.25,0.49137931034482757,14.25,0.49137931034482757,True,14.25,0.49137931034482757
590,64,1.9349617463822066,0.4448209381136932,0.8012206667202924,0.25,1.0,0.31356643678152535,True,21,48,47,False,-26,-26.25,44,37,44,44,1.0,37.25,0.8465909090909091,True,37.25,0.8465909090909091
591,64,1.3009402649684583,0.007905028067584112,0.007968015453386072,4.0,1.0,0.004979173834885082,True,21,30,20,False,1,-3.0,27,17,27,27,1.0,21.0,0.7777777777777778,True,21.0,0.7777777777777778
592,64,1.2083962253035194,0.002845070951533888,0.002853188475183885,4.0,1.0,0.0016994756565428435,True,21,27,16,True,5,1.0,25,14,14,18.0,0.72,18.0,0.72,True,18.0,0.72
593,64,1.6778356201845082,0.2888341325686655,0.4061417255750867,0.5,0.9999999999999999,0.1897643307461522,True,21,41,38,False,-17,-17.5,37,33,37,37,1.0,33.5,0.9054054054054054,True,33.5,0.9054054054054054
594,64,1.5612180533577804,0.023133788946696304,0.023681634890157937,1.0,0.9999999999999999,0.012427762660216297,True,21,37,27,False,-6,-7.0,34,22,34,34,1.0,23.0,0.6764705882352942,True,23.0,0.6764705882352942
595,64,1.8060347183242915,0.020429997025831433,0.020856086817483094,1.0,0.9999999999999999,0.01071709654827783,True,21,44,32,False,-11,-12.0,39,26,39,39,1.0,27.0,0.6923076923076923,True,27.0,0.6923076923076923
596,64,1.1502577794040603,0.056361612029515715,0.05972797710226116,0.5,1.0000000000000002,0.032933060797939916,True,21,25,20,True,1,0.5,24,18,18,18.5,0.7708333333333334,18.5,0.7708333333333334,True,18.5,0.7708333333333334
597,64,2.443133458711116,0.003165701949248263,0.003175755444449091,4.0,0.9999999999999999,0.002076242094473973,True,21,62,37,False,-16,-20.0,55,29,55,55,1.0,33.0,0.6,True,33.0,0.6
598,64,2.758754014565115,0.00162446319269635,0.0016271063671003064,0.5,1.0,0.0009434166051907659,True,21,71,38,False,-17,-17.5,61,28,61,61,1.0,28.5,0.4672131147540984,True,28.5,0.4672131147540984
599,64,2.6850321466875693,0.23728160367931192,0.3110998827666219,2.0,0.9999999999999999,0.13497779587430084,True,21,69,63,False,-42,-44.0,59,50,59,59,1.0,52.0,0.8813559322033898,True,52.0,0.8813559322033898
600,64,2.4677819778715717,0.0012365113330376337,0.0012380421862316878,1.0,0.9999999999999999,0.0006881858498348521,True,21,63,33,False,-12,-13.0,51,22,51,51,1.0,23.0,0.45098039215686275,True,23.0,0.45098039215686275
601,64,2.1308817441412162,0.004456861641460301,0.00447681418286787,1.0,1.0,0.0027385396119413174,True,21,53,33,False,-12,-13.0,47,24,47,47,1.0,25.0,0.5319148936170213,True,25.0,0.5319148936170213
602,64,1.505541449465649,0.5687248012147905,1.3187050932136626,4.0,1.0,0.4804675731315149,True,21,36,36,False,-15,-19.0,33,30,33,33,1.0,34.0,1.0303030303030303,True,34.0,1.0303030303030303
603,64,1.580527795752041,0.05638849987984278,0.059758173647377545,0.5,1.0000000000000002,0.03320136851465163,True,21,38,30,False,-9,-9.5,34,25,34,34,1.0,25.5,0.75,True,25.5,0.75
604,64,2.495865769583031,0.004149386873782091,0.004166676024585809,0.25,0.9999999999999999,0.0022837219869818676,True,21,64,39,False,-18,-18.25,54,27,54,54,1.0,27.25,0.5046296296296297,True,27.25,0.5046296296296297
605,64,1.8855053745998995,0.47312242176701036,0.897974105016463,4.0,1.0,0.2796124517165921,True,21,46,46,False,-25,-29.0,39,34,39,39,1.0,38.0,0.9743589743589743,True,38.0,0.9743589743589743
606,64,1.3782052931995423,0.3150486831042247,0.4599577741262503,0.5,1.0,0.17129839716008202,True,21,32,30,False,-9,-9.5,30,26,30,30,1.0,26.5,0.8833333333333333,True,26.5,0.8833333333333333
607,64,1.1426854366876846,0.05067755391519363,0.05338286703764131,4.0,0.9999999999999999,0.031637025679364335,True,21,25,20,False,1,-3.0,24,18,24,24,1.0,22.0,0.9166666666666666,True,22.0,0.9166666666666666
608,64,2.3012729175097575,0.004954125896073925,0.004978791455756038,2.0,1.0,0.003103682081511399,True,21,58,36,False,-15,-17.0,52,30,52,52,1.0,32.0,0.6153846153846154,True,32.0,0.6153846153846154
609,64,1.896603901179234,0.14388062947990077,0.16806141110029102,0.25,0.9999999999999999,0.08641065129676057,True,21,47,41,False,-20,-20.25,40,32,40,40,1.0,32.25,0.80625,True,32.25,0.80625
610,64,2.7674623067829813,0.002136072405876998,0.00214064497854645,1.0,1.0,0.0011062407170639276,True,21,71,40,False,-19,-20.0,62,26,62,62,1.0,27.0,0.43548387096774194,True,27.0,0.43548387096774194
611,64,2.1697244308653545,0.2784134771061037,0.38583519546559253,1.0,1.0000000000000002,0.15597338297445798,True,21,54,51,False,-30,-31.0,48,42,48,48,1.0,43.0,0.8958333333333334,True,43.0,0.8958333333333334
612,64,2.930656134930826,0.6272556420799799,1.6828038540413541,4.0,1.0,0.6064659282629152,True,21,76,79,False,-58,-62.0,64,57,64,64,1.0,61.0,0.953125,True,61.0,0.953125
613,64,2.6575769677375916,0.014609108605036853,0.01482569884967736,1.0,1.0,0.00946681202298795,True,21,68,48,False,-27,-28.0,60,36,60,60,1.0,37.0,0.6166666666666667,True,37.0,0.6166666666666667
614,64,1.1595430991718554,0.4918401012538701,0.9678845230949384,2.0,1.0,0.35551012723115666,True,21,26,26,False,-5,-7.0,24,23,24,24,1.0,25.0,1.0416666666666667,True,25.0,1.0416666666666667
615,64,1.9491763742960708,0.26683759276350244,0.3639542755189686,2.0,0.9999999999999999,0.15943909662932812,True,21,48,45,False,-24,-26.0,42,36,42,42,1.0,38.0,0.9047619047619048,True,38.0,0.9047619047619048
616,64,1.1689970866840051,0.00538438713011874,0.005413535702081465,4.0,1.0,0.003076020136162636,True,21,26,16,True,5,1.0,24,14,14,18.0,0.75,18.0,0.75,True,18.0,0.75
617,64,1.4120040153106923,0.009960761707152493,0.010060976698588346,4.0,1.0,0.005618756491657128,True,21,33,22,False,-1,-5.0,30,19,30,30,1.0,23.0,0.7666666666666667,True,23.0,0.7666666666666667
618,64,2.1965428084996015,0.04576963667775079,0.04796497621224207,1.0,1.0,0.029273081950161563,True,21,55,43,False,-22,-23.0,47,33,47,47,1.0,34.0,0.723404255319149,True,34.0,0.723404255319149
619,64,2.3231483257514203,0.5461673442559649,1.2034553647545523,0.25,0.9999999999999999,0.4953699117951854,True,21,59,60,False,-39,-39.25,52,46,52,52,1.0,46.25,0.8894230769230769,True,46.25,0.8894230769230769
620,64,1.428538182559357,0.0031213097413294102,0.003131082820638378,4.0,1.0,0.002093207922000705,True,21,33,20,False,1,-3.0,31,16,31,31,1.0,20.0,0.6451612903225806,True,20.0,0.6451612903225806
621,64,2.7041869504829714,0.4030592658138133,0.6752081785192741,0.5,1.0,0.3144956465021737,True,21,70,68,False,-47,-47.5,58,53,58,58,1.0,53.5,0.9224137931034483,True,53.5,0.9224137931034483
622,64,2.2672033429743808,0.001256766703122256,0.0012583481531821107,1.0,0.9999999999999999,0.0006712307906305265,True,21,57,30,False,-9,-10.0,51,20,51,51,1.0,21.0,0.4117647058823529,True,21.0,0.4117647058823529
623,64,2.1204546562517654,0.005964493918163975,0.0060002825670423645,0.5,1.0,0.003543175401655272,True,21,53,34,False,-13,-13.5,46,24,46,46,1.0,24.5,0.532608695652174,True,24.5,0.532608695652174
624,64,1.6637094250698181,0.0190886144665973,0.01946008043959775,1.0,0.9999999999999999,0.010309107652424876,True,21,40,29,False,-8,-9.0,36,24,36,36,1.0,25.0,0.6944444444444444,True,25.0,0.6944444444444444
625,64,1.8165232995864267,0.053211658378643334,0.05620227461559085,0.5,1.0,0.032199651925064014,True,21,44,35,False,-14,-14.5,39,29,39,39,1.0,29.5,0.7564102564102564,True,29.5,0.7564102564102564
626,64,1.5265657697575312,0.1194442949505051,0.13564649489584682,1.0,0.9999999999999999,0.07546857376212068,True,21,36,31,False,-10,-11.0,32,26,32,32,1.0,27.0,0.84375,True,27.0,0.84375
627,64,2.0436181363732113,0.009847781344027017,0.009945724665844145,2.0,1.0,0.006661143143669178,True,21,51,34,False,-13,-15.0,45,27,45,45,1.0,29.0,0.6444444444444445,True,29.0,0.6444444444444445
628,64,1.7076249864722288,0.6013674154227785,1.508575662625703,1.0,0.9999999999999999,0.39179738692012633,True,21,41,43,False,-22,-23.0,36,34,36,36,1.0,35.0,0.9722222222222222,True,35.0,0.9722222222222222
629,64,1.5303686976335336,0.4524829393725895,0.8264271050368376,0.25,1.0,0.2967098056566071,True,21,36,36,False,-15,-15.25,32,29,32,32,1.0,29.25,0.9140625,True,29.25,0.9140625
630,64,1.072632603823164,0.7472864550057882,2.9570494728444574,0.5,1.0,0.8636764291738354,True,21,23,25,False,-4,-4.5,22,22,22,22,1.0,22.5,1.0227272727272727,True,22.5,1.0227272727272727
631,64,2.678751662801166,0.0023815995750314585,0.0023872851322879946,2.0,1.0,0.0014269177054387608,True,21,69,39,False,-18,-20.0,62,31,62,62,1.0,33.0,0.532258064516129,True,33.0,0.532258064516129
632,64,2.4834082382750027,0.13095178014685593,0.15068413599533614,1.0,1.0,0.08290854467021155,True,21,63,55,False,-34,-35.0,55,45,55,55,1.0,46.0,0.8363636363636363,True,46.0,0.8363636363636363
633,64,2.835085622378237,0.00548308000333991,0.005513309922729443,2.0,0.9999999999999999,0.0031074206181982587,True,21,73,46,False,-25,-27.0,66,38,66,66,1.0,40.0,0.6060606060606061,True,40.0,0.6060606060606061
634,64,2.6268830591443577,0.04947345242614658,0.05204846992693028,4.0,1.0,0.030740941831681436,True,21,67,53,False,-32,-36.0,56,41,56,56,1.0,45.0,0.8035714285714286,True,45.0,0.8035714285714286
635,64,2.715949503585884,0.0034966392747170735,0.003508908662557969,0.5,1.0,0.0022393853492822372,True,21,70,42,False,-21,-21.5,62,33,62,62,1.0,33.5,0.5403225806451613,True,33.5,0.5403225806451613
636,64,1.5909196175916953,0.01851828063093264,0.01886767757919819,0.5,1.0,0.011742867467276144,True,21,38,27,False,-6,-6.5,34,23,34,34,1.0,23.5,0.6911764705882353,True,23.5,0.6911764705882353
637,64,1.7839212491728567,0.02181144895442147,0.022297796197990022,4.0,0.9999999999999999,0.015907526164059195,True,21,44,32,False,-11,-15.0,38,26,38,38,1.0,30.0,0.7894736842105263,True,30.0,0.7894736842105263
638,64,1.8212105418262912,0.00626367164952092,0.0063031525273088305,0.5,1.0,0.003713205454146073,True,21,45,28,False,-7,-7.5,40,24,40,40,1.0,24.5,0.6125,True,24.5,0.6125
639,64,1.0164013437519355,0.008115645879828732,0.008182048487928346,4.0,1.0,0.004517770083693553,True,21,21,14,True,7,3.0,21,13,13,17.0,0.8095238095238095,17.0,0.8095238095238095,True,17.0,0.8095238095238095
640,64,1.1431127201987794,0.0565977807958675,0.05999326654501003,1.0,0.9999999999999999,0.03440912899239189,True,21,25,20,True,1,0.0,24,18,18,19.0,0.7916666666666666,19.0,0.7916666666666666,True,19.0,0.7916666666666666
641,64,1.3195624683709464,0.03205072235483335,0.033111985405688354,2.0,1.0,0.01908433323506657,True,21,30,23,False,-2,-4.0,27,19,27,27,1.0,21.0,0.7777777777777778,True,21.0,0.7777777777777778
642,64,1.877351302149398,0.4210649049606505,0.7273093453283072,2.0,1.0,0.2677362387046274,True,21,46,45,False,-24,-26.0,39,35,39,39,1.0,37.0,0.9487179487179487,True,37.0,0.9487179487179487
643,64,2.1677483638192787,0.014123511784935712,0.01432584299733775,4.0,1.0,0.008337120339958266,True,21,54,38,False,-17,-21.0,47,30,47,47,1.0,34.0,0.723404255319149,True,34.0,0.723404255319149
644,64,1.1073119432949392,0.07844072487410125,0.08511739504047103,2.0,1.0,0.04426511890394048,True,21,24,20,False,1,-1.0,23,18,23,23,1.0,20.0,0.8695652173913043,True,20.0,0.8695652173913043
645,64,1.3052538212627247,0.019280916110813954,0.019659978507150733,2.0,1.0,0.010876119871221345,True,21,30,22,False,-1,-3.0,27,18,27,27,1.0,20.0,0.7407407407407407,True,20.0,0.7407407407407407
646,64,2.5438030139984362,0.67071413595812,2.036874974605092,0.5,1.0000000000000002,0.94464671627029,True,21,65,68,False,-47,-47.5,55,53,55,55,1.0,53.5,0.9727272727272728,True,53.5,0.9727272727272728
647,64,2.9482017086091346,0.004620531777947621,0.004641980194950996,0.25,0.9999999999999999,0.0025762781876326425,True,21,77,47,False,-26,-26.25,66,33,66,66,1.0,33.25,0.5037878787878788,True,33.25,0.5037878787878788
648,64,2.2070313417103704,0.039629167225617566,0.041264442726914374,4.0,1.0,0.025905383745964763,True,21,56,43,False,-22,-26.0,49,34,49,49,1.0,38.0,0.7755102040816326,True,38.0,0.7755102040816326
649,64,1.1035618234712452,0.08537608113703711,0.0933455591705654,0.5,0.9999999999999999,0.04591279327632013,True,21,24,20,True,1,0.5,23,18,18,18.5,0.8043478260869565,18.5,0.8043478260869565,True,18.5,0.8043478260869565
650,64,1.0686235380156632,0.0018248615788367575,0.001828197786736287,4.0,1.0,0.0010377076166665335,True,21,23,13,True,8,4.0,22,11,11,15.0,0.6818181818181818,15.0,0.6818181818181818,True,15.0,0.6818181818181818
651,64,1.4384711919007918,0.005614088418398003,0.0056457843509353615,4.0,0.9999999999999999,0.0038602642549695858,True,21,34,21,False,0,-4.0,30,18,30,30,1.0,22.0,0.7333333333333333,True,22.0,0.7333333333333333
652,64,2.1605129168728845,0.0036746300461028432,0.0036881827532635036,4.0,1.0,0.002583463988739534,True,21,54,32,False,-11,-15.0,48,24,48,48,1.0,28.0,0.5833333333333334,True,28.0,0.5833333333333334
653,64,1.5240339652976536,0.4235027659803185,0.7346136997525651,0.5,1.0,0.22888168328523795,True,21,36,35,False,-14,-14.5,34,29,34,34,1.0,29.5,0.8676470588235294,True,29.5,0.8676470588235294
654,64,2.104693269460245,0.3949066912318346,0.6526376767176227,1.0,1.0,0.29980400925282363,True,21,53,51,False,-30,-31.0,48,44,48,48,1.0,45.0,0.9375,True,45.0,0.9375
655,64,2.2269507768316434,0.25387323477167983,0.3402548288078003,1.0,1.0,0.19465634804201032,True,21,56,52,False,-31,-32.0,49,40,49,49,1.0,41.0,0.8367346938775511,True,41.0,0.8367346938775511
656,64,2.8501147958346595,0.02352340902863261,0.02409009007090716,0.25,1.0,0.012021606357440092,True,21,74,54,False,-33,-33.25,64,44,64,64,1.0,44.25,0.69140625,True,44.25,0.69140625
657,64,2.9943821950720415,0.0046132963212803905,0.004634677461765073,0.25,1.0,0.0031296401245081784,True,21,78,48,False,-27,-27.25,68,37,68,68,1.0,37.25,0.5477941176470589,True,37.25,0.5477941176470589
658,64,1.3928227402066808,0.0033940820542339833,0.0034056410795050935,2.0,1.0,0.0023511254389710855,True,21,32,19,True,2,0.0,29,16,16,18.0,0.6206896551724138,18.0,0.6206896551724138,True,18.0,0.6206896551724138
659,64,1.7425278058249316,0.571406189309984,1.3332114814958405,4.0,1.0,0.5604267997978608,True,21,42,43,False,-22,-26.0,39,38,39,39,1.0,42.0,1.0769230769230769,True,42.0,1.0769230769230769
660,64,1.1903938466158164,0.38326789816627105,0.621449567854018,0.5,1.0,0.2612055771724076,True,21,27,26,False,-5,-5.5,25,23,25,25,1.0,23.5,0.94,True,23.5,0.94
661,64,1.7091029170082066,0.0015683237668642834,0.0015707872698723121,0.25,1.0,0.0010401426618234142,True,21,41,22,False,-1,-1.25,37,17,37,37,1.0,17.25,0.46621621621621623,True,17.25,0.46621621621621623
662,64,1.8215076209283143,0.0011065202632124837,0.0011077460066152961,0.5,1.0,0.0007359201227635682,True,21,45,23,False,-2,-2.5,39,18,39,39,1.0,18.5,0.47435897435897434,True,18.5,0.47435897435897434
663,64,2.2316328578353013,0.001187966121612503,0.0011893790636458696,0.5,1.0,0.0005966437422767639,True,21,56,29,False,-8,-8.5,49,21,49,49,1.0,21.5,0.4387755102040816,True,21.5,0.4387755102040816
664,64,2.213171864746529,0.0019286563080196234,0.0019323832110892019,0.25,1.0,0.0011022496798852733,True,21,56,31,False,-10,-10.25,48,23,48,48,1.0,23.25,0.484375,True,23.25,0.484375
665,64,1.4527687772844893,0.06921102243828685,0.07435737219363238,1.0,1.0,0.033653636772394795,True,21,34,28,False,-7,-8.0,31,22,31,31,1.0,23.0,0.7419354838709677,True,23.0,0.7419354838709677
666,64,2.1923973487634196,0.05940246389933581,0.06315396502694906,0.25,1.0,0.0384819675669117,True,21,55,44,False,-23,-23.25,49,35,49,49,1.0,35.25,0.7193877551020408,True,35.25,0.7193877551020408
667,64,2.188622039251012,0.006079667635635305,0.006116856087623065,1.0,0.9999999999999999,0.003739892306033566,True,21,55,35,False,-14,-15.0,47,26,47,47,1.0,27.0,0.574468085106383,True,27.0,0.574468085106383
668,64,1.0397135230291463,0.00457771612629109,0.004598767980637124,4.0,1.0,0.0025544167304317462,True,21,22,14,True,7,3.0,22,13,13,17.0,0.7727272727272727,17.0,0.7727272727272727,True,17.0,0.7727272727272727
669,64,2.2982212546913683,0.11452354793888847,0.12933550934337504,4.0,1.0,0.07448340033158359,True,21,58,50,False,-29,-33.0,50,39,50,50,1.0,43.0,0.86,True,43.0,0.86
670,64,1.410693213868822,0.003422518685751123,0.0034342725477176485,1.0,0.9999999999999998,0.0018613807897501678,True,21,33,20,True,1,0.0,31,16,16,17.0,0.5483870967741935,17.0,0.5483870967741935,True,17.0,0.5483870967741935
671,64,2.4932614640563715,0.004284721653425141,0.004303159494087601,0.5,0.9999999999999998,0.00206007347244357,True,21,64,39,False,-18,-18.5,57,28,57,57,1.0,28.5,0.5,True,28.5,0.5
672,64,1.7517890838293502,0.5384750716152995,1.1667301991680454,4.0,1.0,0.49245874441434395,True,21,43,43,False,-22,-26.0,38,34,38,38,1.0,38.0,1.0,True,38.0,1.0
673,64,1.155936597426741,0.0013502335255786114,0.001352059121132529,2.0,0.9999999999999998,0.000932187183789039,True,21,26,14,True,7,5.0,24,12,12,14.0,0.5833333333333334,14.0,0.5833333333333334,True,14.0,0.5833333333333334
674,64,1.0729686363955953,0.16212301122688494,0.19349261693447165,4.0,0.9999999999999999,0.10565767191731798,True,21,23,20,False,1,-3.0,22,19,22,22,1.0,23.0,1.0454545454545454,True,23.0,1.0454545454545454
675,64,1.0666359059411101,0.002186362029660451,0.0021911526826870666,0.25,1.0,0.0013346699396298758,True,21,23,13,True,8,7.75,22,12,12,12.25,0.5568181818181818,12.25,0.5568181818181818,True,12.25,0.5568181818181818
676,64,1.839689646234155,0.003312462006923894,0.0033234708779381825,0.25,1.0,0.0024539888998978353,True,21,45,27,False,-6,-6.25,40,21,40,40,1.0,21.25,0.53125,True,21.25,0.53125
677,64,2.239487805220651,0.15871199464911645,0.18865358074720323,1.0,0.9999999999999999,0.09686453939856207,True,21,56,50,False,-29,-30.0,48,39,48,48,1.0,40.0,0.8333333333333334,True,40.0,0.8333333333333334
678,64,2.54918651111336,0.40563126390549026,0.6824572681443853,2.0,1.0,0.31925708609640374,True,21,65,63,False,-42,-44.0,56,50,56,56,1.0,52.0,0.9285714285714286,True,52.0,0.9285714285714286
679,64,1.4738390554037513,0.047453290763226574,0.04981728486705754,2.0,1.0,0.026574214807504278,True,21,35,27,False,-6,-8.0,30,22,30,30,1.0,24.0,0.8,True,24.0,0.8
680,64,2.4640807931733475,0.01072465751136387,0.01084092269436814,0.25,1.0,0.006383572748869211,True,21,63,42,False,-21,-21.25,55,34,55,55,1.0,34.25,0.6227272727272727,True,34.25,0.6227272727272727
681,64,1.0113645891009908,0.009112947552414702,0.00919675711768042,2.0,1.0,0.00567745235285475,True,21,21,14,True,7,5.0,21,13,13,15.0,0.7142857142857143,15.0,0.7142857142857143,True,15.0,0.7142857142857143
682,64,1.0245821744068024,0.002337837674024956,0.0023433159663732873,0.5,1.0,0.0012769566361813989,True,21,22,12,True,9,8.5,21,11,11,11.5,0.5476190476190477,11.5,0.5476190476190477,True,11.5,0.5476190476190477
683,64,1.1218902816241545,0.18829011308567886,0.2319672534745823,1.0,1.0,0.08248605485055108,True,21,25,22,False,-1,-2.0,23,19,23,23,1.0,20.0,0.8695652173913043,True,20.0,0.8695652173913043
684,64,2.4029242430959497,0.0022301285109760857,0.002235113100426603,2.0,1.0,0.0016024413346036074,True,21,61,34,False,-13,-15.0,52,24,52,52,1.0,26.0,0.5,True,26.0,0.5
685,64,1.7066684347135956,0.03148076634997161,0.03250401773781097,0.5,1.0000000000000002,0.020331401439110802,True,21,41,31,False,-10,-10.5,37,25,37,37,1.0,25.5,0.6891891891891891,True,25.5,0.6891891891891891
686,64,2.4707577798713585,0.043821795710804134,0.04583015541896858,2.0,0.9999999999999999,0.0264642704579849,True,21,63,49,False,-28,-30.0,56,38,56,56,1.0,40.0,0.7142857142857143,True,40.0,0.7142857142857143
687,64,1.6183604406734824,0.0034373411711191436,0.0034491972387953656,0.5,1.0,0.002307090393810821,True,21,39,23,False,-2,-2.5,35,19,35,35,1.0,19.5,0.5571428571428572,True,19.5,0.5571428571428572
688,64,2.1355670262008597,0.3323177789438289,0.49771847813792774,4.0,1.0,0.16382979348618742,True,21,54,51,False,-30,-34.0,45,39,45,45,1.0,43.0,0.9555555555555556,True,43.0,0.9555555555555556
689,64,1.6421256098948243,0.0036903960801614663,0.003704065549144691,2.0,0.9999999999999999,0.002357345466361109,True,21,39,24,False,-3,-5.0,37,20,37,37,1.0,22.0,0.5945945945945946,True,22.0,0.5945945945945946
690,64,2.320535436157105,0.0012636204857668226,0.001265219242720911,0.25,0.9999999999999999,0.0007432198871297689,True,21,59,31,False,-10,-10.25,51,23,51,51,1.0,23.25,0.45588235294117646,True,23.25,0.45588235294117646
691,64,2.713799023923159,0.0013403044934962845,0.0013421033206076312,1.0,0.9999999999999999,0.000664504245522337,True,21,70,37,False,-16,-17.0,61,25,61,61,1.0,26.0,0.4262295081967213,True,26.0,0.4262295081967213
692,64,1.2921634799571033,0.005162003535899367,0.005188788078306618,4.0,1.0,0.0032513662777728073,True,21,29,18,False,3,-1.0,27,16,27,27,1.0,20.0,0.7407407407407407,True,20.0,0.7407407407407407
693,64,1.098252532186274,0.24282396048502874,0.32069683641940905,1.0,1.0,0.1553135983820761,True,21,24,22,False,-1,-2.0,23,20,23,23,1.0,21.0,0.9130434782608695,True,21.0,0.9130434782608695
694,64,1.2276650374450366,0.13170289819226597,0.15167953217633656,0.5,1.0,0.06121757110798649,True,21,28,24,False,-3,-3.5,25,20,25,25,1.0,20.5,0.82,True,20.5,0.82
695,64,2.4203325678624794,0.029626460770389065,0.030530985824190757,2.0,1.0000000000000002,0.015940037389185202,True,21,62,46,False,-25,-27.0,54,36,54,54,1.0,38.0,0.7037037037037037,True,38.0,0.7037037037037037
696,64,1.4147304769438698,0.04048400930023094,0.042192115287944504,0.25,1.0,0.026015560312045806,True,21,33,26,False,-5,-5.25,29,21,29,29,1.0,21.25,0.7327586206896551,True,21.25,0.7327586206896551
697,64,1.1684779608938811,0.4556779340832741,0.8371476422067131,4.0,1.0,0.3140485621405988,True,21,26,26,False,-5,-9.0,24,22,24,24,1.0,26.0,1.0833333333333333,True,26.0,1.0833333333333333
698,64,2.839840030200892,0.7359273729484557,2.7868370196688734,1.0,0.9999999999999999,0.9381843059071253,True,21,73,79,False,-58,-59.0,64,57,64,64,1.0,58.0,0.90625,True,58.0,0.90625
699,64,2.9046344950039646,0.018072814367214404,0.018405452697154625,4.0,1.0,0.011635614616414929,True,21,75,54,False,-33,-37.0,63,37,63,63,1.0,41.0,0.6507936507936508,True,41.0,0.6507936507936508
700,64,1.0408112192817667,0.004277296801664052,0.00429567066003924,0.5,1.0,0.002382996383594107,True,21,22,14,True,7,6.5,22,12,12,12.5,0.5681818181818182,12.5,0.5681818181818182,True,12.5,0.5681818181818182
701,64,2.3034950830620597,0.0031633190596342593,0.003173357401585727,0.5,1.0,0.002061686952749133,True,21,58,34,False,-13,-13.5,52,25,52,52,1.0,25.5,0.49038461538461536,True,25.5,0.49038461538461536
702,64,1.6570404651907784,0.10945273037325855,0.1229050204366287,0.25,1.0,0.06018249943313428,True,21,40,34,False,-13,-13.25,37,29,37,37,1.0,29.25,0.7905405405405406,True,29.25,0.7905405405405406
703,64,2.357900651507854,0.33741676728308034,0.5092443494223425,2.0,0.9999999999999999,0.18708717677940426,True,21,60,57,False,-36,-38.0,51,45,51,51,1.0,47.0,0.9215686274509803,True,47.0,0.9215686274509803
704,64,1.8211876545202967,0.047847612981553385,0.05025205380347002,4.0,0.9999999999999999,0.028946930165276264,True,21,45,35,False,-14,-18.0,40,28,40,40,1.0,32.0,0.8,True,32.0,0.8
705,64,1.808590396467009,0.06837346471422259,0.07339149554520681,4.0,1.0,0.039539888422653734,True,21,44,36,False,-15,-19.0,40,29,40,40,1.0,33.0,0.825,True,33.0,0.825
706,64,1.2070458613552912,0.03781250073836232,0.03929847432790265,0.25,0.9999999999999999,0.023252290906617564,True,21,27,21,False,0,-0.25,25,18,25,25,1.0,18.25,0.73,True,18.25,0.73
707,64,1.3670977547153644,0.08992836931686445,0.09881460566940282,2.0,1.0,0.04854235821835456,True,21,32,26,False,-5,-7.0,29,22,29,29,1.0,24.0,0.8275862068965517,True,24.0,0.8275862068965517
708,64,1.2943561348956343,0.012253233555459736,0.012405237831925342,0.5,1.0,0.007311512777630667,True,21,30,20,True,1,0.5,28,17,17,17.5,0.625,17.5,0.625,True,17.5,0.625
709,64,2.613740972165088,0.08718136560951972,0.0955078723472091,2.0,0.9999999999999999,0.05934662128119535,True,21,67,56,False,-35,-37.0,59,43,59,59,1.0,45.0,0.7627118644067796,True,45.0,0.7627118644067796
710,64,1.4640418768609667,0.15357815737476102,0.18144399121179006,2.0,1.0,0.09652195645498067,True,21,34,30,False,-9,-11.0,31,26,31,31,1.0,28.0,0.9032258064516129,True,28.0,0.9032258064516129
711,64,1.4938622821583822,0.08098772994303904,0.08812475369672634,0.25,1.0,0.04075177944610943,True,21,35,29,False,-8,-8.25,32,24,32,32,1.0,24.25,0.7578125,True,24.25,0.7578125
712,64,1.8542537981874232,0.0659073165836159,0.0705575771587934,4.0,0.9999999999999999,0.038285219118246686,True,21,46,37,False,-16,-20.0,40,30,40,40,1.0,34.0,0.85,True,34.0,0.85
713,64,2.36517039258458,0.032817613550528854,0.03393115301758378,0.5,1.0,0.019440305823103278,True,21,60,45,False,-24,-24.5,55,37,55,55,1.0,37.5,0.6818181818181818,True,37.5,0.6818181818181818
714,64,2.497242293654725,0.24241574438553412,0.3199851931834488,4.0,1.0,0.13746864827428718,True,21,64,59,False,-38,-42.0,56,47,56,56,1.0,51.0,0.9107142857142857,True,51.0,0.9107142857142857
715,64,1.0559217702868433,0.5135179614855989,1.0555743497822838,2.0,1.0,0.3594975254512643,True,21,23,23,False,-2,-4.0,22,20,22,22,1.0,22.0,1.0,True,22.0,1.0
716,64,2.2793094029309953,0.0014215700368168777,0.0014235937750721192,4.0,0.9999999999999999,0.0008168271186267105,True,21,58,30,False,-9,-13.0,51,23,51,51,1.0,27.0,0.5294117647058824,True,27.0,0.5294117647058824
717,64,2.191538597281594,0.04639476252220901,0.048651958587097754,4.0,1.0,0.026982073662880635,True,21,55,43,False,-22,-26.0,49,35,49,49,1.0,39.0,0.7959183673469388,True,39.0,0.7959183673469388
718,64,1.7572657727518182,0.4366481869404376,0.7750896985118453,2.0,1.0,0.2743062428044545,True,21,43,42,False,-21,-23.0,38,34,38,38,1.0,36.0,0.9473684210526315,True,36.0,0.9473684210526315
719,64,2.019912713199816,0.0021748467350167096,0.0021795870026932018,0.5,1.0,0.0011764709255170421,True,21,50,28,False,-7,-7.5,41,20,41,41,1.0,20.5,0.5,True,20.5,0.5
720,64,1.5063395903868118,0.003571356890414805,0.0035841571949091736,4.0,0.9999999999999999,0.0017474919202788459,True,21,36,21,False,0,-4.0,32,17,32,32,1.0,21.0,0.65625,True,21.0,0.65625
721,64,1.873112906938569,0.05249383228848149,0.05540210088053377,4.0,1.0,0.024726910393679954,True,21,46,37,False,-16,-20.0,41,30,41,41,1.0,34.0,0.8292682926829268,True,34.0,0.8292682926829268
722,64,2.0863678279335645,0.014006679654955676,0.014205653695558602,4.0,1.0,0.007430062409697846,True,21,52,36,False,-15,-19.0,47,30,47,47,1.0,34.0,0.723404255319149,True,34.0,0.723404255319149
723,64,1.3430195866397434,0.12181115048677947,0.13870723882943778,2.0,1.0,0.0785732455224462,True,21,31,27,False,-6,-8.0,28,23,28,28,1.0,25.0,0.8928571428571429,True,25.0,0.8928571428571429
724,64,1.569193086792244,0.00401014458585614,0.0040262905932798645,4.0,1.0,0.0022084688017434823,True,21,37,23,False,-2,-6.0,34,18,34,34,1.0,22.0,0.6470588235294118,True,22.0,0.6470588235294118
725,64,1.8167998618328458,0.05385381904410283,0.05691913166070595,1.0,0.9999999999999999,0.033810769303795334,True,21,44,35,False,-14,-15.0,39,29,39,39,1.0,30.0,0.7692307692307693,True,30.0,0.7692307692307693
726,64,1.9653063183672679,0.005595350141295198,0.005626834249105977,2.0,0.9999999999999999,0.003086679926018471,True,21,49,31,False,-10,-12.0,41,22,41,41,1.0,24.0,0.5853658536585366,True,24.0,0.5853658536585366
727,64,1.1011713452937324,0.16731299277113862,0.2009314320010198,0.5,0.9999999999999999,0.1143149593508243,True,21,24,21,False,0,-0.5,23,19,23,23,1.0,19.5,0.8478260869565217,True,19.5,0.8478260869565217
728,64,1.0435620441253564,0.015506427363252508,0.015750663888766673,0.25,0.9999999999999999,0.008449867630241168,True,21,22,16,True,5,4.75,22,14,14,14.25,0.6477272727272727,14.25,0.6477272727272727,True,14.25,0.6477272727272727
729,64,1.4684803681643948,0.4336716310654092,0.7657600340262963,2.0,0.9999999999999999,0.30292154366124996,True,21,35,34,False,-13,-15.0,31,27,31,31,1.0,29.0,0.9354838709677419,True,29.0,0.9354838709677419
730,64,1.512234700764768,0.3735310498282206,0.5962483052444937,4.0,1.0,0.21730804459159275,True,21,36,34,False,-13,-17.0,31,28,31,31,1.0,32.0,1.032258064516129,True,32.0,1.032258064516129
731,64,1.5038953618512447,0.09601940997232906,0.10621844211211426,0.5,1.0,0.0637974884814551,True,21,36,30,False,-9,-9.5,33,27,33,33,1.0,27.5,0.8333333333333334,True,27.5,0.8333333333333334
732,64,2.1298312475963517,0.042978353615632306,0.044908444629235635,0.5,0.9999999999999999,0.024014856415034584,True,21,53,41,False,-20,-20.5,46,32,46,46,1.0,32.5,0.7065217391304348,True,32.5,0.7065217391304348
733,64,1.3579435174626329,0.042056223345572366,0.0439026009359878,4.0,1.0,0.028116045818884685,True,21,31,24,False,-3,-7.0,29,21,29,29,1.0,25.0,0.8620689655172413,True,25.0,0.8620689655172413
734,64,2.8412838731140346,0.0010366742967275323,0.0010377501055884222,0.25,1.0,0.0006257172248098575,True,21,73,37,False,-16,-16.25,65,25,65,65,1.0,25.25,0.38846153846153847,True,25.25,0.38846153846153847
735,64,1.1316914473350435,0.016241247310670556,0.01650938023806283,4.0,1.0,0.010696878031291383,True,21,25,18,False,3,-1.0,23,16,23,23,1.0,20.0,0.8695652173913043,True,20.0,0.8695652173913043
736,64,1.0793463276560087,0.030939517545334153,0.03192733385119907,0.25,1.0000000000000002,0.017539907460227138,True,21,23,18,True,3,2.75,22,16,16,16.25,0.7386363636363636,16.25,0.7386363636363636,True,16.25,0.7386363636363636
737,64,2.2291314974092837,0.012786888912214132,0.012952511234503939,0.5,1.0,0.007148847684138747,True,21,56,39,False,-18,-18.5,49,30,49,49,1.0,30.5,0.6224489795918368,True,30.5,0.6224489795918368
738,64,1.6650505220246588,0.021406640886212105,0.021874909212134766,4.0,0.9999999999999999,0.013626323442589374,True,21,40,29,False,-8,-12.0,36,24,36,36,1.0,28.0,0.7777777777777778,True,28.0,0.7777777777777778
739,64,1.7124952553973374,0.003359320993539876,0.0033706440689223577,0.25,1.0,0.0017872907259679893,True,21,41,25,False,-4,-4.25,37,19,37,37,1.0,19.25,0.5202702702702703,True,19.25,0.5202702702702703
740,64,1.2634760218258558,0.055062926837363135,0.05827152770403161,4.0,0.9999999999999999,0.03143425449178628,True,21,29,23,False,-2,-6.0,27,20,27,27,1.0,24.0,0.8888888888888888,True,24.0,0.8888888888888888
741,64,2.982105197436738,0.024813601639744068,0.025444983319565705,0.25,0.9999999999999999,0.013245244005600582,True,21,77,57,False,-36,-36.25,68,46,68,68,1.0,46.25,0.6801470588235294,True,46.25,0.6801470588235294
742,64,1.5481758248728683,0.010601810918539841,0.010715413708592266,2.0,0.9999999999999999,0.007046304959057054,True,21,37,25,False,-4,-6.0,34,21,34,34,1.0,23.0,0.6764705882352942,True,23.0,0.6764705882352942
743,64,1.587312029857468,0.008151612212986756,0.008218607111087234,1.0,1.0,0.005031654739827309,True,21,38,25,False,-4,-5.0,34,21,34,34,1.0,22.0,0.6470588235294118,True,22.0,0.6470588235294118
744,64,1.5352538045828443,0.3309283944793286,0.49460833750641714,2.0,1.0,0.2218870779570157,True,21,36,35,False,-14,-16.0,33,28,33,33,1.0,30.0,0.9090909090909091,True,30.0,0.9090909090909091
745,64,1.1972064915611154,0.05026185516995257,0.052921803176544796,2.0,0.9999999999999999,0.028471333604755705,True,21,27,21,False,0,-2.0,25,19,25,25,1.0,21.0,0.84,True,21.0,0.84
746,64,1.6415171897443488,0.13171665596320714,0.1516977803015714,0.5,1.0,0.0645583487016916,True,21,39,34,False,-13,-13.5,35,28,35,35,1.0,28.5,0.8142857142857143,True,28.5,0.8142857142857143
747,64,2.056332652511183,0.003008605712381698,0.003017684735916343,0.25,1.0,0.0015333558003615807,True,21,51,30,False,-9,-9.25,45,23,45,45,1.0,23.25,0.5166666666666667,True,23.25,0.5166666666666667
748,64,2.757484268689061,0.004546896850345265,0.0045676655544683075,0.25,0.9999999999999999,0.0025600976138198373,True,21,71,44,False,-23,-23.25,59,32,59,59,1.0,32.25,0.5466101694915254,True,32.25,0.5466101694915254
749,64,1.2476541427760055,0.005513806317177604,0.005544376937761849,4.0,1.0,0.0037957220453397524,True,21,28,18,False,3,-1.0,27,16,27,27,1.0,20.0,0.7407407407407407,True,20.0,0.7407407407407407
750,64,2.1712554183359005,0.014732819569148872,0.014953121205870576,4.0,0.9999999999999999,0.009147192947638504,True,21,55,38,False,-17,-21.0,49,31,49,49,1.0,35.0,0.7142857142857143,True,35.0,0.7142857142857143
751,64,1.4788920208801009,0.1548981158724426,0.18328928000480318,4.0,0.9999999999999999,0.08532503477906682,True,21,35,31,False,-10,-14.0,32,26,32,32,1.0,30.0,0.9375,True,30.0,0.9375
752,64,1.6357517620212596,0.5053756778590619,1.0217364072829809,1.0,1.0,0.46449494268014896,True,21,39,39,False,-18,-19.0,35,33,35,35,1.0,34.0,0.9714285714285714,True,34.0,0.9714285714285714
753,64,1.2045054018612096,0.014849420352907408,0.015073249368869954,0.5,1.0,0.007731512294115811,True,21,27,19,True,2,1.5,25,17,17,17.5,0.7,17.5,0.7,True,17.5,0.7
754,64,2.259276694265413,0.001760711413909676,0.001763816986610048,0.25,1.0,0.0011233131643185643,True,21,57,31,False,-10,-10.25,50,23,50,50,1.0,23.25,0.465,True,23.25,0.465
755,64,1.92295757127295,0.15632357728799864,0.1852885455605075,0.25,0.9999999999999999,0.08415826077576702,True,21,47,42,False,-21,-21.25,41,33,41,41,1.0,33.25,0.8109756097560976,True,33.25,0.8109756097560976
756,64,1.279119495262262,0.12273105835179723,0.13990129198146642,4.0,1.0,0.05911512466359803,True,21,29,25,False,-4,-8.0,27,21,27,27,1.0,25.0,0.9259259259259259,True,25.0,0.9259259259259259
757,64,1.0302074489177586,0.02740201447401323,0.02817403992379653,2.0,1.0,0.016802898424945267,True,21,22,16,True,5,3.0,21,15,15,17.0,0.8095238095238095,17.0,0.8095238095238095,True,17.0,0.8095238095238095
758,64,2.887020248577445,0.021493950750471082,0.021966088780908402,4.0,1.0,0.015222541505087152,True,21,75,54,False,-33,-37.0,63,42,63,63,1.0,46.0,0.7301587301587301,True,46.0,0.7301587301587301
759,64,2.7434125395867484,0.1869689826691094,0.2299653748548391,0.25,1.0,0.10297619543409428,True,21,71,63,False,-42,-42.25,62,51,62,62,1.0,51.25,0.8266129032258065,True,51.25,0.8266129032258065
760,64,2.726689291995606,0.004805974375733374,0.004829183306962355,4.0,0.9999999999999999,0.0027065272096961314,True,21,70,43,False,-22,-26.0,61,32,61,61,1.0,36.0,0.5901639344262295,True,36.0,0.5901639344262295
761,64,1.8323792397192302,0.04438454246785618,0.04644602817798521,1.0,1.0,0.0234593872544031,True,21,45,35,False,-14,-15.0,38,28,38,38,1.0,29.0,0.7631578947368421,True,29.0,0.7631578947368421
762,64,2.9387037886031564,0.0027886028179685256,0.0027964008693128614,4.0,1.0,0.0016271504754982397,True,21,76,44,False,-23,-27.0,64,31,64,64,1.0,35.0,0.546875,True,35.0,0.546875
763,64,2.9543770890545176,0.018437184094228832,0.018783498921783503,0.5,0.9999999999999999,0.010452469424371804,True,21,77,55,False,-34,-34.5,66,41,66,66,1.0,41.5,0.6287878787878788,True,41.5,0.6287878787878788
764,64,2.2941800626994384,0.0416898104806598,0.043503461547842,1.0,0.9999999999999998,0.026929404995892664,True,21,58,45,False,-24,-25.0,50,35,50,50,1.0,36.0,0.72,True,36.0,0.72
765,64,1.3986340374982182,0.0015524011099641811,0.001554814806195107,0.25,1.0000000000000002,0.0009164646245277305,True,21,33,18,True,3,2.75,29,14,14,14.25,0.49137931034482757,14.25,0.49137931034482757,True,14.25,0.49137931034482757
766,64,1.1653972729290603,0.005756736902535906,0.005790068805295573,2.0,0.9999999999999999,0.003398072659416084,True,21,26,16,True,5,3.0,24,14,14,16.0,0.6666666666666666,16.0,0.6666666666666666,True,16.0,0.6666666666666666
767,64,2.7546227252955253,0.007821166399385805,0.007882819240360947,0.5,1.0,0.004744158273038497,True,21,71,46,False,-25,-25.5,61,34,61,61,1.0,34.5,0.5655737704918032,True,34.5,0.5655737704918032
768,64,1.127090346955357,0.015919589360491693,0.016177122507851048,0.5,0.9999999999999999,0.007133310439363684,True,21,25,17,True,4,3.5,23,15,15,15.5,0.6739130434782609,15.5,0.6739130434782609,True,15.5,0.6739130434782609
769,64,2.60267714222859,0.00791061853629714,0.007973695398922644,0.5,0.9999999999999999,0.004441020100560413,True,21,67,44,False,-23,-23.5,59,32,59,59,1.0,32.5,0.5508474576271186,True,32.5,0.5508474576271186
770,64,1.5928607136019775,0.0026301256855749394,0.002637061488730891,2.0,1.0,0.0018937157839226657,True,21,38,22,False,-1,-3.0,34,17,34,34,1.0,19.0,0.5588235294117647,True,19.0,0.5588235294117647
771,64,1.8546209827821019,0.0010285045320459817,0.0010295634427128406,0.5,1.0,0.0005874530642899342,True,21,46,23,False,-2,-2.5,40,17,40,40,1.0,17.5,0.4375,True,17.5,0.4375
772,64,2.1727357260188174,0.04864644635809332,0.05113393035834924,0.5,0.9999999999999999,0.0247385066853113,True,21,55,43,False,-22,-22.5,45,33,45,45,1.0,33.5,0.7444444444444445,True,33.5,0.7444444444444445
773,64,2.379477799565718,0.013979261429308335,0.014177451733492224,0.5,1.0,0.007388608574487695,True,21,60,42,False,-21,-21.5,49,30,49,49,1.0,30.5,0.6224489795918368,True,30.5,0.6224489795918368
774,64,1.9080444665685634,0.0027202601038078325,0.0027276801031684323,2.0,0.9999999999999998,0.0015853338024188729,True,21,47,27,False,-6,-8.0,41,20,41,41,1.0,22.0,0.5365853658536586,True,22.0,0.5365853658536586
775,64,1.4117428189474872,0.0036957428956922458,0.0037094520768521833,0.25,1.0,0.0021712372433354424,True,21,33,20,True,1,0.75,30,16,16,16.25,0.5416666666666666,16.25,0.5416666666666666,True,16.25,0.5416666666666666
776,64,1.2818136674664555,0.5794037005388222,1.3775767910490204,1.0,1.0,0.588813165090562,True,21,29,30,False,-9,-10.0,27,25,27,27,1.0,26.0,0.9629629629629629,True,26.0,0.9629629629629629
777,64,1.9996981206181377,0.005795080656316225,0.005828859366479296,1.0,0.9999999999999999,0.003527076426328289,True,21,50,31,False,-10,-11.0,42,24,42,42,1.0,25.0,0.5952380952380952,True,25.0,0.5952380952380952
778,64,1.3002269934021078,0.6644809024539525,1.9804562760030597,0.25,1.0,0.8773431053773513,True,21,30,31,False,-10,-10.25,27,28,27,27,1.0,28.25,1.0462962962962963,True,28.25,1.0462962962962963
779,64,2.8407825943705816,0.01539652268022686,0.015637282454189907,4.0,1.0,0.008679220598406237,True,21,73,52,False,-31,-35.0,66,38,66,66,1.0,42.0,0.6363636363636364,True,42.0,0.6363636363636364
780,64,1.9546451475427165,0.7248289840279049,2.634103673554809,0.5,1.0,1.1209469911863184,True,21,48,52,False,-31,-31.5,41,38,41,41,1.0,38.5,0.9390243902439024,False,41.5,1.0121951219512195
781,64,2.6766597994250296,0.02271748616345726,0.02324556701037722,1.0,1.0,0.012265675137719924,True,21,69,50,False,-29,-30.0,59,38,59,59,1.0,39.0,0.6610169491525424,True,39.0,0.6610169491525424
782,64,1.87157389566317,0.35319358559394337,0.5460576421745457,0.25,1.0,0.23989141488731047,True,21,46,44,False,-23,-23.25,41,37,41,41,1.0,37.25,0.9085365853658537,True,37.25,0.9085365853658537
783,64,2.946585897936413,0.7409519051109551,2.8602870267326943,2.0,1.0,0.9905207133195211,True,21,76,82,False,-61,-63.0,66,68,66,66,1.0,70.0,1.0606060606060606,True,70.0,1.0606060606060606
784,64,2.4523052350573797,0.07180061678342957,0.07735473442636065,4.0,0.9999999999999999,0.04448439076396356,True,21,62,51,False,-30,-34.0,56,42,56,56,1.0,46.0,0.8214285714285714,True,46.0,0.8214285714285714
785,64,1.3343716846002087,0.016811455232432146,0.017098912840167887,4.0,1.0000000000000002,0.010568879191762305,True,21,31,22,False,-1,-5.0,28,18,28,28,1.0,22.0,0.7857142857142857,True,22.0,0.7857142857142857
786,64,2.1890160629439683,0.029908753813868073,0.03083086661327265,1.0,0.9999999999999999,0.01762875220056937,True,21,55,41,False,-20,-21.0,48,33,48,48,1.0,34.0,0.7083333333333334,True,34.0,0.7083333333333334
787,64,2.0037808486958033,0.004710766817466521,0.004733063174413521,0.25,1.0,0.0031792289750946045,True,21,50,31,False,-10,-10.25,43,24,43,43,1.0,24.25,0.563953488372093,True,24.25,0.563953488372093
788,64,2.439314814367745,0.0011384297123945301,0.0011397272117163726,0.5,1.0,0.0006850322204215701,True,21,62,32,False,-11,-11.5,52,22,52,52,1.0,22.5,0.4326923076923077,True,22.5,0.4326923076923077
789,64,1.0505798110790416,0.13502492429252777,0.15610267634832076,0.25,0.9999999999999999,0.0758486478388371,True,21,22,20,True,1,0.75,22,18,18,18.25,0.8295454545454546,18.25,0.8295454545454546,True,18.25,0.8295454545454546
790,64,1.5950590799860347,0.005156143359571756,0.005182866964655106,1.0,1.0,0.0031420027417154842,True,21,38,24,False,-3,-4.0,34,19,34,34,1.0,20.0,0.5882352941176471,True,20.0,0.5882352941176471
791,64,2.3134500558569897,0.0018174611220866837,0.0018207703013215857,1.0,1.0,0.0011732634110900963,True,21,59,32,False,-11,-12.0,52,25,52,52,1.0,26.0,0.5,True,26.0,0.5
792,64,2.979226072117906,0.001374527313904205,0.0013764192397446174,0.25,1.0,0.0007542032288138822,True,21,77,41,False,-20,-20.25,65,29,65,65,1.0,29.25,0.45,True,29.25,0.45
793,64,1.4809128192343126,0.004342690080555433,0.004361631293508793,0.25,0.9999999999999999,0.00260714879079041,True,21,35,21,False,0,-0.25,31,17,31,31,1.0,17.25,0.5564516129032258,True,17.25,0.5564516129032258
794,64,1.1925937943907057,0.0018090331726867842,0.0018123117046797985,0.25,0.9999999999999999,0.0009271433054701727,True,21,27,15,True,6,5.75,25,12,12,12.25,0.49,12.25,0.49,True,12.25,0.49
795,64,1.2657359740868772,0.7125139127213528,2.4784291979693105,2.0,1.0,0.8031692031798845,True,21,29,31,False,-10,-12.0,27,25,27,27,1.0,27.0,1.0,True,27.0,1.0
796,64,1.1509792058570518,0.03717165398260743,0.038606729991241824,4.0,1.0,0.023451363071907236,True,21,25,20,False,1,-3.0,24,17,24,24,1.0,21.0,0.875,True,21.0,0.875
797,64,1.4023489684710808,0.031017329045828167,0.03201019995051608,2.0,0.9999999999999999,0.016882071249302237,True,21,33,25,False,-4,-6.0,29,21,29,29,1.0,23.0,0.7931034482758621,True,23.0,0.7931034482758621
798,64,1.3512963042473134,0.03043271949810218,0.031387939867719795,4.0,0.9999999999999999,0.017598686363885892,True,21,31,23,False,-2,-6.0,28,19,28,28,1.0,23.0,0.8214285714285714,True,23.0,0.8214285714285714
799,64,2.4078557660773,0.002512841107908037,0.002519171385322942,4.0,0.9999999999999999,0.0016422998505846009,True,21,61,35,False,-14,-18.0,53,27,53,53,1.0,31.0,0.5849056603773585,True,31.0,0.5849056603773585
800,64,2.3129831336630557,0.32551717195206686,0.48261743430024506,0.25,0.9999999999999999,0.18881549357355373,True,21,59,55,False,-34,-34.25,52,45,52,52,1.0,45.25,0.8701923076923077,True,45.25,0.8701923076923077
801,64,1.7095742975053934,0.0030417107118753737,0.0030509909437106933,0.5,1.0,0.0020294989887635778,True,21,41,24,False,-3,-3.5,37,20,37,37,1.0,20.5,0.5540540540540541,True,20.5,0.5540540540540541
802,64,1.5773671242779144,0.03263660248700242,0.03373768593158282,0.25,1.0,0.016022434840632593,True,21,38,29,False,-8,-8.25,34,22,34,34,1.0,22.25,0.6544117647058824,True,22.25,0.6544117647058824
803,64,2.4914715472070394,0.006806156944443643,0.006852798164258179,0.25,1.0,0.0038443454262083376,True,21,64,41,False,-20,-20.25,57,29,57,57,1.0,29.25,0.5131578947368421,True,29.25,0.5131578947368421
804,64,1.0231290659880738,0.020802013296430055,0.02124392980673825,0.5,0.9999999999999999,0.011860262300000302,True,21,22,16,True,5,4.5,21,15,15,15.5,0.7380952380952381,15.5,0.7380952380952381,True,15.5,0.7380952380952381
805,64,1.4061140402115315,0.04892970329208227,0.051446989209367584,4.0,1.0,0.024590664177978117,True,21,33,26,False,-5,-9.0,30,21,30,30,1.0,25.0,0.8333333333333334,True,25.0,0.8333333333333334
806,64,2.454217437160294,0.2653312539768423,0.36115767196183235,0.5,1.0,0.1581450253636561,True,21,63,58,False,-37,-37.5,56,46,56,56,1.0,46.5,0.8303571428571429,True,46.5,0.8303571428571429
807,64,1.568916837708754,0.1639495382614736,0.19610005109087372,2.0,1.0,0.0928231314986323,True,21,37,33,False,-12,-14.0,34,28,34,34,1.0,30.0,0.8823529411764706,True,30.0,0.8823529411764706
808,64,2.3032830496564376,0.004560699191907257,0.004581594466086384,0.5,1.0,0.002508642281085488,True,21,58,36,False,-15,-15.5,51,28,51,51,1.0,28.5,0.5588235294117647,True,28.5,0.5588235294117647
809,64,1.5429844774359633,0.16684925610298426,0.2002629864105459,2.0,1.0,0.11824876669462361,True,21,37,32,False,-11,-13.0,33,28,33,33,1.0,30.0,0.9090909090909091,True,30.0,0.9090909090909091
810,64,1.3320719600151685,0.0067742114823340065,0.006820414411957768,1.0,1.0000000000000002,0.0033295594256659462,True,21,31,20,True,1,0.0,28,16,16,17.0,0.6071428571428571,17.0,0.6071428571428571,True,17.0,0.6071428571428571
811,64,2.644638809427331,0.049379192899991695,0.05194415326404364,0.5,1.0,0.03022460291378104,True,21,68,53,False,-32,-32.5,58,43,58,58,1.0,43.5,0.75,True,43.5,0.75
812,64,1.2222153171100305,0.1890864175135634,0.23317702600785584,0.5,1.0,0.10900641383548955,True,21,27,25,False,-4,-4.5,26,22,26,26,1.0,22.5,0.8653846153846154,True,22.5,0.8653846153846154
813,64,1.1069327029136915,0.0017368320647503078,0.0017398538987897065,4.0,0.9999999999999999,0.00116278862786617,True,21,24,13,True,8,4.0,23,12,12,16.0,0.6956521739130435,16.0,0.6956521739130435,True,16.0,0.6956521739130435
814,64,1.9541073758712086,0.05265641568439967,0.05558322931214108,2.0,1.0,0.03339363141733629,True,21,48,38,False,-17,-19.0,42,31,42,42,1.0,33.0,0.7857142857142857,True,33.0,0.7857142857142857
815,64,1.6965730763244533,0.003836915196678552,0.003851693819226495,2.0,1.0,0.0024450820034732272,True,21,41,25,False,-4,-6.0,37,20,37,37,1.0,22.0,0.5945945945945946,True,22.0,0.5945945945945946
816,64,2.206026174557132,0.725349724285562,2.6409939782464646,1.0,0.9999999999999999,0.9519165552154113,True,21,56,59,False,-38,-39.0,50,45,50,50,1.0,46.0,0.92,True,46.0,0.92
817,64,1.011058246103243,0.3517118503119541,0.5425239540182814,1.0,0.9999999999999999,0.21689236114540741,True,21,21,20,True,1,0.0,21,19,19,20.0,0.9523809523809523,20.0,0.9523809523809523,True,20.0,0.9523809523809523
818,64,1.525784844603978,0.0016539758533961409,0.001656716021691954,4.0,1.0,0.0008640834497636888,True,21,36,20,False,1,-3.0,31,15,31,31,1.0,19.0,0.6129032258064516,True,19.0,0.6129032258064516
819,64,1.7370082185224067,0.2423653448646804,0.3198973848700097,4.0,1.0,0.1470194133744074,True,21,42,39,False,-18,-22.0,37,32,37,37,1.0,36.0,0.972972972972973,True,36.0,0.972972972972973
820,64,2.643798888854059,0.01642492623627874,0.016699209520863078,4.0,1.0,0.00974238670589957,True,21,68,48,False,-27,-31.0,60,39,60,60,1.0,43.0,0.7166666666666667,True,43.0,0.7166666666666667
821,64,1.2944914923518955,0.007399085187756594,0.007454239742622216,0.5,0.9999999999999999,0.004271981138433057,True,21,30,19,True,2,1.5,27,16,16,16.5,0.6111111111111112,16.5,0.6111111111111112,True,16.5,0.6111111111111112
822,64,1.879871386667981,0.5571801339076248,1.258254600960909,2.0,1.0,0.41196936587644956,True,21,46,47,False,-26,-28.0,42,38,42,42,1.0,40.0,0.9523809523809523,True,40.0,0.9523809523809523
823,64,1.393144313993634,0.3476017012204853,0.5328059589835951,0.5,1.0,0.2724115510727587,True,21,32,31,False,-10,-10.5,30,28,30,30,1.0,28.5,0.95,True,28.5,0.95
824,64,1.0607331605056727,0.054626959224647664,0.05778349589897877,0.5,0.9999999999999999,0.03231454916098992,True,21,23,18,True,3,2.5,22,17,17,17.5,0.7954545454545454,17.5,0.7954545454545454,True,17.5,0.7954545454545454
825,64,1.0638677493162507,0.029536963034777222,0.03043594852117557,2.0,1.0,0.01628081676567802,True,21,23,17,True,4,2.0,22,16,16,18.0,0.8181818181818182,18.0,0.8181818181818182,True,18.0,0.8181818181818182
826,64,2.4168659922927893,0.01630511548299607,0.01657537895096599,2.0,1.0,0.010536271665592043,True,21,61,43,False,-22,-24.0,55,36,55,55,1.0,38.0,0.6909090909090909,True,38.0,0.6909090909090909
827,64,1.2208723978654892,0.001400675327289557,0.0014026399704892916,0.25,1.0,0.0008107869134394306,True,21,27,15,True,6,5.75,25,12,12,12.25,0.49,12.25,0.49,True,12.25,0.49
828,64,1.0771872723418372,0.04450592092061848,0.04657896045101601,2.0,1.0,0.02256548240692088,True,21,23,18,True,3,1.0,22,16,16,18.0,0.8181818181818182,18.0,0.8181818181818182,True,18.0,0.8181818181818182
829,64,2.8400501733641526,0.009327589605391285,0.009415412711126054,0.25,1.0,0.0053545254771254465,True,21,73,49,False,-28,-28.25,62,37,62,62,1.0,37.25,0.6008064516129032,True,37.25,0.6008064516129032
830,64,2.6167702568649145,0.14720813371074595,0.17261906395905421,2.0,1.0,0.0891677491704019,True,21,67,59,False,-38,-40.0,58,46,58,58,1.0,48.0,0.8275862068965517,True,48.0,0.8275862068965517
831,64,1.6291862593828128,0.001152543378185428,0.00115387326717878,4.0,0.9999999999999999,0.0007580667526513868,True,21,39,20,False,1,-3.0,35,15,35,35,1.0,19.0,0.5428571428571428,True,19.0,0.5428571428571428
832,64,2.8455329160089136,0.006946295401934794,0.0069948839320289145,0.5,0.9999999999999999,0.004487610878089987,True,21,74,47,False,-26,-26.5,66,35,66,66,1.0,35.5,0.5378787878787878,True,35.5,0.5378787878787878
833,64,2.9738485050698067,0.22718510193816016,0.29397091400272285,4.0,0.9999999999999998,0.1426875833964245,True,21,77,70,False,-49,-53.0,68,55,68,68,1.0,59.0,0.8676470588235294,True,59.0,0.8676470588235294
834,64,1.3317035726825255,0.4532807242945382,0.8290922680742239,0.25,1.0,0.3865521579300266,True,21,31,30,False,-9,-9.25,28,26,28,28,1.0,26.25,0.9375,True,26.25,0.9375
835,64,1.1045645861390205,0.05020809974517961,0.05286221090294541,0.25,1.0,0.03163303816173331,True,21,24,19,True,2,1.75,23,17,17,17.25,0.75,17.25,0.75,True,17.25,0.75
836,64,2.040389462866636,0.023734827157387433,0.02431186507276319,1.0,0.9999999999999999,0.013216468164706133,True,21,51,37,False,-16,-17.0,45,29,45,45,1.0,30.0,0.6666666666666666,True,30.0,0.6666666666666666
837,64,1.848097416320943,0.3894802165273759,0.6379485596879766,2.0,1.0,0.20651037264953423,True,21,45,44,False,-23,-25.0,40,34,40,40,1.0,36.0,0.9,True,36.0,0.9
838,64,2.2155159088739746,0.16599658201399187,0.19903585337197835,0.5,0.9999999999999999,0.12016047000155204,True,21,56,49,False,-28,-28.5,49,41,49,49,1.0,41.5,0.8469387755102041,True,41.5,0.8469387755102041
839,64,2.8992157930224773,0.00589623332152754,0.005931205090619666,4.0,1.0,0.003388791997733577,True,21,75,47,False,-26,-30.0,63,36,63,63,1.0,40.0,0.6349206349206349,True,40.0,0.6349206349206349
840,64,1.684607627904611,0.019744505641787105,0.02014220349227842,2.0,0.9999999999999998,0.01119422387934105,True,21,41,29,False,-8,-10.0,35,24,35,35,1.0,26.0,0.7428571428571429,True,26.0,0.7428571428571429
841,64,2.8254114169692635,0.0012953282820742519,0.0012970083336509158,0.5,0.9999999999999999,0.000802160556260407,True,21,73,38,False,-17,-17.5,62,28,62,62,1.0,28.5,0.4596774193548387,True,28.5,0.4596774193548387
842,64,1.5491859697906605,0.0018236208744796844,0.0018269525432742832,0.5,1.0,0.0009054720286570629,True,21,37,20,True,1,0.5,34,16,16,16.5,0.4852941176470588,16.5,0.4852941176470588,True,16.5,0.4852941176470588
843,64,1.8904450893158558,0.6674530703981209,2.0070943707018642,1.0,0.9999999999999999,0.6048992888539256,True,21,47,49,False,-28,-29.0,40,37,40,40,1.0,38.0,0.95,True,38.0,0.95
844,64,2.273600296554195,0.5373772500357652,1.1615884650664274,4.0,0.9999999999999999,0.4261214615969344,True,21,57,58,False,-37,-41.0,52,51,52,52,1.0,55.0,1.0576923076923077,True,55.0,1.0576923076923077
845,64,2.4604720689085733,0.002158921833480875,0.0021635928613480022,4.0,1.0,0.001258260979591926,True,21,63,35,False,-14,-18.0,53,24,53,53,1.0,28.0,0.5283018867924528,True,28.0,0.5283018867924528
846,64,1.6278158531392832,0.08471689913259883,0.09255813753396495,2.0,1.0,0.04865330871160152,True,21,39,32,False,-11,-13.0,35,26,35,35,1.0,28.0,0.8,True,28.0,0.8
847,64,1.1809679609030737,0.0028130554800194,0.002820991084448594,4.0,1.0,0.0015480809151947926,True,21,26,15,True,6,2.0,24,13,13,17.0,0.7083333333333334,17.0,0.7083333333333334,True,17.0,0.7083333333333334
848,64,2.0376864078325965,0.0021367667539880903,0.0021413423030301132,4.0,1.0,0.0011127926554546134,True,21,51,28,False,-7,-11.0,46,20,46,46,1.0,24.0,0.5217391304347826,True,24.0,0.5217391304347826
849,64,1.2699650068086177,0.01755613214780394,0.01786985773160241,0.5,0.9999999999999999,0.009915564898529503,True,21,29,21,False,0,-0.5,26,17,26,26,1.0,17.5,0.6730769230769231,True,17.5,0.6730769230769231
850,64,2.6177224036446267,0.21155348871158644,0.2683168555922498,0.25,0.9999999999999999,0.10765864541194624,True,21,67,61,False,-40,-40.25,59,48,59,59,1.0,48.25,0.8177966101694916,True,48.25,0.8177966101694916
851,64,2.5406336411655213,0.0015317632970737864,0.0015341131953599955,2.0,0.9999999999999999,0.0009037158633044928,True,21,65,35,False,-14,-16.0,59,26,59,59,1.0,28.0,0.4745762711864407,True,28.0,0.4745762711864407
852,64,2.43996200658695,0.0011013288221397761,0.001102543084616515,0.5,1.0,0.0007011105787125331,True,21,62,32,False,-11,-11.5,54,23,54,54,1.0,23.5,0.4351851851851852,True,23.5,0.4351851851851852
853,64,1.2181261343605208,0.043647196293744736,0.0456392203009121,0.5,0.9999999999999998,0.025107196195393144,True,21,27,21,False,0,-0.5,25,19,25,25,1.0,19.5,0.78,True,19.5,0.78
854,64,1.6146386275170086,0.7222128975022875,2.599879155686267,2.0,1.0,0.6234974531726327,True,21,39,41,False,-20,-22.0,35,33,35,35,1.0,35.0,1.0,True,35.0,1.0
855,64,2.7266007255172497,0.05336429496526384,0.05637257783690472,4.0,1.0,0.03537325891796326,True,21,70,56,False,-35,-39.0,61,44,61,61,1.0,48.0,0.7868852459016393,True,48.0,0.7868852459016393
856,64,2.925475632276498,0.014330705915441163,0.014539060921798136,0.25,1.0,0.007548837282054468,True,21,76,53,False,-32,-32.25,64,40,64,64,1.0,40.25,0.62890625,True,40.25,0.62890625
857,64,1.5776661728136758,0.0022050848731214024,0.0022099580181173866,0.5,0.9999999999999999,0.0013368402593486029,True,21,38,21,False,0,-0.5,35,18,35,35,1.0,18.5,0.5285714285714286,True,18.5,0.5285714285714286
858,64,1.6607164483564714,0.021745616986533482,0.022229000313340925,4.0,1.0000000000000002,0.01359582895539154,True,21,40,29,False,-8,-12.0,35,23,35,35,1.0,27.0,0.7714285714285715,True,27.0,0.7714285714285715
859,64,1.968934064828004,0.013644440973542005,0.013833187078105175,2.0,1.0,0.008013570550025634,True,21,49,34,False,-13,-15.0,44,25,44,44,1.0,27.0,0.6136363636363636,True,27.0,0.6136363636363636
860,64,1.973085146081728,0.0011228038775005617,0.0011240659831450034,0.25,1.0,0.000566490326759297,True,21,49,25,False,-4,-4.25,44,19,44,44,1.0,19.25,0.4375,True,19.25,0.4375
861,64,2.9701256868303165,0.005330223138670636,0.005358786667360199,0.5,1.0,0.003126059087557197,True,21,77,48,False,-27,-27.5,63,34,63,63,1.0,34.5,0.5476190476190477,True,34.5,0.5476190476190477
862,64,2.488810134644043,0.01555669747214192,0.015802532692533292,2.0,0.9999999999999999,0.009355626839953418,True,21,64,45,False,-24,-26.0,54,33,54,54,1.0,35.0,0.6481481481481481,True,35.0,0.6481481481481481
863,64,1.1255065232527752,0.01114725723002873,0.011272919361889079,0.5,1.0,0.006106171773615334,True,21,25,17,True,4,3.5,24,15,15,15.5,0.6458333333333334,15.5,0.6458333333333334,True,15.5,0.6458333333333334
864,64,1.381611030934363,0.11369073921341018,0.128274344231167,2.0,0.9999999999999999,0.07483468402233456,True,21,32,27,False,-6,-8.0,29,23,29,29,1.0,25.0,0.8620689655172413,True,25.0,0.8620689655172413
865,64,2.871912713257342,0.03621784318871699,0.037578868764851774,1.0,1.0,0.018796840272701513,True,21,74,57,False,-36,-37.0,65,45,65,65,1.0,46.0,0.7076923076923077,True,46.0,0.7076923076923077
866,64,1.8515411858576294,0.019828593239867947,0.020229720131716113,0.5,0.9999999999999999,0.009048993571656862,True,21,45,33,False,-12,-12.5,41,26,41,41,1.0,26.5,0.6463414634146342,True,26.5,0.6463414634146342
867,64,1.3053447347377811,0.002545502741570549,0.0025519988616694135,1.0,1.0,0.0012970453823624383,True,21,30,17,True,4,3.0,27,14,14,15.0,0.5555555555555556,15.0,0.5555555555555556,True,15.0,0.5555555555555556
868,64,1.242109198371502,0.01099809932150578,0.011120402613949124,4.0,1.0,0.004964828172423808,True,21,28,19,False,2,-2.0,26,16,26,26,1.0,20.0,0.7692307692307693,True,20.0,0.7692307692307693
869,64,2.1142058302176916,0.002079958466653563,0.00208429371100476,2.0,0.9999999999999999,0.0011648162506722073,True,21,53,29,False,-8,-10.0,47,22,47,47,1.0,24.0,0.5106382978723404,True,24.0,0.5106382978723404
870,64,1.4708487800048704,0.0016846979643598842,0.0016875409611819615,4.0,1.0000000000000002,0.000935462698395144,True,21,35,19,False,2,-2.0,32,15,32,32,1.0,19.0,0.59375,True,19.0,0.59375
871,64,1.0413591331842755,0.03141778112223064,0.03243687578596301,1.0,1.0,0.019565546037875883,True,21,22,17,True,4,3.0,22,16,16,17.0,0.7727272727272727,17.0,0.7727272727272727,True,17.0,0.7727272727272727
872,64,1.5444329317903467,0.3144813867087382,0.4587495957241382,1.0,1.0,0.22158883236490443,True,21,37,35,False,-14,-15.0,33,29,33,33,1.0,30.0,0.9090909090909091,True,30.0,0.9090909090909091
873,64,2.47095488688973,0.02101461460774509,0.021465708192696935,0.5,1.0,0.012936701795265331,True,21,63,46,False,-25,-25.5,54,35,54,54,1.0,35.5,0.6574074074074074,True,35.5,0.6574074074074074
874,64,1.8773338974555154,0.01701011981025455,0.0173044709340966,2.0,1.0,0.010528808918813888,True,21,46,33,False,-12,-14.0,40,26,40,40,1.0,28.0,0.7,True,28.0,0.7
875,64,2.9004238809438254,0.001893192952137065,0.0018967839301052673,1.0,1.0,0.0009757851069858188,True,21,75,41,False,-20,-21.0,66,29,66,66,1.0,30.0,0.45454545454545453,True,30.0,0.45454545454545453
876,64,1.3823786049891817,0.046852642557316894,0.049155717834673165,0.5,0.9999999999999999,0.03139888756018464,True,21,32,25,False,-4,-4.5,29,22,29,29,1.0,22.5,0.7758620689655172,True,22.5,0.7758620689655172
877,64,1.0279663221383148,0.0011537589617253202,0.0011550916590785964,4.0,1.0,0.0007746936703071404,True,21,22,11,True,10,6.0,21,11,11,15.0,0.7142857142857143,15.0,0.7142857142857143,True,15.0,0.7142857142857143
878,64,1.2872142016393147,0.011265960382226707,0.011394328434957012,1.0,1.0,0.005830638645998872,True,21,29,20,True,1,0.0,27,17,17,18.0,0.6666666666666666,18.0,0.6666666666666666,True,18.0,0.6666666666666666
879,64,1.7669228642932433,0.0011603947484880213,0.0011617428287656146,1.0,1.0,0.0006183043770902628,True,21,43,22,False,-1,-2.0,38,16,38,38,1.0,17.0,0.4473684210526316,True,17.0,0.4473684210526316
880,64,1.9629601344922074,0.034276966104476926,0.03549357828425286,2.0,1.0,0.01692124975207541,True,21,49,37,False,-16,-18.0,42,28,42,42,1.0,30.0,0.7142857142857143,True,30.0,0.7142857142857143
881,64,2.380886112567185,0.155353149390699,0.18392674912436155,0.25,0.9999999999999999,0.08634377461510188,True,21,60,53,False,-32,-32.25,52,41,52,52,1.0,41.25,0.7932692307692307,True,41.25,0.7932692307692307
882,64,1.7023001185515239,0.5691892292806133,1.3212047329507484,2.0,0.9999999999999999,0.5146844115743608,True,21,41,42,False,-21,-23.0,37,34,37,37,1.0,36.0,0.972972972972973,True,36.0,0.972972972972973
883,64,1.820368467071785,0.004936631727289196,0.0049611229643178305,4.0,0.9999999999999999,0.002366906591525305,True,21,45,28,False,-7,-11.0,39,20,39,39,1.0,24.0,0.6153846153846154,True,24.0,0.6153846153846154
884,64,1.6620919648209023,0.4372487935727945,0.7769841958203862,2.0,1.0000000000000002,0.29072939437450873,True,21,40,39,False,-18,-20.0,36,33,36,36,1.0,35.0,0.9722222222222222,True,35.0,0.9722222222222222
885,64,2.5577597944628523,0.022432299374995742,0.022947054572950532,2.0,0.9999999999999999,0.013959074786223087,True,21,65,48,False,-27,-29.0,57,38,57,57,1.0,40.0,0.7017543859649122,True,40.0,0.7017543859649122
886,64,1.1623872623384237,0.030368549975218356,0.03131968334406047,4.0,1.0,0.020876789254895143,True,21,26,19,False,2,-2.0,24,17,24,24,1.0,21.0,0.875,True,21.0,0.875
887,64,2.5311435020909667,0.013313574920033622,0.013493217887288373,1.0,1.0,0.0065251841698544,True,21,65,45,False,-24,-25.0,56,33,56,56,1.0,34.0,0.6071428571428571,True,34.0,0.6071428571428571
888,64,1.5901495756326334,0.31922839130593716,0.4689214227342986,0.25,0.9999999999999999,0.2064782121511974,True,21,38,36,False,-15,-15.25,34,29,34,34,1.0,29.25,0.8602941176470589,True,29.25,0.8602941176470589
889,64,2.3246652860181487,0.006824659195018911,0.006871555217518227,2.0,0.9999999999999999,0.00411011009779275,True,21,59,38,False,-17,-19.0,52,29,52,52,1.0,31.0,0.5961538461538461,True,31.0,0.5961538461538461
890,64,1.829393931043452,0.003332032851429408,0.0033431724117332956,0.5,0.9999999999999999,0.001736924699487504,True,21,45,27,False,-6,-6.5,41,21,41,41,1.0,21.5,0.524390243902439,True,21.5,0.524390243902439
891,64,1.2704173037110973,0.0026192508877407165,0.0026261293794491605,4.0,1.0000000000000002,0.0013550308337856724,True,21,29,17,True,4,0.0,26,14,14,18.0,0.6923076923076923,18.0,0.6923076923076923,True,18.0,0.6923076923076923
892,64,2.8911849978946536,0.0016333561190620665,0.0016360283359555584,0.25,1.0,0.0009010365405019889,True,21,75,40,False,-19,-19.25,66,30,66,66,1.0,30.25,0.4583333333333333,True,30.25,0.4583333333333333
893,64,1.0661944395257326,0.003123758692331868,0.0031335471374402788,2.0,1.0,0.0020066214291893283,True,21,23,14,True,7,5.0,22,12,12,14.0,0.6363636363636364,14.0,0.6363636363636364,True,14.0,0.6363636363636364
894,64,2.168471653155679,0.0014983012860531354,0.0015005495613907537,4.0,1.0,0.0007666282257284527,True,21,54,29,False,-8,-12.0,47,20,47,47,1.0,24.0,0.5106382978723404,True,24.0,0.5106382978723404
895,64,1.746857152129812,0.05791631214041512,0.061476823011341004,4.0,1.0,0.03641851745580319,True,21,42,34,False,-13,-17.0,39,28,39,39,1.0,32.0,0.8205128205128205,True,32.0,0.8205128205128205
896,64,2.163786793106382,0.002552005649814432,0.0025585350457063226,2.0,1.0,0.0015433655611216597,True,21,54,31,False,-10,-12.0,47,24,47,47,1.0,26.0,0.5531914893617021,True,26.0,0.5531914893617021
897,64,2.789844366606054,0.006327242759870851,0.00636753167858241,2.0,0.9999999999999998,0.0044057940919248525,True,21,72,46,False,-25,-27.0,59,34,59,59,1.0,36.0,0.6101694915254238,True,36.0,0.6101694915254238
898,64,1.1668603150771948,0.009105881965159282,0.009189561023147693,1.0,1.0,0.005389052643475629,True,21,26,17,True,4,3.0,24,15,15,16.0,0.6666666666666666,16.0,0.6666666666666666,True,16.0,0.6666666666666666
899,64,1.0738695179724134,0.018064422440289447,0.018396749087331004,0.5,0.9999999999999999,0.010823102208239021,True,21,23,17,True,4,3.5,22,15,15,15.5,0.7045454545454546,15.5,0.7045454545454546,True,15.5,0.7045454545454546
900,64,1.8988574648477559,0.0011829175227420336,0.0011843184738172191,0.5,1.0,0.0006227742812103446,True,21,47,24,False,-3,-3.5,41,18,41,41,1.0,18.5,0.45121951219512196,True,18.5,0.45121951219512196
901,64,2.5317304185619443,0.3099956593618008,0.44926624530373155,2.0,0.9999999999999999,0.2141001228623623,True,21,65,61,False,-40,-42.0,57,52,57,57,1.0,54.0,0.9473684210526315,True,54.0,0.9473684210526315
902,64,2.6635170140803415,0.09843081674219872,0.10917721964111622,1.0,1.0,0.0564205308314867,True,21,68,58,False,-37,-38.0,60,47,60,60,1.0,48.0,0.8,True,48.0,0.8
903,64,1.7130551695397174,0.009755984191015312,0.00985210113392618,0.25,1.0,0.005264889522310668,True,21,42,28,False,-7,-7.25,37,22,37,37,1.0,22.25,0.6013513513513513,True,22.25,0.6013513513513513
904,64,1.6505557906400574,0.013520937461074219,0.013706258930904266,4.0,1.0,0.007006325913618412,True,21,40,28,False,-7,-11.0,35,22,35,35,1.0,26.0,0.7428571428571429,True,26.0,0.7428571428571429
905,64,2.3665114394953837,0.0185085647794697,0.01885759173773231,1.0,1.0,0.01026265888580759,True,21,60,43,False,-22,-23.0,53,34,53,53,1.0,35.0,0.660377358490566,True,35.0,0.660377358490566
906,64,1.1659393388594137,0.15014346498776537,0.1766691892127462,0.5,1.0,0.08445685598665383,True,21,26,23,False,-2,-2.5,24,19,24,24,1.0,19.5,0.8125,True,19.5,0.8125
907,64,1.1276092417840213,0.0011055214292467676,0.0011067449595162236,4.0,1.0,0.0006536844047493131,True,21,25,13,True,8,4.0,24,11,11,15.0,0.625,15.0,0.625,True,15.0,0.625
908,64,1.3874960646654777,0.10752089983252658,0.12047441762204887,1.0,0.9999999999999999,0.07229053952123618,True,21,32,27,False,-6,-7.0,30,24,30,30,1.0,25.0,0.8333333333333334,True,25.0,0.8333333333333334
909,64,1.380172666270378,0.44916381399470334,0.8154217631417272,0.5,1.0,0.2853144225259537,True,21,32,32,False,-11,-11.5,30,28,30,30,1.0,28.5,0.95,True,28.5,0.95
910,64,1.4783730881972479,0.0017122624779005384,0.001715199349388616,0.5,0.9999999999999999,0.0009623464495206248,True,21,35,19,True,2,1.5,31,15,15,15.5,0.5,15.5,0.5,True,15.5,0.5
911,64,2.9812981668234415,0.3784556333018,0.6088956051717619,4.0,1.0,0.2633531711930852,True,21,77,75,False,-54,-58.0,66,58,66,66,1.0,62.0,0.9393939393939394,True,62.0,0.9393939393939394
912,64,1.4394768083028222,0.003267857367902806,0.003278571271187551,4.0,1.0,0.0022784798569023957,True,21,34,20,False,1,-3.0,31,17,31,31,1.0,21.0,0.6774193548387096,True,21.0,0.6774193548387096
913,64,2.4190729819126533,0.004521223265479806,0.004541757565450891,4.0,1.0,0.00288779272357041,True,21,62,38,False,-17,-21.0,54,27,54,54,1.0,31.0,0.5740740740740741,True,31.0,0.5740740740740741
914,64,1.687390796170241,0.0251054171365142,0.02575193008332646,0.5,1.0,0.015248058892475694,True,21,41,30,False,-9,-9.5,37,24,37,37,1.0,24.5,0.6621621621621622,True,24.5,0.6621621621621622
915,64,1.9822296561383657,0.001901073516853028,0.0019046944810887218,1.0,0.9999999999999999,0.0012347307049032537,True,21,49,27,False,-6,-7.0,43,21,43,43,1.0,22.0,0.5116279069767442,True,22.0,0.5116279069767442
916,64,1.273483882112043,0.035959641445441386,0.037300970987726854,0.25,0.9999999999999999,0.019105329416932347,True,21,29,22,False,-1,-1.25,27,20,27,27,1.0,20.25,0.75,True,20.25,0.75
917,64,1.1459769869763232,0.0022924352353142024,0.002297702569645129,0.5,0.9999999999999999,0.0013114901241852192,True,21,25,14,True,7,6.5,24,13,13,13.5,0.5625,13.5,0.5625,True,13.5,0.5625
918,64,1.7549554620891161,0.002427833129279216,0.002433741848366794,1.0,0.9999999999999999,0.0013316900829677175,True,21,43,24,False,-3,-4.0,38,19,38,38,1.0,20.0,0.5263157894736842,True,20.0,0.5263157894736842
919,64,1.4018480956651598,0.16585610667938272,0.19883392782404885,2.0,0.9999999999999999,0.09861099943626325,True,21,33,29,False,-8,-10.0,30,25,30,30,1.0,27.0,0.9,True,27.0,0.9
920,64,1.644704817357577,0.23386154667897469,0.3052471073149263,0.25,1.0,0.1564191621014052,True,21,40,36,False,-15,-15.25,35,28,35,35,1.0,28.25,0.8071428571428572,True,28.25,0.8071428571428572
921,64,1.3238499240789028,0.008076723332869712,0.008142487955326105,0.25,1.0,0.0044682905661395595,True,21,30,20,True,1,0.75,28,17,17,17.25,0.6160714285714286,17.25,0.6160714285714286,True,17.25,0.6160714285714286
922,64,2.693009216138378,0.02440329837382436,0.025013715537524538,0.25,0.9999999999999999,0.014106691631059091,True,21,69,51,False,-30,-30.25,58,38,58,58,1.0,38.25,0.6594827586206896,True,38.25,0.6594827586206896
923,64,2.7963104933090484,0.005613440108659256,0.005645128700525329,4.0,1.0,0.003525686446216994,True,21,72,45,False,-24,-28.0,64,37,64,64,1.0,41.0,0.640625,True,41.0,0.640625
924,64,1.861012828343185,0.1368503324887826,0.1585476281110936,1.0,0.9999999999999999,0.07960225889137343,True,21,46,40,False,-19,-20.0,41,34,41,41,1.0,35.0,0.8536585365853658,True,35.0,0.8536585365853658
925,64,1.2110441602435498,0.0010338793003564595,0.0010349493130281174,1.0,1.0,0.0006308190549591808,True,21,27,14,True,7,6.0,25,12,12,13.0,0.52,13.0,0.52,True,13.0,0.52
926,64,1.4217059931343337,0.00915883298453617,0.009243492589355877,4.0,1.0,0.004853967695609722,True,21,33,22,False,-1,-5.0,31,19,31,31,1.0,23.0,0.7419354838709677,True,23.0,0.7419354838709677
927,64,1.5185664794345215,0.34560397753455047,0.5281266475802846,0.5,1.0,0.24093065054859458,True,21,36,34,False,-13,-13.5,33,29,33,33,1.0,29.5,0.8939393939393939,True,29.5,0.8939393939393939
928,64,1.2434389422554013,0.006791935239713923,0.006838381081161657,0.25,1.0,0.004435159987306191,True,21,28,18,True,3,2.75,26,16,16,16.25,0.625,16.25,0.625,True,16.25,0.625
929,64,2.0137792609664844,0.3173298661608157,0.4648363102926789,1.0,1.0,0.19928735495722819,True,21,50,47,False,-26,-27.0,45,38,45,45,1.0,39.0,0.8666666666666667,True,39.0,0.8666666666666667
930,64,2.8016294783432896,0.00662152472420134,0.006665661567070858,0.25,0.9999999999999999,0.0037758235475048307,True,21,72,46,False,-25,-25.25,59,31,59,59,1.0,31.25,0.5296610169491526,True,31.25,0.5296610169491526
931,64,2.846310244768337,0.003438709783179454,0.0034505753102564304,0.25,1.0,0.0017179025119058438,True,21,74,44,False,-23,-23.25,62,30,62,62,1.0,30.25,0.4879032258064516,True,30.25,0.4879032258064516
932,64,2.292548414754841,0.01049305077929919,0.010604322473493622,4.0,1.0,0.00549785350781645,True,21,58,39,False,-18,-22.0,52,32,52,52,1.0,36.0,0.6923076923076923,True,36.0,0.6923076923076923
933,64,1.1272464364518735,0.003608550878104849,0.003621619676970342,0.5,0.9999999999999999,0.0019858160955877543,True,21,25,15,True,6,5.5,23,13,13,13.5,0.5869565217391305,13.5,0.5869565217391305,True,13.5,0.5869565217391305
934,64,1.9689972658621173,0.013843948137977131,0.014038293545770478,4.0,1.0,0.009669988901790019,True,21,49,34,False,-13,-17.0,41,27,41,41,1.0,31.0,0.7560975609756098,True,31.0,0.7560975609756098
935,64,1.379983204803332,0.0014422403810924146,0.001444323442684813,2.0,1.0,0.0008103965479792359,True,21,32,17,True,4,2.0,29,14,14,16.0,0.5517241379310345,16.0,0.5517241379310345,True,16.0,0.5517241379310345
936,64,1.3110009511929417,0.00475814340441942,0.0047808915721205495,0.25,1.0,0.0030963256580075773,True,21,30,19,True,2,1.75,28,15,15,15.25,0.5446428571428571,15.25,0.5446428571428571,True,15.25,0.5446428571428571
937,64,1.4328421295835885,0.13049607271802688,0.15008106188312598,0.5,1.0,0.07618698198044524,True,21,34,29,False,-8,-8.5,30,24,30,30,1.0,24.5,0.8166666666666667,True,24.5,0.8166666666666667
938,64,2.310371154396715,0.43202714939264203,0.7606475361113769,0.5,1.0,0.2139553118653356,True,21,58,57,False,-36,-36.5,53,45,53,53,1.0,45.5,0.8584905660377359,True,45.5,0.8584905660377359
939,64,1.5267067504579839,0.04083955048956331,0.04257843461999309,4.0,1.0,0.0189653331036114,True,21,36,28,False,-7,-11.0,32,22,32,32,1.0,26.0,0.8125,True,26.0,0.8125
940,64,2.728903988710096,0.07672437250653662,0.08310018181117838,0.25,0.9999999999999999,0.045702667426746425,True,21,70,58,False,-37,-37.25,61,43,61,61,1.0,43.25,0.7090163934426229,True,43.25,0.7090163934426229
941,64,1.1039242976321981,0.6146390520357731,1.5949697427379954,0.5,1.0,0.6367451939969285,True,21,24,25,False,-4,-4.5,23,22,23,23,1.0,22.5,0.9782608695652174,True,22.5,0.9782608695652174
942,64,1.9179636126089252,0.011862631931287237,0.012005043341769802,4.0,1.0,0.007671249268741776,True,21,47,32,False,-11,-15.0,41,26,41,41,1.0,30.0,0.7317073170731707,True,30.0,0.7317073170731707
943,64,1.797901840297401,0.003947597085366667,0.003963242369392683,0.5,1.0,0.002219510520893159,True,21,44,27,False,-6,-6.5,39,20,39,39,1.0,20.5,0.5256410256410257,True,20.5,0.5256410256410257
944,64,2.870236252998158,0.04746774030945225,0.04983321018951447,4.0,1.0,0.028623787796612968,True,21,74,58,False,-37,-41.0,64,45,64,64,1.0,49.0,0.765625,True,49.0,0.765625
945,64,1.194926330590225,0.11782421629062216,0.13356092795383048,0.25,1.0,0.0640777180493198,True,21,27,23,False,-2,-2.25,25,20,25,25,1.0,20.25,0.81,True,20.25,0.81
946,64,2.0758219373219795,0.058489986964997145,0.062123595240853424,0.25,0.9999999999999998,0.0316788790549159,True,21,52,41,False,-20,-20.25,46,32,46,46,1.0,32.25,0.7010869565217391,True,32.25,0.7010869565217391
947,64,1.083789671435753,0.05760819715365565,0.061129773178904216,4.0,0.9999999999999999,0.03577786553186428,True,21,23,19,False,2,-2.0,23,17,23,23,1.0,21.0,0.9130434782608695,True,21.0,0.9130434782608695
948,64,1.3891011316014523,0.016384925482516723,0.016657863331907982,4.0,0.9999999999999999,0.010551737636902252,True,21,32,23,False,-2,-6.0,29,19,29,29,1.0,23.0,0.7931034482758621,True,23.0,0.7931034482758621
949,64,1.831536323288187,0.3373748187584566,0.5091488043456578,0.25,1.0,0.1928051110985803,True,21,45,43,False,-22,-22.25,41,35,41,41,1.0,35.25,0.8597560975609756,True,35.25,0.8597560975609756
950,64,2.5090872108524036,0.012582512505816393,0.012742849569889261,4.0,1.0,0.0073705410718723115,True,21,64,44,False,-23,-27.0,57,35,57,57,1.0,39.0,0.6842105263157895,True,39.0,0.6842105263157895
951,64,1.3064302947732729,0.17001601160211402,0.20484251983016574,0.5,0.9999999999999999,0.10916958392185151,True,21,30,27,False,-6,-6.5,27,23,27,27,1.0,23.5,0.8703703703703703,True,23.5,0.8703703703703703
952,64,2.01980823661564,0.3560501852465818,0.552916045768133,2.0,0.9999999999999998,0.22159270395596797,True,21,50,48,False,-27,-29.0,45,38,45,45,1.0,40.0,0.8888888888888888,True,40.0,0.8888888888888888
953,64,1.270224585513133,0.0077891419964073805,0.007850289012236528,0.25,1.0,0.004537867512136057,True,21,29,19,True,2,1.75,27,16,16,16.25,0.6018518518518519,16.25,0.6018518518518519,True,16.25,0.6018518518518519
954,64,1.9263384242483936,0.2172998698814461,0.27762850869659644,0.25,0.9999999999999998,0.14851233455473067,True,21,48,43,False,-22,-22.25,41,34,41,41,1.0,34.25,0.8353658536585366,True,34.25,0.8353658536585366
955,64,1.315120099131345,0.03347266897774887,0.034631890794382794,0.5,0.9999999999999998,0.02000334781246304,True,21,30,23,False,-2,-2.5,28,19,28,28,1.0,19.5,0.6964285714285714,True,19.5,0.6964285714285714
956,64,1.0666675540479607,0.01835756464908617,0.018700867024482065,4.0,1.0,0.010097831449082896,True,21,23,16,True,5,1.0,22,15,15,19.0,0.8636363636363636,19.0,0.8636363636363636,True,19.0,0.8636363636363636
957,64,1.0954687316381033,0.00750024295958802,0.007556921708427814,0.25,1.0000000000000002,0.00446418900203456,True,21,24,16,True,5,4.75,23,14,14,14.25,0.6195652173913043,14.25,0.6195652173913043,True,14.25,0.6195652173913043
958,64,2.286531215283846,0.5758536266578267,1.3576766485594018,1.0,1.0,0.4614975830899282,True,21,58,59,False,-38,-39.0,51,48,51,51,1.0,49.0,0.9607843137254902,True,49.0,0.9607843137254902
959,64,2.984576120001107,0.17069292066804376,0.20582595388615818,0.5,1.0,0.09997876777085091,True,21,78,69,False,-48,-48.5,66,54,66,66,1.0,54.5,0.8257575757575758,True,54.5,0.8257575757575758
960,64,2.928387845066809,0.0017783219705451462,0.0017814900334118698,4.0,1.0,0.0012282854089099569,True,21,76,41,False,-20,-24.0,66,32,66,66,1.0,36.0,0.5454545454545454,True,36.0,0.5454545454545454
961,64,2.4737216856421553,0.0023581877930627083,0.0023637619877278737,0.5,0.9999999999999999,0.0013522600431162002,True,21,63,36,False,-15,-15.5,57,28,57,57,1.0,28.5,0.5,True,28.5,0.5
962,64,2.874808803259013,0.540918735225938,1.1782635814862812,4.0,1.0,0.4205272163920677,True,21,74,75,False,-54,-58.0,64,58,64,64,1.0,62.0,0.96875,True,62.0,0.96875
963,64,1.3619493709808956,0.01799207934518275,0.018321725280164104,0.25,0.9999999999999999,0.010621544735023632,True,21,31,23,False,-2,-2.25,29,19,29,29,1.0,19.25,0.6637931034482759,True,19.25,0.6637931034482759
964,64,1.4065510447146639,0.09921725359510945,0.1101455972498307,2.0,1.0,0.05624689453155108,True,21,33,28,False,-7,-9.0,30,23,30,30,1.0,25.0,0.8333333333333334,True,25.0,0.8333333333333334
965,64,2.379098823599197,0.04313373623811183,0.045078124155546004,0.25,1.0,0.022309095143975638,True,21,60,47,False,-26,-26.25,52,37,52,52,1.0,37.25,0.7163461538461539,True,37.25,0.7163461538461539
966,64,1.7921874565930809,0.0437053528327375,0.045702810281539864,0.25,0.9999999999999999,0.022258621802295934,True,21,44,34,False,-13,-13.25,39,27,39,39,1.0,27.25,0.6987179487179487,True,27.25,0.6987179487179487
967,64,1.1827312133347239,0.09991825678200177,0.11101020272311171,4.0,1.0,0.05952964112046915,True,21,26,22,False,-1,-5.0,25,20,25,25,1.0,24.0,0.96,True,24.0,0.96
968,64,1.3595084691398542,0.006097598841705947,0.006135007657290901,0.25,1.0,0.003464691506755903,True,21,31,20,True,1,0.75,29,17,17,17.25,0.5948275862068966,17.25,0.5948275862068966,True,17.25,0.5948275862068966
969,64,1.219182569127541,0.18860537381684733,0.23244592425273747,4.0,0.9999999999999999,0.1127301036610953,True,21,27,25,False,-4,-8.0,25,21,25,25,1.0,25.0,1.0,True,25.0,1.0
970,64,1.2269647924701113,0.004890361633793693,0.004914394801584678,4.0,1.0,0.0030766336250354813,True,21,28,17,True,4,0.0,25,15,15,19.0,0.76,19.0,0.76,True,19.0,0.76
971,64,2.2632456614465277,0.21954702445755175,0.28130717844333564,0.5,0.9999999999999999,0.1409153872685388,True,21,57,52,False,-31,-31.5,50,43,50,50,1.0,43.5,0.87,True,43.5,0.87
972,64,1.508073982306478,0.012143367675183337,0.012292641743574874,0.5,1.0,0.007083972345813199,True,21,36,24,False,-3,-3.5,32,20,32,32,1.0,20.5,0.640625,True,20.5,0.640625
973,64,1.0557481286363748,0.13783183683422473,0.15986653500185302,1.0,1.0,0.08673099695421724,True,21,23,20,True,1,0.0,22,18,18,19.0,0.8636363636363636,19.0,0.8636363636363636,True,19.0,0.8636363636363636
974,64,1.7073163563952907,0.015304852458275347,0.015542731673334292,0.25,0.9999999999999999,0.009020098990588435,True,21,41,29,False,-8,-8.25,36,23,36,36,1.0,23.25,0.6458333333333334,True,23.25,0.6458333333333334
975,64,2.1060770617716185,0.0017674143145059763,0.0017705435986066105,2.0,1.0,0.0012932014385068618,True,21,53,29,False,-8,-10.0,45,21,45,45,1.0,23.0,0.5111111111111111,True,23.0,0.5111111111111111
976,64,1.130434041777815,0.0018858789247899574,0.0018894421839843426,1.0,1.0,0.001069233101612294,True,21,25,14,True,7,6.0,24,12,12,13.0,0.5416666666666666,13.0,0.5416666666666666,True,13.0,0.5416666666666666
977,64,1.3810561724613595,0.10993668421326647,0.1235155772217088,4.0,1.0,0.06765650053568774,True,21,32,27,False,-6,-10.0,29,22,29,29,1.0,26.0,0.896551724137931,True,26.0,0.896551724137931
978,64,1.9193822109459244,0.02008941866304809,0.0205012774080252,4.0,1.0,0.011250130552681321,True,21,47,34,False,-13,-17.0,40,27,40,40,1.0,31.0,0.775,True,31.0,0.775
979,64,2.6188795032379746,0.03451040804976526,0.035743946219095095,2.0,0.9999999999999999,0.016969401803809656,True,21,67,51,False,-30,-32.0,56,39,56,56,1.0,41.0,0.7321428571428571,True,41.0,0.7321428571428571
980,64,2.115550413568089,0.006912830062414586,0.00696094992632827,2.0,1.0,0.004086599660186603,True,21,53,34,False,-13,-15.0,48,27,48,48,1.0,29.0,0.6041666666666666,True,29.0,0.6041666666666666
981,64,1.940619846976077,0.03468471769331153,0.03593097336077594,0.5,0.9999999999999999,0.02066515177870383,True,21,48,37,False,-16,-16.5,42,29,42,42,1.0,29.5,0.7023809523809523,True,29.5,0.7023809523809523
982,64,1.490093708557262,0.004920384553185859,0.004944714449784494,0.25,1.0,0.003127116598647944,True,21,35,22,False,-1,-1.25,31,17,31,31,1.0,17.25,0.5564516129032258,True,17.25,0.5564516129032258
983,64,1.433662834626052,0.003048670130532175,0.0030579929422746665,1.0,0.9999999999999999,0.0018667207887538768,True,21,34,20,True,1,0.0,30,16,16,17.0,0.5666666666666667,17.0,0.5666666666666667,True,17.0,0.5666666666666667
984,64,2.19761789148915,0.04417939930426568,0.0462214345161716,0.25,1.0,0.025591896139337038,True,21,55,43,False,-22,-22.25,49,35,49,49,1.0,35.25,0.7193877551020408,True,35.25,0.7193877551020408
985,64,2.2141237872882265,0.004763243003029227,0.0047860400749283475,0.25,1.0000000000000002,0.0027237034257659703,True,21,56,34,False,-13,-13.25,46,24,46,46,1.0,24.25,0.5271739130434783,True,24.25,0.5271739130434783
986,64,1.1858830927516943,0.06310481256356618,0.06735525319137974,1.0,1.0,0.038055722445838124,True,21,26,21,False,0,-1.0,25,19,25,25,1.0,20.0,0.8,True,20.0,0.8
987,64,1.0413731952809475,0.7081054566452264,2.425894806072421,0.5,1.0,0.569235273178716,True,21,22,24,False,-3,-3.5,22,21,22,22,1.0,21.5,0.9772727272727273,True,21.5,0.9772727272727273
988,64,1.487795970959677,0.5186958264085119,1.0776881956746966,4.0,0.9999999999999999,0.3843105875529335,True,21,35,35,False,-14,-18.0,32,29,32,32,1.0,33.0,1.03125,True,33.0,1.03125
989,64,1.9925796188835285,0.017423539593253067,0.017732502553582878,2.0,1.0,0.011811963890492501,True,21,49,35,False,-14,-16.0,44,28,44,44,1.0,30.0,0.6818181818181818,True,30.0,0.6818181818181818
990,64,1.6963421975677704,0.2407923139752254,0.3171626399569509,1.0,1.0000000000000002,0.15233278618031315,True,21,41,38,False,-17,-18.0,37,32,37,37,1.0,33.0,0.8918918918918919,True,33.0,0.8918918918918919
991,64,1.448633152663964,0.021543581783097003,0.022017926789582618,1.0,0.9999999999999999,0.01344725294768445,True,21,34,25,False,-4,-5.0,31,21,31,31,1.0,22.0,0.7096774193548387,True,22.0,0.7096774193548387
992,64,1.0207244927563315,0.015538941265285317,0.015784211195978486,0.25,1.0,0.00875357107973582,True,21,22,15,True,6,5.75,21,14,14,14.25,0.6785714285714286,14.25,0.6785714285714286,True,14.25,0.6785714285714286
993,64,2.8821955303409528,0.007075170432306533,0.00712558516175587,0.25,1.0,0.004182746000112,True,21,75,48,False,-27,-27.25,66,39,66,66,1.0,39.25,0.5946969696969697,True,39.25,0.5946969696969697
994,64,2.2523888688518774,0.0021459697295196736,0.002150584819442963,0.25,1.0,0.0010619778122845772,True,21,57,32,False,-11,-11.25,50,23,50,50,1.0,23.25,0.465,True,23.25,0.465
995,64,1.1153104769846949,0.18727612683039677,0.23043020269605768,4.0,1.0,0.11716042609912722,True,21,24,22,False,-1,-5.0,23,20,23,23,1.0,24.0,1.0434782608695652,True,24.0,1.0434782608695652
996,64,1.3994557667143441,0.0836142937673869,0.09124355956089351,0.25,1.0,0.05295239859668336,True,21,33,27,False,-6,-6.25,29,22,29,29,1.0,22.25,0.7672413793103449,True,22.25,0.7672413793103449
997,64,2.7790076813907474,0.10073445972875829,0.11201859208168276,4.0,0.9999999999999998,0.05840587628321251,True,21,72,60,False,-39,-43.0,65,51,65,65,1.0,55.0,0.8461538461538461,True,55.0,0.8461538461538461
998,64,1.180988657743356,0.002225797576047095,0.0022307628024856034,1.0,1.0,0.0012994490211080169,True,21,26,15,True,6,5.0,24,12,12,13.0,0.5416666666666666,13.0,0.5416666666666666,True,13.0,0.5416666666666666
999,64,2.4831353222551233,0.11050300772669988,0.12423089531116431,4.0,0.9999999999999999,0.0636503543197122,True,21,63,54,False,-33,-37.0,54,43,54,54,1.0,47.0,0.8703703703703703,True,47.0,0.8703703703703703
1000,64,2.0779455374241236,0.010348214916717965,0.010456420200209243,0.25,0.9999999999999999,0.005612629464072475,True,21,52,35,False,-14,-14.25,46,29,46,46,1.0,29.25,0.6358695652173914,True,29.25,0.6358695652173914
1001,64,1.5694804994563971,0.011587966944835744,0.01172382220906148,4.0,1.0,0.007524422213298361,True,21,37,26,False,-5,-9.0,34,21,34,34,1.0,25.0,0.7352941176470589,True,25.0,0.7352941176470589
1002,64,1.582292982676271,0.03281109198611436,0.033924181423349506,2.0,0.9999999999999999,0.01751647745058715,True,21,38,29,False,-8,-10.0,34,23,34,34,1.0,25.0,0.7352941176470589,True,25.0,0.7352941176470589
1003,64,2.8507241662597833,0.04419224668393012,0.046235497180902724,0.5,1.0,0.028919365474823926,True,21,74,57,False,-36,-36.5,63,44,63,63,1.0,44.5,0.7063492063492064,True,44.5,0.7063492063492064
1004,64,2.0019056963065447,0.015650391069560378,0.015899220081537446,0.5,1.0,0.00989951554192578,True,21,50,35,False,-14,-14.5,44,29,44,44,1.0,29.5,0.6704545454545454,True,29.5,0.6704545454545454
1005,64,1.2774763255889774,0.005138626072184373,0.005165167938822015,4.0,1.0,0.0031443700944253803,True,21,29,18,False,3,-1.0,27,15,27,27,1.0,19.0,0.7037037037037037,True,19.0,0.7037037037037037
1006,64,2.439233127101036,0.003546605071436463,0.0035592282483926123,4.0,0.9999999999999999,0.002276639408907251,True,21,62,37,False,-16,-20.0,54,27,54,54,1.0,31.0,0.5740740740740741,True,31.0,0.5740740740740741
1007,64,2.37424524355314,0.2552826369236011,0.3427913052396661,2.0,1.0000000000000002,0.16730216797650413,True,21,60,56,False,-35,-37.0,53,46,53,53,1.0,48.0,0.9056603773584906,True,48.0,0.9056603773584906
1008,64,1.185693030983532,0.1256498561751963,0.14370656545619917,0.5,1.0,0.07166082309637582,True,21,26,23,False,-2,-2.5,25,20,25,25,1.0,20.5,0.82,True,20.5,0.82
1009,64,2.6881174613691208,0.0015954504008696905,0.0015979999304993955,1.0,0.9999999999999999,0.0007974991273105873,True,21,69,37,False,-16,-17.0,61,28,61,61,1.0,29.0,0.47540983606557374,True,29.0,0.47540983606557374
1010,64,1.7441619859123485,0.020826140631442863,0.02126909376938747,2.0,1.0,0.013662086293181852,True,21,42,31,False,-10,-12.0,38,24,38,38,1.0,26.0,0.6842105263157895,True,26.0,0.6842105263157895
1011,64,2.1416777154653412,0.04701552181858315,0.04933503419520852,1.0,1.0,0.023565409882332043,True,21,54,42,False,-21,-22.0,45,33,45,45,1.0,34.0,0.7555555555555555,True,34.0,0.7555555555555555
1012,64,2.4176729115786664,0.005394909384463935,0.005424172302521759,1.0,1.0,0.002798048952425825,True,21,61,38,False,-17,-18.0,56,31,56,56,1.0,32.0,0.5714285714285714,True,32.0,0.5714285714285714
1013,64,2.3737328464725542,0.010400833414632967,0.010510147710129206,1.0,0.9999999999999999,0.0058146791666795535,True,21,60,41,False,-20,-21.0,52,31,52,52,1.0,32.0,0.6153846153846154,True,32.0,0.6153846153846154
1014,64,1.8249257388819442,0.0011607312036080895,0.001162080066202021,4.0,0.9999999999999999,0.0006881536104232313,True,21,45,23,False,-2,-6.0,39,18,39,39,1.0,22.0,0.5641025641025641,True,22.0,0.5641025641025641
1015,64,1.7678647034745645,0.11447814810141818,0.12927760941864289,1.0,0.9999999999999999,0.07787978284759002,True,21,43,37,False,-16,-17.0,38,30,38,38,1.0,31.0,0.8157894736842105,True,31.0,0.8157894736842105
1016,64,1.1621549794777075,0.07493748266947033,0.08100801974521553,2.0,0.9999999999999999,0.04761296548238474,True,21,26,21,False,0,-2.0,24,19,24,24,1.0,21.0,0.875,True,21.0,0.875
1017,64,1.499223822712685,0.536001044522652,1.1551772653695531,0.5,1.0,0.32988076537481525,True,21,35,36,False,-15,-15.5,32,29,32,32,1.0,29.5,0.921875,True,29.5,0.921875
1018,64,2.2476155766486534,0.31993837907102823,0.4704549841145113,2.0,0.9999999999999999,0.19301961460480355,True,21,57,54,False,-33,-35.0,49,41,49,49,1.0,43.0,0.8775510204081632,True,43.0,0.8775510204081632
1019,64,2.535417453935514,0.10352925965864913,0.11548537503770408,2.0,1.0000000000000002,0.0543908153874824,True,21,65,55,False,-34,-36.0,56,44,56,56,1.0,46.0,0.8214285714285714,True,46.0,0.8214285714285714
1020,64,1.8556654456770532,0.006612646015975101,0.006656664179843628,1.0,1.0,0.004265160492364161,True,21,46,29,False,-8,-9.0,41,24,41,41,1.0,25.0,0.6097560975609756,True,25.0,0.6097560975609756
1021,64,2.5400265038382246,0.0050141418684908415,0.005039410186097452,4.0,1.0,0.003024798382255557,True,21,65,40,False,-19,-23.0,56,31,56,56,1.0,35.0,0.625,True,35.0,0.625
1022,64,2.0093242525701007,0.002728207706524659,0.0027356711857361017,2.0,1.0,0.0018020501091036783,True,21,50,29,False,-8,-10.0,42,20,42,42,1.0,22.0,0.5238095238095238,True,22.0,0.5238095238095238
1023,64,1.3745797502541386,0.002457955735812419,0.0024640121686554774,1.0,0.9999999999999999,0.001534639551778581,True,21,32,18,True,3,2.0,29,14,14,15.0,0.5172413793103449,15.0,0.5172413793103449,True,15.0,0.5172413793103449
1024,64,1.411067742308071,0.14888626460137,0.1749311031053179,1.0,0.9999999999999999,0.09192523968876826,True,21,33,29,False,-8,-9.0,29,24,29,29,1.0,25.0,0.8620689655172413,True,25.0,0.8620689655172413
1025,64,1.7004306918695888,0.2147426005165804,0.27346778350366197,4.0,1.0,0.14239779760848564,True,21,41,37,False,-16,-20.0,37,31,37,37,1.0,35.0,0.9459459459459459,True,35.0,0.9459459459459459
1026,64,1.1013189457083454,0.5159530917088982,1.0659154781722278,1.0,0.9999999999999999,0.44094933714556583,True,21,24,24,False,-3,-4.0,23,21,23,23,1.0,22.0,0.9565217391304348,True,22.0,0.9565217391304348
1027,64,1.7649890321757038,0.011688410471273765,0.011826645154335742,4.0,1.0,0.0074136061215160295,True,21,43,29,False,-8,-12.0,37,22,37,37,1.0,26.0,0.7027027027027027,True,26.0,0.7027027027027027
1028,64,2.272349362464656,0.3832782309385963,0.6214767341874635,4.0,1.0,0.2930268118030478,True,21,57,55,False,-34,-38.0,51,46,51,51,1.0,50.0,0.9803921568627451,True,50.0,0.9803921568627451
1029,64,1.0902215842646026,0.012284139002103359,0.012436915804604577,0.25,1.0,0.0073802824438698135,True,21,24,16,True,5,4.75,23,15,15,15.25,0.6630434782608695,15.25,0.6630434782608695,True,15.25,0.6630434782608695
1030,64,1.0952515577214308,0.03847291509189369,0.040012305108982515,4.0,1.0,0.020809676981437496,True,21,24,18,False,3,-1.0,23,17,23,23,1.0,21.0,0.9130434782608695,True,21.0,0.9130434782608695
1031,64,1.4177280690462963,0.03507414917749287,0.036349061586022906,4.0,0.9999999999999999,0.01990836325238203,True,21,33,25,False,-4,-8.0,30,21,30,30,1.0,25.0,0.8333333333333334,True,25.0,0.8333333333333334
1032,64,2.61890622529828,0.04386516671392671,0.04587759507011116,2.0,1.0,0.026069022844669373,True,21,67,52,False,-31,-33.0,59,39,59,59,1.0,41.0,0.6949152542372882,True,41.0,0.6949152542372882
1033,64,1.3788886636189666,0.0634213376164531,0.06771597535123093,0.5,1.0,0.03795561790834582,True,21,32,26,False,-5,-5.5,29,22,29,29,1.0,22.5,0.7758620689655172,True,22.5,0.7758620689655172
1034,64,1.039275215149694,0.003555554843133569,0.0035682419229843077,0.5,1.0,0.0023663621120425964,True,21,22,13,True,8,7.5,22,12,12,12.5,0.5681818181818182,12.5,0.5681818181818182,True,12.5,0.5681818181818182
1035,64,1.0167858867282193,0.27027471460626074,0.37037871650620974,2.0,1.0,0.1461826492229987,True,21,22,20,False,1,-1.0,21,18,21,21,1.0,20.0,0.9523809523809523,True,20.0,0.9523809523809523
1036,64,2.5285866568383386,0.07446565709839655,0.08045693568208655,4.0,1.0,0.04409745528869145,True,21,65,53,False,-32,-36.0,55,41,55,55,1.0,45.0,0.8181818181818182,True,45.0,0.8181818181818182
1037,64,1.0257308598753645,0.007064710179782199,0.00711497541905409,0.25,1.0,0.0041185798654525246,True,21,22,14,True,7,6.75,21,13,13,13.25,0.6309523809523809,13.25,0.6309523809523809,True,13.25,0.6309523809523809
1038,64,1.433932459298458,0.0022563332893333374,0.002261435842306024,0.5,1.0,0.00119815891478367,True,21,34,19,True,2,1.5,30,15,15,15.5,0.5166666666666667,15.5,0.5166666666666667,True,15.5,0.5166666666666667
1039,64,1.612841136178832,0.0042507915742419355,0.004268937939666833,4.0,0.9999999999999999,0.0024907845795123502,True,21,39,24,False,-3,-7.0,35,18,35,35,1.0,22.0,0.6285714285714286,True,22.0,0.6285714285714286
1040,64,2.5698728612703556,0.38369697642435147,0.6225784423354436,4.0,0.9999999999999999,0.26761546931192187,True,21,66,64,False,-43,-47.0,57,50,57,57,1.0,54.0,0.9473684210526315,True,54.0,0.9473684210526315
1041,64,1.268056808113125,0.0027812702448931576,0.0027890272834889206,4.0,0.9999999999999998,0.0017473989271768284,True,21,29,17,True,4,0.0,27,14,14,18.0,0.6666666666666666,18.0,0.6666666666666666,True,18.0,0.6666666666666666
1042,64,1.4235613896732477,0.0311213459318928,0.03212099451383427,0.25,0.9999999999999999,0.017271560215617748,True,21,33,25,False,-4,-4.25,30,21,30,30,1.0,21.25,0.7083333333333334,True,21.25,0.7083333333333334
1043,64,1.0114243221912873,0.0011257148674952689,0.001126983529609973,1.0,0.9999999999999999,0.00060017624877854,True,21,21,11,True,10,9.0,21,10,10,11.0,0.5238095238095238,11.0,0.5238095238095238,True,11.0,0.5238095238095238
1044,64,1.4698452613055346,0.37849106470161464,0.6089873261756112,1.0,1.0,0.177873381511646,True,21,35,33,False,-12,-13.0,32,27,32,32,1.0,28.0,0.875,True,28.0,0.875
1045,64,1.3295348335092751,0.010540692730348928,0.010652982546028384,0.5,1.0,0.005869507407563665,True,21,31,21,False,0,-0.5,28,17,28,28,1.0,17.5,0.625,True,17.5,0.625
1046,64,1.2339241545112072,0.0076867273821402135,0.0077462708544264085,4.0,0.9999999999999999,0.0040268723412060425,True,21,28,18,False,3,-1.0,26,15,26,26,1.0,19.0,0.7307692307692307,True,19.0,0.7307692307692307
1047,64,1.1595254057357185,0.01642118669137185,0.01669534405294189,2.0,0.9999999999999999,0.007178610105747049,True,21,26,18,True,3,1.0,24,15,15,17.0,0.7083333333333334,17.0,0.7083333333333334,True,17.0,0.7083333333333334
1048,64,1.5161480866659698,0.0428627848895547,0.044782278040049577,0.5,0.9999999999999999,0.026814800404504995,True,21,36,28,False,-7,-7.5,33,24,33,33,1.0,24.5,0.7424242424242424,True,24.5,0.7424242424242424
1049,64,1.5978553708734309,0.39078163214133815,0.6414475543718328,2.0,1.0,0.22816077682928645,True,21,38,37,False,-16,-18.0,35,32,35,35,1.0,34.0,0.9714285714285714,True,34.0,0.9714285714285714
1050,64,1.265734783443067,0.012705504668151667,0.01286901195967988,4.0,0.9999999999999999,0.007065781683039306,True,21,29,20,False,1,-3.0,26,17,26,26,1.0,21.0,0.8076923076923077,True,21.0,0.8076923076923077
1051,64,1.6095592376609784,0.04802831481625273,0.050451411070049225,0.25,1.0,0.02601599053167822,True,21,39,30,False,-9,-9.25,34,25,34,34,1.0,25.25,0.7426470588235294,True,25.25,0.7426470588235294
1052,64,2.000371558109396,0.0040111540034982445,0.004027308156734451,4.0,0.9999999999999999,0.0019236877051076774,True,21,50,30,False,-9,-13.0,44,24,44,44,1.0,28.0,0.6363636363636364,True,28.0,0.6363636363636364
1053,64,1.0072757463664122,0.0011547462708402442,0.0011560812513540335,0.5,0.9999999999999999,0.0006706941828504222,True,21,21,11,True,10,9.5,21,10,10,10.5,0.5,10.5,0.5,True,10.5,0.5
1054,64,1.9712325003197215,0.026043218873178786,0.026739604238956098,0.25,0.9999999999999999,0.012641846390127116,True,21,49,36,False,-15,-15.25,42,28,42,42,1.0,28.25,0.6726190476190477,True,28.25,0.6726190476190477
1055,64,1.4426165260416837,0.6475409405737634,1.8372089559221056,1.0,1.0000000000000002,0.5989599411418723,True,21,34,35,False,-14,-15.0,31,31,31,31,1.0,32.0,1.032258064516129,True,32.0,1.032258064516129
1056,64,2.2096014316973034,0.06076024582980489,0.0646908795757753,0.25,1.0,0.03484934894581414,True,21,56,45,False,-24,-24.25,49,38,49,49,1.0,38.25,0.7806122448979592,True,38.25,0.7806122448979592
1057,64,1.0469580026231902,0.02230458123816913,0.022813425132354626,0.25,1.0,0.014777279463140128,True,21,22,16,True,5,4.75,22,15,15,15.25,0.6931818181818182,15.25,0.6931818181818182,True,15.25,0.6931818181818182
1058,64,1.598740607718643,0.036618879885384384,0.038010792531441503,0.5,0.9999999999999998,0.024586583083402034,True,21,38,29,False,-8,-8.5,35,24,35,35,1.0,24.5,0.7,True,24.5,0.7
1059,64,2.648583765811602,0.02586325038962669,0.026549917555180262,4.0,1.0000000000000002,0.01531009161768281,True,21,68,50,False,-29,-33.0,58,38,58,58,1.0,42.0,0.7241379310344828,True,42.0,0.7241379310344828
1060,64,1.2418324652153772,0.0012915469105782365,0.0012932171612075008,0.25,0.9999999999999999,0.0008028983748671606,True,21,28,15,True,6,5.75,26,13,13,13.25,0.5096153846153846,13.25,0.5096153846153846,True,13.25,0.5096153846153846
1061,64,1.4701019883098991,0.018450654827804728,0.018797480655002516,4.0,1.0,0.011564444907923056,True,21,35,25,False,-4,-8.0,32,22,32,32,1.0,26.0,0.8125,True,26.0,0.8125
1062,64,2.7510523680093764,0.051466035741765476,0.0542585059481898,0.5,1.0,0.02344278103850406,True,21,71,56,False,-35,-35.5,59,41,59,59,1.0,41.5,0.7033898305084746,True,41.5,0.7033898305084746
1063,64,2.234642224381315,0.04820226031774507,0.050643385992739126,0.25,0.9999999999999999,0.02153012227474658,True,21,56,44,False,-23,-23.25,48,34,48,48,1.0,34.25,0.7135416666666666,True,34.25,0.7135416666666666
1064,64,1.6258268356439296,0.06904682250619872,0.07416787887450813,1.0,0.9999999999999998,0.03634870868691469,True,21,39,32,False,-11,-12.0,35,26,35,35,1.0,27.0,0.7714285714285715,True,27.0,0.7714285714285715
1065,64,1.1736353047813868,0.016498306595782265,0.01677506679086264,1.0,0.9999999999999999,0.009768151462199599,True,21,26,18,True,3,2.0,24,16,16,17.0,0.7083333333333334,17.0,0.7083333333333334,True,17.0,0.7083333333333334
1066,64,1.4269715931106337,0.0773990395945929,0.08389221658796281,4.0,1.0,0.051368569274029274,True,21,33,27,False,-6,-10.0,30,24,30,30,1.0,28.0,0.9333333333333333,True,28.0,0.9333333333333333
1067,64,2.322902825534936,0.001430659312044956,0.001432709030560979,0.25,1.0,0.0008577546223740232,True,21,59,31,False,-10,-10.25,53,24,53,53,1.0,24.25,0.45754716981132076,True,24.25,0.45754716981132076
1068,64,1.4598856619700642,0.3026157569591883,0.4339297309610692,0.5,1.0,0.20026858693315064,True,21,34,32,False,-11,-11.5,31,27,31,31,1.0,27.5,0.8870967741935484,True,27.5,0.8870967741935484
1069,64,1.6041542667043154,0.017395677290649978,0.017703644171526346,1.0,1.0,0.009687792915681023,True,21,38,27,False,-6,-7.0,34,23,34,34,1.0,24.0,0.7058823529411765,True,24.0,0.7058823529411765
1070,64,1.3700313509106887,0.6553825324230724,1.901768175104978,2.0,1.0,0.6465080359604058,True,21,32,33,False,-12,-14.0,29,29,29,29,1.0,31.0,1.0689655172413792,True,31.0,1.0689655172413792
1071,64,1.2807795352499938,0.24761127161201488,0.3291001875354104,0.25,1.0,0.17246822917387308,True,21,29,27,False,-6,-6.25,27,23,27,27,1.0,23.25,0.8611111111111112,True,23.25,0.8611111111111112
1072,64,2.0657427311019614,0.0032353185933392207,0.0032458198546656504,0.25,1.0,0.0019671006980076715,True,21,52,30,False,-9,-9.25,46,24,46,46,1.0,24.25,0.5271739130434783,True,24.25,0.5271739130434783
1073,64,1.7643049384858938,0.0019260303822154472,0.0019297471338251876,0.5,1.0,0.0010862872505071782,True,21,43,24,False,-3,-3.5,38,18,38,38,1.0,18.5,0.4868421052631579,True,18.5,0.4868421052631579
1074,64,2.198898324071169,0.43532691581622446,0.7709361894687817,2.0,0.9999999999999999,0.33936336970650927,True,21,55,54,False,-33,-35.0,48,44,48,48,1.0,46.0,0.9583333333333334,True,46.0,0.9583333333333334
1075,64,1.024587434712533,0.09457150279883555,0.10444944365145604,1.0,1.0,0.05842402406597442,True,21,22,18,True,3,2.0,21,17,17,18.0,0.8571428571428571,18.0,0.8571428571428571,True,18.0,0.8571428571428571
1076,64,2.087823720651168,0.06918453704103956,0.07432680245889932,4.0,1.0,0.04243526317527717,True,21,52,42,False,-21,-25.0,45,34,45,45,1.0,38.0,0.8444444444444444,True,38.0,0.8444444444444444
1077,64,2.5007690182606943,0.3561630266154567,0.5531882158664595,0.5,0.9999999999999999,0.19285694601780998,True,21,64,61,False,-40,-40.5,55,48,55,55,1.0,48.5,0.8818181818181818,True,48.5,0.8818181818181818
1078,64,1.692911738819842,0.0019793325057957025,0.0019832580328875775,0.5,1.0,0.0011224599609727113,True,21,41,23,False,-2,-2.5,37,18,37,37,1.0,18.5,0.5,True,18.5,0.5
1079,64,2.798421814001735,0.0015846689780303392,0.0015871841394986244,0.5,1.0,0.0010640087892072004,True,21,72,39,False,-18,-18.5,64,30,64,64,1.0,30.5,0.4765625,True,30.5,0.4765625
1080,64,1.4730012339411598,0.4212801623331444,0.7279518255872498,0.5,1.0,0.3196865146099259,True,21,35,34,False,-13,-13.5,31,28,31,31,1.0,28.5,0.9193548387096774,True,28.5,0.9193548387096774
1081,64,1.8443724369388987,0.2851020084008819,0.3988009642650584,1.0,0.9999999999999999,0.18365534238431758,True,21,45,42,False,-21,-22.0,41,36,41,41,1.0,37.0,0.9024390243902439,True,37.0,0.9024390243902439
1082,64,1.2378217671322644,0.0015303126716153242,0.0015326581177541774,0.25,1.0,0.0008686542310754543,True,21,28,15,True,6,5.75,26,12,12,12.25,0.47115384615384615,12.25,0.47115384615384615,True,12.25,0.47115384615384615
1083,64,2.1155013533727116,0.08134057116304434,0.08854268362109276,1.0,1.0,0.053902397045113744,True,21,53,44,False,-23,-24.0,48,38,48,48,1.0,39.0,0.8125,True,39.0,0.8125
1084,64,1.0184519804891363,0.0746672974560071,0.08069237934715401,4.0,0.9999999999999998,0.047418623763625545,True,21,22,18,False,3,-1.0,21,17,21,21,1.0,21.0,1.0,True,21.0,1.0
1085,64,2.111013660602621,0.02743519293838452,0.02820911546375377,0.5,0.9999999999999999,0.01636815740997733,True,21,53,39,False,-18,-18.5,45,31,45,45,1.0,31.5,0.7,True,31.5,0.7
1086,64,1.4310298425123364,0.14728895603286946,0.1727302080522215,2.0,1.0,0.10262480265313301,True,21,33,29,False,-8,-10.0,31,26,31,31,1.0,28.0,0.9032258064516129,True,28.0,0.9032258064516129
1087,64,1.14676540391811,0.04078122918021821,0.042515044972863854,0.5,1.0,0.021803371518420784,True,21,25,20,True,1,0.5,24,17,17,17.5,0.7291666666666666,17.5,0.7291666666666666,True,17.5,0.7291666666666666
1088,64,2.9301588887617713,0.008426515685525377,0.008498125271422578,0.25,1.0,0.005043237643500512,True,21,76,50,False,-29,-29.25,66,40,66,66,1.0,40.25,0.6098484848484849,True,40.25,0.6098484848484849
1089,64,1.950922157357337,0.0066141919543770905,0.006658230770771514,4.0,0.9999999999999999,0.0042701351257808445,True,21,48,31,False,-10,-14.0,43,25,43,43,1.0,29.0,0.6744186046511628,True,29.0,0.6744186046511628
1090,64,1.3187142800167826,0.0010636857313181063,0.0010648183634177192,0.25,1.0,0.0006357212496705884,True,21,30,16,True,5,4.75,27,12,12,12.25,0.4537037037037037,12.25,0.4537037037037037,True,12.25,0.4537037037037037
1091,64,1.5806722638319985,0.011714296288607354,0.011853147571209083,1.0,1.0,0.006895792620801051,True,21,38,26,False,-5,-6.0,34,21,34,34,1.0,22.0,0.6470588235294118,True,22.0,0.6470588235294118
1092,64,1.4545590185376782,0.13172250772665584,0.15170554217843069,2.0,1.0,0.08564903839483488,True,21,34,30,False,-9,-11.0,31,25,31,31,1.0,27.0,0.8709677419354839,True,27.0,0.8709677419354839
1093,64,1.0770398904817737,0.008583438995954514,0.00865775228453087,4.0,1.0,0.004305354499088685,True,21,23,15,True,6,2.0,22,14,14,18.0,0.8181818181818182,18.0,0.8181818181818182,True,18.0,0.8181818181818182
1094,64,2.086667383825868,0.21919925076394875,0.28073647595550727,0.25,1.0,0.14393310404636625,True,21,52,47,False,-26,-26.25,46,39,46,46,1.0,39.25,0.8532608695652174,True,39.25,0.8532608695652174
1095,64,2.2826182196469937,0.08565194412189203,0.09367542651975663,2.0,0.9999999999999999,0.04530401833989685,True,21,58,48,False,-27,-29.0,49,38,49,49,1.0,40.0,0.8163265306122449,True,40.0,0.8163265306122449
1096,64,1.9123957572343142,0.0025941299604151204,0.0026008769732948985,2.0,0.9999999999999999,0.0014243382850995293,True,21,47,27,False,-6,-8.0,42,21,42,42,1.0,23.0,0.5476190476190477,True,23.0,0.5476190476190477
1097,64,2.330964802915627,0.10744601116030104,0.1203804055595321,2.0,0.9999999999999999,0.0677617965321063,True,21,59,50,False,-29,-31.0,51,41,51,51,1.0,43.0,0.8431372549019608,True,43.0,0.8431372549019608
1098,64,1.046697772058787,0.20348724550786393,0.25547267681558883,4.0,1.0,0.13405140041763589,True,21,22,20,False,1,-3.0,22,19,22,22,1.0,23.0,1.0454545454545454,True,23.0,1.0454545454545454
1099,64,1.5686690998381934,0.20683673570151048,0.2607744773510741,1.0,1.0,0.1396571231752821,True,21,37,34,False,-13,-14.0,33,28,33,33,1.0,29.0,0.8787878787878788,True,29.0,0.8787878787878788
1100,64,2.1575288621936846,0.1402290656047377,0.16310049571909604,0.5,1.0,0.0822775770888777,True,21,54,47,False,-26,-26.5,46,37,46,46,1.0,37.5,0.8152173913043478,True,37.5,0.8152173913043478
1101,64,1.9409101492814589,0.044753601791421245,0.04685032246690478,1.0,0.9999999999999999,0.02903963785158687,True,21,48,37,False,-16,-17.0,43,31,43,43,1.0,32.0,0.7441860465116279,True,32.0,0.7441860465116279
1102,64,1.8208205423548958,0.3193672972347795,0.4692212054126689,2.0,1.0,0.17545967628055895,True,21,45,42,False,-21,-23.0,39,34,39,39,1.0,36.0,0.9230769230769231,True,36.0,0.9230769230769231
1103,64,1.3339561870477146,0.020761449249264465,0.02120162572577198,0.25,1.0,0.013253927448988812,True,21,31,22,False,-1,-1.25,28,19,28,28,1.0,19.25,0.6875,True,19.25,0.6875
1104,64,2.6639884813180803,0.040994408764944125,0.04274678806840892,1.0,0.9999999999999999,0.026921202566922885,True,21,68,53,False,-32,-33.0,60,40,60,60,1.0,41.0,0.6833333333333333,True,41.0,0.6833333333333333
1105,64,2.271927982490019,0.0483663519987182,0.05082455007796556,4.0,0.9999999999999998,0.02588779030090734,True,21,57,45,False,-24,-28.0,51,37,51,51,1.0,41.0,0.803921568627451,True,41.0,0.803921568627451
1106,64,1.2375966598073969,0.0013472218330139141,0.0013490392881965662,0.25,1.0,0.0008025322454974451,True,21,28,15,True,6,5.75,26,13,13,13.25,0.5096153846153846,13.25,0.5096153846153846,True,13.25,0.5096153846153846
1107,64,2.6879048001528925,0.006821507851616123,0.006868360426191116,0.25,0.9999999999999999,0.004454368710865216,True,21,69,44,False,-23,-23.25,60,32,60,60,1.0,32.25,0.5375,True,32.25,0.5375
1108,64,1.6182710579315096,0.014249576120584848,0.014455561748079927,0.5,1.0,0.007581389564219244,True,21,39,27,False,-6,-6.5,35,23,35,35,1.0,23.5,0.6714285714285714,True,23.5,0.6714285714285714
1109,64,1.1654557446937486,0.15501018810594136,0.18344622139109992,0.25,0.9999999999999999,0.07930109606112433,True,21,26,23,False,-2,-2.25,24,19,24,24,1.0,19.25,0.8020833333333334,True,19.25,0.8020833333333334
1110,64,1.1929878420446403,0.04064121908012638,0.0423628989366813,1.0,0.9999999999999999,0.026659577837373414,True,21,27,21,False,0,-1.0,24,18,24,24,1.0,19.0,0.7916666666666666,True,19.0,0.7916666666666666
1111,64,2.9470194574301662,0.23569042236338894,0.30837036360605086,0.5,1.0,0.15442043506745773,True,21,76,70,False,-49,-49.5,65,56,65,65,1.0,56.5,0.8692307692307693,True,56.5,0.8692307692307693
1112,64,2.899254429879853,0.13412873676236992,0.15490609569468938,0.5,1.0,0.08766122904328813,True,21,75,65,False,-44,-44.5,67,55,67,67,1.0,55.5,0.8283582089552238,True,55.5,0.8283582089552238
1113,64,1.0599229458412969,0.001722920432079498,0.0017258940101331599,4.0,1.0,0.0010621441596661237,True,21,23,13,True,8,4.0,22,11,11,15.0,0.6818181818181818,15.0,0.6818181818181818,True,15.0,0.6818181818181818
1114,64,1.9508717467108245,0.0029292170216635035,0.0029378225414585708,2.0,1.0,0.0019466098978946484,True,21,48,28,False,-7,-9.0,44,22,44,44,1.0,24.0,0.5454545454545454,True,24.0,0.5454545454545454
1115,64,2.919002771842123,0.002905589426385456,0.002914056478076044,1.0,1.0,0.0018188287723063378,True,21,76,44,False,-23,-24.0,66,33,66,66,1.0,34.0,0.5151515151515151,True,34.0,0.5151515151515151
1116,64,2.3260638524771826,0.002873541202399187,0.0028818222373361625,1.0,0.9999999999999999,0.0017999062633602347,True,21,59,34,False,-13,-14.0,52,25,52,52,1.0,26.0,0.5,True,26.0,0.5
1117,64,1.7874376967677246,0.019842185642295274,0.020243868233910695,2.0,1.0000000000000002,0.012546406086869162,True,21,44,31,False,-10,-12.0,39,26,39,39,1.0,28.0,0.717948717948718,True,28.0,0.717948717948718
1118,64,2.198858629845067,0.02412891215892149,0.02472551186274196,0.25,1.0,0.012787055060644613,True,21,55,41,False,-20,-20.25,48,32,48,48,1.0,32.25,0.671875,True,32.25,0.671875
1119,64,2.9479180104933373,0.0013735647018739885,0.0013754539769057184,2.0,1.0,0.0007039090128627,True,21,76,40,False,-19,-21.0,67,30,67,67,1.0,32.0,0.47761194029850745,True,32.0,0.47761194029850745
1120,64,1.8118123554717953,0.017296335125409595,0.017600763835165813,4.0,0.9999999999999999,0.010508355667548822,True,21,44,32,False,-11,-15.0,39,25,39,39,1.0,29.0,0.7435897435897436,True,29.0,0.7435897435897436
1121,64,1.4509969913351586,0.11283796897782236,0.12718980866191015,4.0,0.9999999999999999,0.06643073872220817,True,21,34,29,False,-8,-12.0,30,24,30,30,1.0,28.0,0.9333333333333333,True,28.0,0.9333333333333333
1122,64,1.0779292513747492,0.011571410555258583,0.011706875619369657,4.0,1.0,0.006987524292419441,True,21,23,16,True,5,1.0,22,14,14,18.0,0.8181818181818182,18.0,0.8181818181818182,True,18.0,0.8181818181818182
1123,64,1.0274559575343347,0.007387190721054733,0.00744216743124738,0.25,1.0,0.0038217101313018993,True,21,22,14,True,7,6.75,21,13,13,13.25,0.6309523809523809,13.25,0.6309523809523809,True,13.25,0.6309523809523809
1124,64,2.7411720604290437,0.0460517997154832,0.04827494794974,4.0,1.0,0.033741835592414754,True,21,71,55,False,-34,-38.0,62,45,62,62,1.0,49.0,0.7903225806451613,True,49.0,0.7903225806451613
1125,64,2.5440362862116808,0.03604158861020112,0.03738915308414366,4.0,0.9999999999999999,0.023653597069681533,True,21,65,50,False,-29,-33.0,58,40,58,58,1.0,44.0,0.7586206896551724,True,44.0,0.7586206896551724
1126,64,2.510947087379638,0.5479938838279959,1.2123594443121761,4.0,1.0000000000000002,0.4343190624082309,True,21,64,65,False,-44,-48.0,57,54,57,57,1.0,58.0,1.0175438596491229,True,58.0,1.0175438596491229
1127,64,2.1803178540556654,0.02386506259813902,0.02444852825538618,2.0,1.0000000000000002,0.01489893745350831,True,21,55,40,False,-19,-21.0,47,31,47,47,1.0,33.0,0.7021276595744681,True,33.0,0.7021276595744681
1128,64,2.488509825879931,0.03818607168203718,0.039702140463714904,1.0,1.0,0.023118188886174267,True,21,64,49,False,-28,-29.0,55,38,55,55,1.0,39.0,0.7090909090909091,True,39.0,0.7090909090909091
1129,64,2.8039715018254685,0.001098096644736335,0.0010993037865358762,0.5,1.0,0.0005422558431569578,True,21,72,37,False,-16,-16.5,63,27,63,63,1.0,27.5,0.4365079365079365,True,27.5,0.4365079365079365
1130,64,2.9502754630342185,0.013678393153551027,0.013868086290114585,0.5,1.0,0.007803988051070727,True,21,77,53,False,-32,-32.5,66,40,66,66,1.0,40.5,0.6136363636363636,True,40.5,0.6136363636363636
1131,64,2.5291828814581043,0.0016148336091216383,0.0016174455144993749,0.25,1.0000000000000002,0.0009821147960759927,True,21,65,35,False,-14,-14.25,55,25,55,55,1.0,25.25,0.4590909090909091,True,25.25,0.4590909090909091
1132,64,2.751633762514602,0.012324824295342054,0.012478621107945632,1.0,1.0,0.009349323662025824,True,21,71,49,False,-28,-29.0,61,39,61,61,1.0,40.0,0.6557377049180327,True,40.0,0.6557377049180327
1133,64,2.3129901762672294,0.021127681520711688,0.02158369495373438,2.0,1.0,0.013794858960611377,True,21,59,42,False,-21,-23.0,49,33,49,49,1.0,35.0,0.7142857142857143,True,35.0,0.7142857142857143
1134,64,2.4615399168315504,0.019318123367020167,0.019698664599927113,4.0,1.0,0.010788629460708783,True,21,63,45,False,-24,-28.0,52,35,52,52,1.0,39.0,0.75,True,39.0,0.75
1135,64,2.6175326309001528,0.06803765107873408,0.0730047207995975,1.0,1.0,0.03318238466495688,True,21,67,55,False,-34,-35.0,59,44,59,59,1.0,45.0,0.7627118644067796,True,45.0,0.7627118644067796
1136,64,1.307943389322267,0.004439690627133272,0.004459489380336954,4.0,0.9999999999999999,0.0029638025587260886,True,21,30,18,False,3,-1.0,27,15,27,27,1.0,19.0,0.7037037037037037,True,19.0,0.7037037037037037
1137,64,2.1685452030645656,0.2914153856601388,0.4112640604419984,0.25,1.0,0.19658003996033618,True,21,54,51,False,-30,-30.25,50,43,50,50,1.0,43.25,0.865,True,43.25,0.865
1138,64,2.023977130126131,0.09789974273552661,0.10852423768550687,4.0,0.9999999999999999,0.058594172300398546,True,21,50,42,False,-21,-25.0,45,35,45,45,1.0,39.0,0.8666666666666667,True,39.0,0.8666666666666667
1139,64,1.4594060108317977,0.030111301792708524,0.03104614152981183,1.0,0.9999999999999999,0.017543359128411803,True,21,34,26,False,-5,-6.0,31,21,31,31,1.0,22.0,0.7096774193548387,True,22.0,0.7096774193548387
1140,64,1.9825144118466027,0.007715081031440815,0.007775066297954357,1.0,0.9999999999999999,0.004462483137035332,True,21,49,32,False,-11,-12.0,42,25,42,42,1.0,26.0,0.6190476190476191,True,26.0,0.6190476190476191
1141,64,2.090303442953231,0.003103600274788487,0.003113262597441395,2.0,0.9999999999999999,0.0018478454335343708,True,21,52,31,False,-10,-12.0,45,23,45,45,1.0,25.0,0.5555555555555556,True,25.0,0.5555555555555556
1142,64,1.8040071315637047,0.0014559532533919754,0.0014580761440976676,1.0,0.9999999999999998,0.0007744498078832096,True,21,44,23,False,-2,-3.0,38,18,38,38,1.0,19.0,0.5,True,19.0,0.5
1143,64,2.165552305447409,0.003956170850992819,0.003971884303899422,4.0,1.0,0.0021659674422796946,True,21,54,33,False,-12,-16.0,47,24,47,47,1.0,28.0,0.5957446808510638,True,28.0,0.5957446808510638
1144,64,1.3915127989228304,0.11800378614453091,0.13379171507857282,4.0,0.9999999999999999,0.07669842477261635,True,21,32,28,False,-7,-11.0,29,24,29,29,1.0,28.0,0.9655172413793104,True,28.0,0.9655172413793104
1145,64,1.3564752482060907,0.03423526459096451,0.03544886589430568,2.0,0.9999999999999998,0.020557456187090567,True,21,31,24,False,-3,-5.0,29,21,29,29,1.0,23.0,0.7931034482758621,True,23.0,0.7931034482758621
1146,64,2.5256918447449035,0.20380661992908022,0.25597628042439446,0.25,0.9999999999999999,0.12038834766845846,True,21,65,58,False,-37,-37.25,55,46,55,55,1.0,46.25,0.8409090909090909,True,46.25,0.8409090909090909
1147,64,2.0479364778242477,0.010245760922877939,0.010351823228796079,4.0,0.9999999999999999,0.006492854755591642,True,21,51,34,False,-13,-17.0,46,29,46,46,1.0,33.0,0.717391304347826,True,33.0,0.717391304347826
1148,64,1.3285618174368832,0.006861425092671057,0.0069088295088238875,4.0,0.9999999999999998,0.004545819086437924,True,21,31,20,False,1,-3.0,28,17,28,28,1.0,21.0,0.75,True,21.0,0.75
1149,64,1.0128589613925434,0.010155623423705098,0.010259818274496534,2.0,1.0,0.0062053822036246525,True,21,21,14,True,7,5.0,21,14,14,16.0,0.7619047619047619,16.0,0.7619047619047619,True,16.0,0.7619047619047619
1150,64,2.4298676013526035,0.043186155491349,0.04513537898641739,0.5,0.9999999999999999,0.030638175358517334,True,21,62,48,False,-27,-27.5,54,39,54,54,1.0,39.5,0.7314814814814815,True,39.5,0.7314814814814815
1151,64,2.188425705020752,0.0010266402010704156,0.001027695274353517,4.0,1.0,0.0005481280932269955,True,21,55,28,False,-7,-11.0,49,20,49,49,1.0,24.0,0.4897959183673469,True,24.0,0.4897959183673469
1152,64,1.8106348373899848,0.19947657471575753,0.24918268274901414,0.5,0.9999999999999999,0.11834084822710514,True,21,44,40,False,-19,-19.5,39,33,39,39,1.0,33.5,0.8589743589743589,True,33.5,0.8589743589743589
1153,64,2.5864342981724167,0.3672057347961605,0.5802924504663043,0.5,1.0,0.20139888680576465,True,21,66,64,False,-43,-43.5,59,48,59,59,1.0,48.5,0.8220338983050848,True,48.5,0.8220338983050848
1154,64,1.0810623226264784,0.009900372771313183,0.009999370264409219,1.0,0.9999999999999999,0.005575664916881652,True,21,23,16,True,5,4.0,22,14,14,15.0,0.6818181818181818,15.0,0.6818181818181818,True,15.0,0.6818181818181818
1155,64,2.8037832555961346,0.003295893034990693,0.003306791867274206,4.0,0.9999999999999999,0.0018209326473261041,True,21,72,43,False,-22,-26.0,63,33,63,63,1.0,37.0,0.5873015873015873,True,37.0,0.5873015873015873
1156,64,1.8570223577717766,0.05020467055911268,0.05285840959932545,0.5,1.0,0.03470028365566208,True,21,46,36,False,-15,-15.5,40,30,40,40,1.0,30.5,0.7625,True,30.5,0.7625
1157,64,2.7456069105694665,0.002508445310321424,0.0025147534317739723,4.0,0.9999999999999999,0.0014006788607899073,True,21,71,40,False,-19,-23.0,59,27,59,59,1.0,31.0,0.5254237288135594,True,31.0,0.5254237288135594
1158,64,1.1584520444072723,0.39368477028934934,0.6493070782292998,0.5,0.9999999999999999,0.22349205393779187,True,21,26,25,False,-4,-4.5,24,21,24,24,1.0,21.5,0.8958333333333334,True,21.5,0.8958333333333334
1159,64,1.4089107707482393,0.001975742894731299,0.001979654182416233,0.25,1.0,0.0010875382203775314,True,21,33,18,True,3,2.75,30,15,15,15.25,0.5083333333333333,15.25,0.5083333333333333,True,15.25,0.5083333333333333
1160,64,1.1345279359271654,0.004896467526761158,0.0049205608933890884,4.0,1.0,0.002933798091059875,True,21,25,16,True,5,1.0,23,14,14,18.0,0.782608695652174,18.0,0.782608695652174,True,18.0,0.782608695652174
1161,64,1.1239547213955965,0.0011537372864806844,0.0011550699337317236,0.5,0.9999999999999998,0.0006232327596080857,True,21,25,13,True,8,7.5,23,11,11,11.5,0.5,11.5,0.5,True,11.5,0.5
1162,64,2.3463683879705117,0.029500407057610888,0.030397134910866565,1.0,1.0,0.017129297146887885,True,21,59,45,False,-24,-25.0,51,34,51,51,1.0,35.0,0.6862745098039216,True,35.0,0.6862745098039216
1163,64,1.1434172633195478,0.06094895457232404,0.06490483650392595,1.0,0.9999999999999999,0.03763599924974031,True,21,25,20,True,1,0.0,24,18,18,19.0,0.7916666666666666,19.0,0.7916666666666666,True,19.0,0.7916666666666666
1164,64,1.584127864611164,0.19314868360303042,0.23938572036486777,1.0,1.0,0.11463072462118311,True,21,38,34,False,-13,-14.0,34,28,34,34,1.0,29.0,0.8529411764705882,True,29.0,0.8529411764705882
1165,64,1.7917363278551184,0.017394746601600123,0.017702680238518304,0.25,1.0,0.0114458073086918,True,21,44,31,False,-10,-10.25,38,23,38,38,1.0,23.25,0.6118421052631579,True,23.25,0.6118421052631579
1166,64,1.9781312066751242,0.011007211837112828,0.01112971901196507,0.5,1.0,0.0066610026482139695,True,21,49,33,False,-12,-12.5,44,27,44,44,1.0,27.5,0.625,True,27.5,0.625
1167,64,1.929097111036064,0.16313347139749154,0.19493367917332016,0.25,1.0,0.09667803682383674,True,21,48,42,False,-21,-21.25,42,34,42,42,1.0,34.25,0.8154761904761905,True,34.25,0.8154761904761905
1168,64,1.9741753797529216,0.0012361091288145994,0.0012376389856629541,2.0,0.9999999999999999,0.0006370005759751401,True,21,49,25,False,-4,-6.0,43,19,43,43,1.0,21.0,0.4883720930232558,True,21.0,0.4883720930232558
1169,64,1.0451750522121221,0.0029003877234572016,0.002908824442158932,1.0,1.0,0.001604697151186384,True,21,22,13,True,8,7.0,22,12,12,13.0,0.5909090909090909,13.0,0.5909090909090909,True,13.0,0.5909090909090909
1170,64,1.9267011697062253,0.0011455315934897645,0.0011468453410607962,4.0,0.9999999999999999,0.0006188908869709049,True,21,48,25,False,-4,-8.0,42,17,42,42,1.0,21.0,0.5,True,21.0,0.5
1171,64,1.467546735968256,0.2592094227104266,0.34990917900012947,0.5,1.0,0.1425237340969345,True,21,35,32,False,-11,-11.5,32,26,32,32,1.0,26.5,0.828125,True,26.5,0.828125
1172,64,1.1898440171303952,0.10691893746411923,0.11971918558045073,4.0,0.9999999999999999,0.051817988430002807,True,21,27,23,False,-2,-6.0,24,19,24,24,1.0,23.0,0.9583333333333334,True,23.0,0.9583333333333334
1173,64,2.3383302021266767,0.005802273860787016,0.0058361367243506945,0.5,1.0,0.0034167503208954843,True,21,59,37,False,-16,-16.5,53,31,53,53,1.0,31.5,0.5943396226415094,True,31.5,0.5943396226415094
1174,64,1.2315723599945625,0.05201315141652765,0.05486695463576126,0.25,1.0,0.028403445627946916,True,21,28,22,False,-1,-1.25,26,19,26,26,1.0,19.25,0.7403846153846154,True,19.25,0.7403846153846154
1175,64,1.4317039986692954,0.0012592057086829546,0.001260793306812362,2.0,1.0,0.0006878187886132526,True,21,33,18,True,3,1.0,30,14,14,16.0,0.5333333333333333,16.0,0.5333333333333333,True,16.0,0.5333333333333333
1176,64,1.6997417291934964,0.0018678547451810722,0.0018713501554488226,1.0,0.9999999999999999,0.0009391925929951365,True,21,41,23,False,-2,-3.0,38,18,38,38,1.0,19.0,0.5,True,19.0,0.5
1177,64,2.770259033881155,0.006145149582093444,0.006183145938775131,0.5,0.9999999999999999,0.0035532815240102013,True,21,71,45,False,-24,-24.5,60,32,60,60,1.0,32.5,0.5416666666666666,True,32.5,0.5416666666666666
1178,64,2.4088888007089015,0.03640212971944806,0.037777304041622224,4.0,1.0,0.019977185412270462,True,21,61,47,False,-26,-30.0,53,36,53,53,1.0,40.0,0.7547169811320755,True,40.0,0.7547169811320755
1179,64,1.9114463238562072,0.0020376924881438246,0.002041853156983703,0.25,0.9999999999999998,0.0013182169011544391,True,21,47,26,False,-5,-5.25,41,20,41,41,1.0,20.25,0.49390243902439024,True,20.25,0.49390243902439024
1180,64,1.483706578019097,0.21836786713653128,0.2793742196044985,4.0,1.0,0.1392711557282695,True,21,35,32,False,-11,-15.0,32,27,32,32,1.0,31.0,0.96875,True,31.0,0.96875
1181,64,1.5078268962555925,0.19989133354913116,0.24983023173066154,1.0,1.0,0.1263615867447296,True,21,36,32,False,-11,-12.0,31,26,31,31,1.0,27.0,0.8709677419354839,True,27.0,0.8709677419354839
1182,64,1.0031429860921908,0.49214551686327485,0.9690679775505279,2.0,1.0,0.32669126970583073,True,21,21,21,False,0,-2.0,21,19,21,21,1.0,21.0,1.0,True,21.0,1.0
1183,64,1.4043118410214062,0.03157883745354181,0.03260857845207082,4.0,1.0,0.02039214252689532,True,21,33,25,False,-4,-8.0,30,21,30,30,1.0,25.0,0.8333333333333334,True,25.0,0.8333333333333334
1184,64,2.477542879500086,0.6321957727479522,1.7188377019786754,2.0,1.0,0.6185462144802151,True,21,63,66,False,-45,-47.0,54,48,54,54,1.0,50.0,0.9259259259259259,True,50.0,0.9259259259259259
1185,64,2.3029189096540974,0.5672907634914476,1.3110206938701092,1.0,1.0,0.43520538295858574,True,21,58,59,False,-38,-39.0,52,44,52,52,1.0,45.0,0.8653846153846154,True,45.0,0.8653846153846154
1186,64,1.7866288168674755,0.020690537554520154,0.021127680623909052,0.5,1.0,0.012249916715864357,True,21,44,32,False,-11,-11.5,39,26,39,39,1.0,26.5,0.6794871794871795,True,26.5,0.6794871794871795
1187,64,2.773857347340879,0.039595743202203694,0.04122820460440774,0.5,1.0,0.02230860446396148,True,21,72,55,False,-34,-34.5,62,44,62,62,1.0,44.5,0.717741935483871,True,44.5,0.717741935483871
1188,64,1.1490765379784382,0.10710224333673636,0.11994905635889908,0.5,0.9999999999999999,0.06176138658920915,True,21,25,22,False,-1,-1.5,24,19,24,24,1.0,19.5,0.8125,True,19.5,0.8125
1189,64,1.6713231225228433,0.01294628411362868,0.013116088724718446,2.0,1.0,0.008559205812925026,True,21,40,28,False,-7,-9.0,36,21,36,36,1.0,23.0,0.6388888888888888,True,23.0,0.6388888888888888
1190,64,2.7737722049405416,0.10075089560765076,0.11203891682019665,4.0,0.9999999999999998,0.06395190416253985,True,21,72,60,False,-39,-43.0,61,44,61,61,1.0,48.0,0.7868852459016393,True,48.0,0.7868852459016393
1191,64,2.2870615586669754,0.6704200976749272,2.0341655936704393,0.5,0.9999999999999998,0.5848797672187799,True,21,58,61,False,-40,-40.5,51,48,51,51,1.0,48.5,0.9509803921568627,True,48.5,0.9509803921568627
1192,64,2.518440183934255,0.2826588921313606,0.3940369358884163,4.0,0.9999999999999999,0.18213028423248925,True,21,64,60,False,-39,-43.0,57,48,57,57,1.0,52.0,0.9122807017543859,True,52.0,0.9122807017543859
1193,64,1.4334519928652754,0.018238116549442983,0.018576924666643447,0.25,0.9999999999999999,0.010386120861613977,True,21,34,24,False,-3,-3.25,31,21,31,31,1.0,21.25,0.6854838709677419,True,21.25,0.6854838709677419
1194,64,2.1601795905108365,0.2516774860494586,0.336322215832855,2.0,1.0,0.15178310869963535,True,21,54,50,False,-29,-31.0,48,40,48,48,1.0,42.0,0.875,True,42.0,0.875
1195,64,1.3903097529447315,0.025930023950421228,0.02662028867328668,2.0,1.0,0.017515939507828076,True,21,32,24,False,-3,-5.0,29,21,29,29,1.0,23.0,0.7931034482758621,True,23.0,0.7931034482758621
1196,64,1.4911091953546012,0.006689073509582645,0.0067341185234079635,1.0,1.0,0.0043724083923051705,True,21,35,23,False,-2,-3.0,31,18,31,31,1.0,19.0,0.6129032258064516,True,19.0,0.6129032258064516
1197,64,2.194709417012728,0.004785543959414296,0.004808555513204018,2.0,0.9999999999999999,0.0022908186951806023,True,21,55,34,False,-13,-15.0,50,26,50,50,1.0,28.0,0.56,True,28.0,0.56
1198,64,1.2299590852216349,0.0030274645390507464,0.003036657913200188,0.5,1.0,0.0016130091898124397,True,21,28,16,True,5,4.5,26,13,13,13.5,0.5192307692307693,13.5,0.5192307692307693,True,13.5,0.5192307692307693
1199,64,1.2107617864867277,0.004555473023612122,0.004576320327411051,0.25,1.0,0.0026996245992290556,True,21,27,17,True,4,3.75,25,14,14,14.25,0.57,14.25,0.57,True,14.25,0.57
1200,64,2.012881544295185,0.0032070816790878364,0.0032174001441444165,0.25,1.0,0.002058101378925323,True,21,50,29,False,-8,-8.25,45,24,45,45,1.0,24.25,0.5388888888888889,True,24.25,0.5388888888888889
1201,64,2.070375690006419,0.0016022133404912983,0.001604784547702241,2.0,1.0,0.0010565525096536557,True,21,52,28,False,-7,-9.0,47,23,47,47,1.0,25.0,0.5319148936170213,True,25.0,0.5319148936170213
1202,64,2.998464552374889,0.07218349504652473,0.07779932202234786,0.5,1.0,0.03652412523530005,True,21,78,64,False,-43,-43.5,66,50,66,66,1.0,50.5,0.7651515151515151,True,50.5,0.7651515151515151
1203,64,2.922966692897087,0.018533886910212207,0.01888387858024464,0.5,1.0,0.009981391620541584,True,21,76,54,False,-33,-33.5,64,40,64,64,1.0,40.5,0.6328125,True,40.5,0.6328125
1204,64,2.1987332354967726,0.04407649245315213,0.046108806934002544,1.0,1.0,0.02894156923400029,True,21,55,43,False,-22,-23.0,49,36,49,49,1.0,37.0,0.7551020408163265,True,37.0,0.7551020408163265
1205,64,1.1620516294166456,0.002135012541631894,0.002139580572989057,4.0,0.9999999999999999,0.0010892142754408598,True,21,26,15,True,6,2.0,24,12,12,16.0,0.6666666666666666,16.0,0.6666666666666666,True,16.0,0.6666666666666666
1206,64,2.82285527653846,0.0013700300238993145,0.0013719095812156552,2.0,1.0,0.000931274936623457,True,21,73,38,False,-17,-19.0,62,28,62,62,1.0,30.0,0.4838709677419355,True,30.0,0.4838709677419355
1207,64,1.7467487822281706,0.3216251070923553,0.47411115955929395,0.5,1.0,0.1758658634545348,True,21,42,40,False,-19,-19.5,38,33,38,38,1.0,33.5,0.881578947368421,True,33.5,0.881578947368421
1208,64,1.5002204115016586,0.05202900555870421,0.05488459653701585,0.5,1.0,0.022535828643610343,True,21,35,28,False,-7,-7.5,31,22,31,31,1.0,22.5,0.7258064516129032,True,22.5,0.7258064516129032
1209,64,1.4145083806563852,0.5986857874162635,1.4918130697684784,0.5,0.9999999999999999,0.5578984484587206,True,21,33,34,False,-13,-13.5,30,28,30,30,1.0,28.5,0.95,True,28.5,0.95
1210,64,1.8475717141376709,0.11817957805646988,0.13401773775663117,2.0,1.0,0.07401291042975713,True,21,45,39,False,-18,-20.0,42,31,42,42,1.0,33.0,0.7857142857142857,True,33.0,0.7857142857142857
1211,64,1.4364099661020773,0.002096933293573191,0.002101339662672956,1.0,1.0,0.0012911914900820888,True,21,34,19,True,2,1.0,31,15,15,16.0,0.5161290322580645,16.0,0.5161290322580645,True,16.0,0.5161290322580645
1212,64,1.880439429201297,0.0717094259248771,0.07724890021243923,4.0,0.9999999999999998,0.05032864892257956,True,21,46,38,False,-17,-21.0,40,31,40,40,1.0,35.0,0.875,True,35.0,0.875
1213,64,1.2101316594044382,0.29035568758540403,0.40915664721873984,2.0,0.9999999999999998,0.20589282836273706,True,21,27,25,False,-4,-6.0,25,22,25,25,1.0,24.0,0.96,True,24.0,0.96
1214,64,2.0396414681161987,0.3603356639985738,0.5633199222127188,0.5,0.9999999999999999,0.18691785713624626,True,21,51,49,False,-28,-28.5,45,38,45,45,1.0,38.5,0.8555555555555555,True,38.5,0.8555555555555555
1215,64,1.093094584336689,0.0011275190446456164,0.001128791778873736,0.25,1.0,0.0007034936996460954,True,21,24,12,True,9,8.75,23,11,11,11.25,0.4891304347826087,11.25,0.4891304347826087,True,11.25,0.4891304347826087
1216,64,1.0977135615179865,0.06363416280505635,0.0679586549159933,0.5,1.0,0.040944916924267785,True,21,24,19,True,2,1.5,23,18,18,18.5,0.8043478260869565,18.5,0.8043478260869565,True,18.5,0.8043478260869565
1217,64,1.1437348420106888,0.010410120115398424,0.010519630734918564,0.5,0.9999999999999999,0.006542400931954029,True,21,25,17,True,4,3.5,24,15,15,15.5,0.6458333333333334,15.5,0.6458333333333334,True,15.5,0.6458333333333334
1218,64,2.380042941964845,0.44556476072912826,0.8036371593462976,0.5,1.0,0.3429638868161678,True,21,60,59,False,-38,-38.5,53,47,53,53,1.0,47.5,0.8962264150943396,True,47.5,0.8962264150943396
1219,64,1.9389144472703679,0.03765776971924319,0.03913136983322118,0.5,1.0,0.022376772934683046,True,21,48,37,False,-16,-16.5,43,30,43,43,1.0,30.5,0.7093023255813954,True,30.5,0.7093023255813954
1220,64,1.1246713672237978,0.0014292224999543778,0.0014312681005271182,1.0,0.9999999999999999,0.0006892255696600108,True,21,25,13,True,8,7.0,23,11,11,12.0,0.5217391304347826,12.0,0.5217391304347826,True,12.0,0.5217391304347826
1221,64,1.0156838277041587,0.07093034141893564,0.07634555790710577,1.0,1.0,0.043564469632993756,True,21,21,18,True,3,2.0,21,17,17,18.0,0.8571428571428571,18.0,0.8571428571428571,True,18.0,0.8571428571428571
1222,64,1.657474623300617,0.5362263990050106,1.1562244980192478,0.25,1.0000000000000002,0.4575726161033719,True,21,40,40,False,-19,-19.25,35,31,35,35,1.0,31.25,0.8928571428571429,True,31.25,0.8928571428571429
1223,64,1.0286323220869344,0.008989460392469093,0.009071003822047324,4.0,0.9999999999999999,0.00581027261599696,True,21,22,15,True,6,2.0,21,14,14,18.0,0.8571428571428571,18.0,0.8571428571428571,True,18.0,0.8571428571428571
1224,64,1.267648368526465,0.02948968130775742,0.03038574731229505,0.5,1.0000000000000002,0.018206497187279784,True,21,29,22,False,-1,-1.5,27,18,27,27,1.0,18.5,0.6851851851851852,True,18.5,0.6851851851851852
1225,64,1.060107201868911,0.730333296244482,2.7082813193971766,1.0,1.0000000000000002,0.636231829456993,True,21,23,24,False,-3,-4.0,22,21,22,22,1.0,22.0,1.0,True,22.0,1.0
1226,64,1.4325437889386756,0.0894929173967566,0.09828909528181391,4.0,0.9999999999999999,0.05205287588022489,True,21,34,28,False,-7,-11.0,30,23,30,30,1.0,27.0,0.9,True,27.0,0.9
1227,64,2.494462912149216,0.01066169487852065,0.01077659161009794,0.25,1.0,0.004703329284074937,True,21,64,43,False,-22,-22.25,56,34,56,56,1.0,34.25,0.6116071428571429,True,34.25,0.6116071428571429
1228,64,2.0715812504224176,0.04909170117156122,0.051626114980849756,1.0,0.9999999999999999,0.02987247307379175,True,21,52,41,False,-20,-21.0,45,32,45,45,1.0,33.0,0.7333333333333333,True,33.0,0.7333333333333333
1229,64,1.2492314063045444,0.07626023927396776,0.08255597790229302,4.0,1.0,0.04032936335553754,True,21,28,23,False,-2,-6.0,26,20,26,26,1.0,24.0,0.9230769230769231,True,24.0,0.9230769230769231
1230,64,1.0496405084902987,0.0019983672944534217,0.002002368762700237,1.0,1.0,0.0011974436310596415,True,21,22,13,True,8,7.0,22,11,11,12.0,0.5454545454545454,12.0,0.5454545454545454,True,12.0,0.5454545454545454
1231,64,1.6468314433678508,0.00755745720627963,0.007615007298060227,2.0,0.9999999999999999,0.004421606126515132,True,21,40,26,False,-5,-7.0,35,20,35,35,1.0,22.0,0.6285714285714286,True,22.0,0.6285714285714286
1232,64,1.1705283940177416,0.5596586514615783,1.2709654755775126,0.25,0.9999999999999999,0.4964564323799195,True,21,26,26,False,-5,-5.25,25,24,25,25,1.0,24.25,0.97,True,24.25,0.97
1233,64,2.5024687129575716,0.7329476299762658,2.7445838803494813,1.0,1.0,0.5333333831947398,True,21,64,69,False,-48,-49.0,54,53,54,54,1.0,54.0,1.0,True,54.0,1.0
1234,64,2.7339211685372495,0.012808474435612732,0.012974660037007509,0.25,1.0,0.006432931753065862,True,21,70,48,False,-27,-27.25,62,36,62,62,1.0,36.25,0.5846774193548387,True,36.25,0.5846774193548387
1235,64,1.087574760220794,0.0010755172948433128,0.0010766752777254366,0.5,1.0,0.0005759628107291039,True,21,24,12,True,9,8.5,22,11,11,11.5,0.5227272727272727,11.5,0.5227272727272727,True,11.5,0.5227272727272727
1236,64,2.035024071632124,0.0076175875371857086,0.007676060600752684,4.0,1.0,0.00440504764322207,True,21,51,33,False,-12,-16.0,44,26,44,44,1.0,30.0,0.6818181818181818,True,30.0,0.6818181818181818
1237,64,1.8522014601922008,0.013623554373453627,0.013811719079321633,1.0,0.9999999999999999,0.006704456079852004,True,21,45,32,False,-11,-12.0,40,26,40,40,1.0,27.0,0.675,True,27.0,0.675
1238,64,1.464984313342486,0.018023820226111098,0.018354640975365908,4.0,0.9999999999999999,0.010122562468941323,True,21,34,25,False,-4,-8.0,31,19,31,31,1.0,23.0,0.7419354838709677,True,23.0,0.7419354838709677
1239,64,2.420411127111334,0.1591300547305706,0.18924455039189508,4.0,0.9999999999999998,0.10264850052914011,True,21,62,54,False,-33,-37.0,55,43,55,55,1.0,47.0,0.8545454545454545,True,47.0,0.8545454545454545
1240,64,1.2081308423628958,0.029678233719310502,0.03058597132482066,4.0,1.0,0.01466939266810688,True,21,27,20,False,1,-3.0,25,18,25,25,1.0,22.0,0.88,True,22.0,0.88
1241,64,1.741158684980205,0.1984283528403956,0.2475491162187847,0.5,1.0,0.11161978096067883,True,21,42,38,False,-17,-17.5,38,32,38,38,1.0,32.5,0.8552631578947368,True,32.5,0.8552631578947368
1242,64,1.2275595668533759,0.01749041714239152,0.017801777659532857,4.0,1.0,0.010117263967645819,True,21,28,20,False,1,-3.0,25,17,25,25,1.0,21.0,0.84,True,21.0,0.84
1243,64,1.4678469188391283,0.05570289110517259,0.058988734139369885,2.0,1.0000000000000002,0.03366681053427711,True,21,35,28,False,-7,-9.0,30,23,30,30,1.0,25.0,0.8333333333333334,True,25.0,0.8333333333333334
1244,64,2.0666293314335804,0.0019368673575768996,0.0019406260929095182,0.25,1.0,0.0011188602591310297,True,21,52,28,False,-7,-7.25,44,19,44,44,1.0,19.25,0.4375,True,19.25,0.4375
1245,64,1.9956755870968892,0.009360782852257681,0.009449235090055625,0.25,1.0,0.005279970226663861,True,21,50,33,False,-12,-12.25,42,24,42,42,1.0,24.25,0.5773809523809523,True,24.25,0.5773809523809523
1246,64,1.4622841235219692,0.09490907356020033,0.10486136893839805,0.5,1.0,0.04013220572965186,True,21,34,29,False,-8,-8.5,31,24,31,31,1.0,24.5,0.7903225806451613,True,24.5,0.7903225806451613
1247,64,2.2088492106975672,0.03654796461357972,0.03793438933254326,4.0,1.0,0.022524622342168593,True,21,56,43,False,-22,-26.0,49,34,49,49,1.0,38.0,0.7755102040816326,True,38.0,0.7755102040816326
1248,64,2.1237717217052388,0.2981770032270498,0.4248606907982447,0.5,0.9999999999999999,0.1968749892520907,True,21,53,50,False,-29,-29.5,47,41,47,47,1.0,41.5,0.8829787234042553,True,41.5,0.8829787234042553
1249,64,1.0101437634044814,0.06677224397570086,0.07154978358140718,2.0,0.9999999999999999,0.04086115162281734,True,21,21,17,True,4,2.0,21,16,16,18.0,0.8571428571428571,18.0,0.8571428571428571,True,18.0,0.8571428571428571
1250,64,2.118034054332175,0.07814470760139332,0.08476895261735272,0.5,1.0,0.04724671607409452,True,21,53,44,False,-23,-23.5,47,35,47,47,1.0,35.5,0.7553191489361702,True,35.5,0.7553191489361702
1251,64,1.8340070568281543,0.010534952709241405,0.010647119610831148,1.0,1.0,0.005910219867819101,True,21,45,30,False,-9,-10.0,41,24,41,41,1.0,25.0,0.6097560975609756,True,25.0,0.6097560975609756
1252,64,1.7821917170233605,0.002054994371500451,0.0020592260694828855,0.5,1.0000000000000002,0.001210889376019044,True,21,43,24,False,-3,-3.5,40,20,40,40,1.0,20.5,0.5125,True,20.5,0.5125
1253,64,1.569807151699833,0.04816209177950185,0.05059904776175909,0.5,1.0,0.028369479612235356,True,21,37,29,False,-8,-8.5,34,25,34,34,1.0,25.5,0.75,True,25.5,0.75
1254,64,1.2041961621282393,0.018097070122643607,0.018430610167243316,0.25,1.0,0.008463155835770437,True,21,27,19,True,2,1.75,25,17,17,17.25,0.69,17.25,0.69,True,17.25,0.69
1255,64,2.889356476600349,0.260290913191482,0.35188281154488676,2.0,0.9999999999999999,0.16901530439359658,True,21,75,69,False,-48,-50.0,61,50,61,61,1.0,52.0,0.8524590163934426,True,52.0,0.8524590163934426
1256,64,1.6501819085355434,0.012915857852056081,0.013084860044403648,2.0,1.0,0.007669299201407731,True,21,40,27,False,-6,-8.0,36,22,36,36,1.0,24.0,0.6666666666666666,True,24.0,0.6666666666666666
1257,64,1.384832732223761,0.003866934063082769,0.003881945289553969,0.25,1.0,0.0024373613015173097,True,21,32,19,True,2,1.75,30,16,16,16.25,0.5416666666666666,16.25,0.5416666666666666,True,16.25,0.5416666666666666
1258,64,1.2611018781954213,0.3394033839802744,0.5137831102212909,0.25,0.9999999999999999,0.17390184654694266,True,21,29,27,False,-6,-6.25,26,23,26,26,1.0,23.25,0.8942307692307693,True,23.25,0.8942307692307693
1259,64,2.6456579726279434,0.44526582676684523,0.8026652192196928,4.0,1.0,0.32751819900251966,True,21,68,67,False,-46,-50.0,59,48,59,59,1.0,52.0,0.8813559322033898,True,52.0,0.8813559322033898
1260,64,1.3122568522473386,0.002769010098840527,0.0027766988058754347,0.25,0.9999999999999999,0.0018309479651047462,True,21,30,17,True,4,3.75,28,15,15,15.25,0.5446428571428571,15.25,0.5446428571428571,True,15.25,0.5446428571428571
1261,64,1.2527874139417785,0.01255171468608054,0.01271126283042785,0.25,1.0,0.0074146876125985375,True,21,28,20,True,1,0.75,26,16,16,16.25,0.625,16.25,0.625,True,16.25,0.625
1262,64,2.3181884470362415,0.0408207004186214,0.04255794556496066,4.0,0.9999999999999999,0.023677574691971282,True,21,59,45,False,-24,-28.0,51,37,51,51,1.0,41.0,0.803921568627451,True,41.0,0.803921568627451
1263,64,2.3139723647716393,0.011253008327322879,0.011381079712097033,0.25,1.0,0.006390614440191095,True,21,59,40,False,-19,-19.25,51,29,51,51,1.0,29.25,0.5735294117647058,True,29.25,0.5735294117647058
1264,64,1.238303886567757,0.009519112092983145,0.009610596437754556,4.0,1.0,0.005287662779132465,True,21,28,19,False,2,-2.0,26,16,26,26,1.0,20.0,0.7692307692307693,True,20.0,0.7692307692307693
1265,64,1.7861221821397852,0.02594184107996607,0.026632743478817045,0.25,1.0,0.013135360996110313,True,21,44,32,False,-11,-11.25,38,25,38,38,1.0,25.25,0.6644736842105263,True,25.25,0.6644736842105263
1266,64,2.486311001571289,0.04324967790513742,0.045204769631474635,2.0,0.9999999999999999,0.023116909017465947,True,21,63,49,False,-28,-30.0,55,39,55,55,1.0,41.0,0.7454545454545455,True,41.0,0.7454545454545455
1267,64,1.7670819399645183,0.00331184706926058,0.003322851846409699,0.5,0.9999999999999999,0.0018598254934715445,True,21,43,25,False,-4,-4.5,38,20,38,38,1.0,20.5,0.5394736842105263,True,20.5,0.5394736842105263
1268,64,2.3946394005703233,0.0013827098919885776,0.0013846244258789294,0.5,1.0,0.0008256110174701245,True,21,61,32,False,-11,-11.5,52,23,52,52,1.0,23.5,0.4519230769230769,True,23.5,0.4519230769230769
1269,64,1.8908367888094653,0.0023204455556336536,0.002325842546634094,0.5,1.0,0.0014699552047898587,True,21,47,26,False,-5,-5.5,42,21,42,42,1.0,21.5,0.5119047619047619,True,21.5,0.5119047619047619
1270,64,1.2103084385450564,0.3907205053209348,0.6412828738422336,0.5,0.9999999999999999,0.20635809237417016,True,21,27,26,False,-5,-5.5,25,22,25,25,1.0,22.5,0.9,True,22.5,0.9
1271,64,1.8736831007247856,0.03494885182085717,0.036214507269172844,0.25,1.0,0.021378401247854395,True,21,46,35,False,-14,-14.25,41,28,41,41,1.0,28.25,0.6890243902439024,True,28.25,0.6890243902439024
1272,64,1.3586381270085508,0.009627717886776403,0.009721311935581534,0.5,1.0,0.004744943466635439,True,21,31,21,False,0,-0.5,29,17,29,29,1.0,17.5,0.603448275862069,True,17.5,0.603448275862069
1273,64,1.8091509388505098,0.0019480311309013566,0.0019518333630549195,0.5,0.9999999999999999,0.0011663267737289306,True,21,44,24,False,-3,-3.5,38,18,38,38,1.0,18.5,0.4868421052631579,True,18.5,0.4868421052631579
1274,64,1.0714706436395764,0.003650199527605699,0.0036635722974752926,1.0,0.9999999999999998,0.002119833429890082,True,21,23,14,True,7,6.0,22,13,13,14.0,0.6363636363636364,14.0,0.6363636363636364,True,14.0,0.6363636363636364
1275,64,1.1192303499143699,0.276638281828463,0.38243423017702655,2.0,1.0,0.14128233302512297,True,21,24,23,False,-2,-4.0,23,20,23,23,1.0,22.0,0.9565217391304348,True,22.0,0.9565217391304348
1276,64,1.938739600355334,0.06537044480832219,0.06994262533771013,1.0,1.0,0.04017110782256453,True,21,48,39,False,-18,-19.0,43,33,43,43,1.0,34.0,0.7906976744186046,True,34.0,0.7906976744186046
1277,64,1.185834793940929,0.10854792945284644,0.12176530072583949,0.25,1.0,0.05670747622886677,True,21,26,22,False,-1,-1.25,24,19,24,24,1.0,19.25,0.8020833333333334,True,19.25,0.8020833333333334
1278,64,1.1734611319994612,0.006211325088931949,0.006250146782451296,0.5,1.0,0.003632141444031129,True,21,26,17,True,4,3.5,25,14,14,14.5,0.58,14.5,0.58,True,14.5,0.58
1279,64,1.414561756164811,0.0021042119901624836,0.0021086490347444376,2.0,0.9999999999999998,0.0015309975421007012,True,21,33,18,True,3,1.0,30,15,15,17.0,0.5666666666666667,17.0,0.5666666666666667,True,17.0,0.5666666666666667
1280,64,2.1652612644545144,0.7374089404539403,2.808202768703157,4.0,1.0,0.7572400121310905,True,21,54,58,False,-37,-41.0,49,48,49,49,1.0,52.0,1.0612244897959184,True,52.0,1.0612244897959184
1281,64,1.7191072642214613,0.3243170105392759,0.47998398005863624,0.5,1.0,0.185683463933145,True,21,42,39,False,-18,-18.5,36,32,36,36,1.0,32.5,0.9027777777777778,True,32.5,0.9027777777777778
1282,64,1.278532229189744,0.005676808722574663,0.005709218866032444,2.0,1.0,0.003970405004070082,True,21,29,18,True,3,1.0,26,15,15,17.0,0.6538461538461539,17.0,0.6538461538461539,True,17.0,0.6538461538461539
1283,64,1.5394038818664448,0.21435968187533247,0.27284709927694584,0.5,1.0,0.13715000816988035,True,21,37,33,False,-12,-12.5,33,28,33,33,1.0,28.5,0.8636363636363636,True,28.5,0.8636363636363636
1284,64,1.1108903498351657,0.10384368740735966,0.11587675715515847,0.5,0.9999999999999999,0.05722913752508008,True,21,24,21,False,0,-0.5,23,18,23,23,1.0,18.5,0.8043478260869565,True,18.5,0.8043478260869565
1285,64,2.0425854307890297,0.02250876661294096,0.02302707773137452,1.0,1.0,0.013616938051407793,True,21,51,37,False,-16,-17.0,42,28,42,42,1.0,29.0,0.6904761904761905,True,29.0,0.6904761904761905
1286,64,1.7634322022040603,0.010048971531799556,0.010150978425012417,4.0,1.0,0.005380653418818275,True,21,43,29,False,-8,-12.0,39,23,39,39,1.0,27.0,0.6923076923076923,True,27.0,0.6923076923076923
1287,64,1.803195393863585,0.05596550207455979,0.059283323011549455,4.0,0.9999999999999999,0.03363367953959449,True,21,44,35,False,-14,-18.0,38,28,38,38,1.0,32.0,0.8421052631578947,True,32.0,0.8421052631578947
1288,64,1.2619877198360707,0.0013454475328241772,0.0013472602007373314,0.5,0.9999999999999999,0.000834902402441851,True,21,29,15,True,6,5.5,26,12,12,12.5,0.4807692307692308,12.5,0.4807692307692308,True,12.5,0.4807692307692308
1289,64,2.4397935465288443,0.2938289649693065,0.416087534596396,1.0,0.9999999999999999,0.19886827182271086,True,21,62,58,False,-37,-38.0,56,48,56,56,1.0,49.0,0.875,True,49.0,0.875
1290,64,1.608989435642501,0.003221552662376308,0.003231964606559275,0.5,1.0,0.0019987641861332873,True,21,39,23,False,-2,-2.5,34,18,34,34,1.0,18.5,0.5441176470588235,True,18.5,0.5441176470588235
1291,64,2.3633450781010916,0.39320911930228863,0.6480142200722624,0.25,1.0,0.3074396384583165,True,21,60,58,False,-37,-37.25,52,48,52,52,1.0,48.25,0.9278846153846154,True,48.25,0.9278846153846154
1292,64,1.741781119020166,0.07525110639622094,0.08137463793329314,4.0,1.0,0.03710504981865663,True,21,42,35,False,-14,-18.0,38,28,38,38,1.0,32.0,0.8421052631578947,True,32.0,0.8421052631578947
1293,64,2.482549725383377,0.3248952598403879,0.48125163476644284,0.25,0.9999999999999999,0.20720541556514088,True,21,63,60,False,-39,-39.25,55,48,55,55,1.0,48.25,0.8772727272727273,True,48.25,0.8772727272727273
1294,64,1.8349963180153959,0.05826671506088648,0.06187178046346066,2.0,1.0000000000000002,0.03544444237671874,True,21,45,36,False,-15,-17.0,41,31,41,41,1.0,33.0,0.8048780487804879,True,33.0,0.8048780487804879
1295,64,2.0817587341906254,0.06468893008812476,0.06916301129015798,0.5,1.0,0.03494439606415796,True,21,52,42,False,-21,-21.5,47,35,47,47,1.0,35.5,0.7553191489361702,True,35.5,0.7553191489361702
1296,64,1.220652906338876,0.1448490120962572,0.16938413700641325,2.0,0.9999999999999999,0.08440794321807901,True,21,27,24,False,-3,-5.0,25,20,25,25,1.0,22.0,0.88,True,22.0,0.88
1297,64,2.712065729314797,0.5636697724981837,1.291842134626892,4.0,1.0,0.42755529223156763,True,21,70,71,False,-50,-54.0,58,54,58,58,1.0,58.0,1.0,True,58.0,1.0
1298,64,1.56441825478559,0.4319819520597241,0.7605074409627646,2.0,1.0,0.3056351289206577,True,21,37,37,False,-16,-18.0,34,31,34,34,1.0,33.0,0.9705882352941176,True,33.0,0.9705882352941176
1299,64,2.8445480772395872,0.11199092189873526,0.12611461375844663,0.5,0.9999999999999999,0.06180229307496166,True,21,74,63,False,-42,-42.5,65,51,65,65,1.0,51.5,0.7923076923076923,True,51.5,0.7923076923076923
1300,64,1.9508150576233076,0.30541223498883313,0.43970287179464357,2.0,0.9999999999999999,0.225944734829654,True,21,48,45,False,-24,-26.0,43,37,43,43,1.0,39.0,0.9069767441860465,True,39.0,0.9069767441860465
1301,64,2.7260065046969757,0.002885961651908058,0.002894314532657869,2.0,0.9999999999999999,0.001661274735798947,True,21,70,41,False,-20,-22.0,62,30,62,62,1.0,32.0,0.5161290322580645,True,32.0,0.5161290322580645
1302,64,2.2009612674396055,0.001289648278052996,0.0012913136184374402,0.25,0.9999999999999999,0.0006389412932435499,True,21,55,29,False,-8,-8.25,50,23,50,50,1.0,23.25,0.465,True,23.25,0.465
1303,64,1.7419545761035629,0.015026228367428987,0.01525546039923821,0.5,1.0,0.007944762239265126,True,21,42,30,False,-9,-9.5,37,24,37,37,1.0,24.5,0.6621621621621622,True,24.5,0.6621621621621622
1304,64,2.273839545913273,0.06647308390928103,0.0712063924066023,4.0,0.9999999999999999,0.040355377364002146,True,21,57,47,False,-26,-30.0,52,38,52,52,1.0,42.0,0.8076923076923077,True,42.0,0.8076923076923077
1305,64,2.3813080946703944,0.008861795775741527,0.008941029351882823,2.0,1.0,0.005097830871752622,True,21,60,40,False,-19,-21.0,52,29,52,52,1.0,31.0,0.5961538461538461,True,31.0,0.5961538461538461
1306,64,1.5918178414163013,0.5608633974636731,1.2771957386933523,0.5,1.0000000000000002,0.41838107716800754,True,21,38,39,False,-18,-18.5,35,32,35,35,1.0,32.5,0.9285714285714286,True,32.5,0.9285714285714286
1307,64,1.8321703976493902,0.004007907558236534,0.004024035520614216,2.0,0.9999999999999999,0.002181057817089674,True,21,45,27,False,-6,-8.0,40,22,40,40,1.0,24.0,0.6,True,24.0,0.6
1308,64,1.9940292993597382,0.0010622586195503014,0.0010633882128453247,0.25,1.0,0.0007005273057070221,True,21,49,25,False,-4,-4.25,43,19,43,43,1.0,19.25,0.4476744186046512,True,19.25,0.4476744186046512
1309,64,1.0706360162051693,0.051397922192093486,0.05418280583030902,0.25,0.9999999999999999,0.030929216274047804,True,21,23,18,True,3,2.75,22,17,17,17.25,0.7840909090909091,17.25,0.7840909090909091,True,17.25,0.7840909090909091
1310,64,2.851555380791652,0.015692595028060925,0.01594277859619302,0.25,1.0,0.010207236962992776,True,21,74,52,False,-31,-31.25,63,38,63,63,1.0,38.25,0.6071428571428571,True,38.25,0.6071428571428571
1311,64,1.342827443194688,0.3572974511281976,0.5559297248087723,0.25,0.9999999999999999,0.1847522337490752,True,21,31,30,False,-9,-9.25,28,24,28,28,1.0,24.25,0.8660714285714286,True,24.25,0.8660714285714286
1312,64,2.0253014624109493,0.08748199630855825,0.09586878938789613,1.0,1.0,0.04966150063524776,True,21,50,42,False,-21,-22.0,45,36,45,45,1.0,37.0,0.8222222222222222,True,37.0,0.8222222222222222
1313,64,2.8805776441309794,0.2870172744609549,0.4025585251647685,0.5,0.9999999999999999,0.1606959801459334,True,21,75,70,False,-49,-49.5,64,55,64,64,1.0,55.5,0.8671875,True,55.5,0.8671875
1314,64,1.5984592199336451,0.20873678485198896,0.26380195724496475,2.0,0.9999999999999999,0.14911245953647545,True,21,38,35,False,-14,-16.0,35,31,35,35,1.0,33.0,0.9428571428571428,True,33.0,0.9428571428571428
1315,64,2.038498589752391,0.0018865085410240852,0.0018900741821118083,1.0,1.0,0.0012107074824274197,True,21,51,28,False,-7,-8.0,46,23,46,46,1.0,24.0,0.5217391304347826,True,24.0,0.5217391304347826
1316,64,1.7992064842252542,0.014906615750824359,0.015132185424416359,4.0,1.0,0.008522831903450318,True,21,44,31,False,-10,-14.0,39,24,39,39,1.0,28.0,0.717948717948718,True,28.0,0.717948717948718
1317,64,2.236333974789196,0.3477199338885954,0.5330837962925077,1.0,0.9999999999999999,0.21961832231800385,True,21,56,54,False,-33,-34.0,49,44,49,49,1.0,45.0,0.9183673469387755,True,45.0,0.9183673469387755
1318,64,2.6803932033732876,0.0031588979000718295,0.0031689081573957473,1.0,1.0,0.001851199990271347,True,21,69,40,False,-19,-20.0,61,30,61,61,1.0,31.0,0.5081967213114754,True,31.0,0.5081967213114754
1319,64,2.1244867310202347,0.007260056426503236,0.0073131503104123296,2.0,1.0,0.004563825272535693,True,21,53,34,False,-13,-15.0,48,28,48,48,1.0,30.0,0.625,True,30.0,0.625
1320,64,2.1587590837188118,0.006293539794076071,0.00633339929456821,2.0,1.0,0.003340212159762424,True,21,54,35,False,-14,-16.0,50,27,50,50,1.0,29.0,0.58,True,29.0,0.58
1321,64,1.4573668746471642,0.109242826119948,0.12264041124035725,2.0,1.0,0.06259582459678137,True,21,34,29,False,-8,-10.0,31,24,31,31,1.0,26.0,0.8387096774193549,True,26.0,0.8387096774193549
1322,64,1.4839335261678293,0.2506469501398878,0.33448445987732767,4.0,1.0,0.15606526451913919,True,21,35,32,False,-11,-15.0,31,27,31,31,1.0,31.0,1.0,True,31.0,1.0
1323,64,1.5960449956714142,0.06944967048532201,0.07463290085721962,2.0,1.0,0.041506351933510606,True,21,38,31,False,-10,-12.0,34,26,34,34,1.0,28.0,0.8235294117647058,True,28.0,0.8235294117647058
1324,64,2.8545660310250764,0.016132355187744394,0.016396875405759292,0.25,1.0,0.008180019266101601,True,21,74,52,False,-31,-31.25,64,40,64,64,1.0,40.25,0.62890625,True,40.25,0.62890625
1325,64,1.0499098378563763,0.15808886495635668,0.18777381409519142,0.5,1.0,0.09438432785178683,True,21,22,20,True,1,0.5,22,18,18,18.5,0.8409090909090909,18.5,0.8409090909090909,True,18.5,0.8409090909090909
1326,64,2.545906648198464,0.2744974709733369,0.37835494707593054,4.0,0.9999999999999999,0.17919442128093385,True,21,65,61,False,-40,-44.0,55,45,55,55,1.0,49.0,0.8909090909090909,True,49.0,0.8909090909090909
1327,64,2.347885328202141,0.07951465544969923,0.08638340188734431,4.0,1.0,0.057862856227888074,True,21,60,49,False,-28,-32.0,52,40,52,52,1.0,44.0,0.8461538461538461,True,44.0,0.8461538461538461
1328,64,2.731230218230311,0.13583728892195007,0.157189482004485,0.5,1.0,0.07058033637292162,True,21,70,61,False,-40,-40.5,62,51,62,62,1.0,51.5,0.8306451612903226,True,51.5,0.8306451612903226
1329,64,1.021328294612967,0.03296404736362307,0.03408771646364853,1.0,0.9999999999999998,0.019658417053259807,True,21,22,16,True,5,4.0,21,15,15,16.0,0.7619047619047619,16.0,0.7619047619047619,True,16.0,0.7619047619047619
1330,64,1.1154374922496038,0.007651994982030627,0.007710999511599829,0.5,0.9999999999999999,0.004166244125615002,True,21,24,16,True,5,4.5,23,14,14,14.5,0.6304347826086957,14.5,0.6304347826086957,True,14.5,0.6304347826086957
1331,64,1.2187084351760291,0.25284054188060484,0.3384023840332638,2.0,1.0,0.14429112444270598,True,21,27,25,False,-4,-6.0,25,22,25,25,1.0,24.0,0.96,True,24.0,0.96
1332,64,2.0520091720000835,0.00798899009217818,0.00805332805018013,4.0,0.9999999999999999,0.004823307505403029,True,21,51,33,False,-12,-16.0,47,27,47,47,1.0,31.0,0.6595744680851063,True,31.0,0.6595744680851063
1333,64,1.1810216586840048,0.009673213409294784,0.009767698440830575,0.25,1.0,0.005816241483470266,True,21,26,18,True,3,2.75,25,16,16,16.25,0.65,16.25,0.65,True,16.25,0.65
1334,64,2.4455014734663245,0.04024222677213212,0.041929565870343535,2.0,1.0,0.022151216805133763,True,21,62,48,False,-27,-29.0,54,36,54,54,1.0,38.0,0.7037037037037037,True,38.0,0.7037037037037037
1335,64,1.1563704595717772,0.0010387001884370555,0.0010397802083353866,0.25,0.9999999999999999,0.0006015573722643464,True,21,26,13,True,8,7.75,24,11,11,11.25,0.46875,11.25,0.46875,True,11.25,0.46875
1336,64,1.2161229762557144,0.02567389227405023,0.0263504098581248,1.0,0.9999999999999999,0.013588162609841529,True,21,27,20,True,1,0.0,25,18,18,19.0,0.76,19.0,0.76,True,19.0,0.76
1337,64,1.503719134008083,0.008111039307976912,0.008177366247042397,1.0,1.0,0.004733792663476042,True,21,36,23,False,-2,-3.0,32,20,32,32,1.0,21.0,0.65625,True,21.0,0.65625
1338,64,1.0467655053607776,0.35346068890446986,0.5466963614409578,2.0,0.9999999999999999,0.23735005372575305,True,21,22,21,False,0,-2.0,22,19,22,22,1.0,21.0,0.9545454545454546,True,21.0,0.9545454545454546
1339,64,1.9963695492928102,0.054683378544129885,0.05784662757744882,4.0,0.9999999999999999,0.026552982892269088,True,21,50,39,False,-18,-22.0,42,31,42,42,1.0,35.0,0.8333333333333334,True,35.0,0.8333333333333334
1340,64,2.8184351510857324,0.14108284066888202,0.16425663305964258,0.25,1.0,0.09318339967019502,True,21,73,63,False,-42,-42.25,61,50,61,61,1.0,50.25,0.8237704918032787,True,50.25,0.8237704918032787
1341,64,1.9344536719012848,0.038645123708836146,0.04019860372261925,1.0,1.0,0.0209875075137377,True,21,48,37,False,-16,-17.0,42,29,42,42,1.0,30.0,0.7142857142857143,True,30.0,0.7142857142857143
1342,64,1.5910360299045372,0.0049373806517478335,0.00496187933879149,1.0,1.0,0.003204764559764134,True,21,38,24,False,-3,-4.0,34,20,34,34,1.0,21.0,0.6176470588235294,True,21.0,0.6176470588235294
1343,64,1.0613702912200336,0.020344563207384148,0.020767059971608066,2.0,1.0,0.011953395867934188,True,21,23,17,True,4,2.0,22,15,15,17.0,0.7727272727272727,17.0,0.7727272727272727,True,17.0,0.7727272727272727
1344,64,2.8658600680988338,0.07163702611900406,0.07716488930997263,1.0,0.9999999999999999,0.03937328430097266,True,21,74,61,False,-40,-41.0,64,47,64,64,1.0,48.0,0.75,True,48.0,0.75
1345,64,2.46825417850121,0.006667005170569549,0.00671175245891673,0.5,1.0,0.0037021353265612204,True,21,63,40,False,-19,-19.5,54,31,54,54,1.0,31.5,0.5833333333333334,True,31.5,0.5833333333333334
1346,64,1.3118914058076754,0.0661813876525797,0.07087178042662252,4.0,0.9999999999999999,0.04145845611174657,True,21,30,24,False,-3,-7.0,27,21,27,27,1.0,25.0,0.9259259259259259,True,25.0,0.9259259259259259
1347,64,2.107771893765522,0.004596605577628114,0.004617831929632411,2.0,1.0,0.0031139621342695357,True,21,53,32,False,-11,-13.0,46,25,46,46,1.0,27.0,0.5869565217391305,True,27.0,0.5869565217391305
1348,64,1.517834497106898,0.0029150723148460515,0.002923594805122291,0.25,1.0,0.0015039257757867102,True,21,36,21,False,0,-0.25,33,17,33,33,1.0,17.25,0.5227272727272727,True,17.25,0.5227272727272727
1349,64,2.7414239886679184,0.003068616173812059,0.0030780615633092187,2.0,0.9999999999999999,0.0013495525480801056,True,21,71,41,False,-20,-22.0,62,32,62,62,1.0,34.0,0.5483870967741935,True,34.0,0.5483870967741935
1350,64,2.9718104105615866,0.01105058420897545,0.011174064145774827,0.5,0.9999999999999999,0.007083800309770525,True,21,77,52,False,-31,-31.5,68,42,68,68,1.0,42.5,0.625,True,42.5,0.625
1351,64,1.3526519746589865,0.39397261667850975,0.6500904538656994,2.0,1.0,0.33517307854861095,True,21,31,30,False,-9,-11.0,28,26,28,28,1.0,28.0,1.0,True,28.0,1.0
1352,64,2.534011466765575,0.016077252041139516,0.01633995359340115,1.0,1.0,0.010263214858615909,True,21,65,46,False,-25,-26.0,58,37,58,58,1.0,38.0,0.6551724137931034,True,38.0,0.6551724137931034
1353,64,1.8840902382747435,0.058359408342250126,0.061976309070862066,0.5,0.9999999999999999,0.033557531427162814,True,21,46,37,False,-16,-16.5,40,29,40,40,1.0,29.5,0.7375,True,29.5,0.7375
1354,64,1.4864820059513262,0.008066032777924718,0.008131622713267653,0.25,1.0,0.004381687771178286,True,21,35,23,False,-2,-2.25,31,19,31,31,1.0,19.25,0.6209677419354839,True,19.25,0.6209677419354839
1355,64,2.722354558073152,0.6873524532147981,2.1984898339440018,0.25,1.0,0.705274721840875,True,21,70,74,False,-53,-53.25,58,54,58,58,1.0,54.25,0.9353448275862069,True,54.25,0.9353448275862069
1356,64,2.303328066354878,0.18396728420932784,0.22544106461599137,1.0,1.0,0.1393359215967571,True,21,58,52,False,-31,-32.0,51,44,51,51,1.0,45.0,0.8823529411764706,True,45.0,0.8823529411764706
1357,64,2.0414965150983178,0.19209779835705892,0.23777357948327277,0.25,0.9999999999999999,0.10642431837892619,True,21,51,46,False,-25,-25.25,43,36,43,43,1.0,36.25,0.8430232558139535,True,36.25,0.8430232558139535
1358,64,1.7923175945115164,0.002718461204079355,0.0027258713796723044,1.0,1.0,0.001400329501218678,True,21,44,25,False,-4,-5.0,39,20,39,39,1.0,21.0,0.5384615384615384,True,21.0,0.5384615384615384
1359,64,1.5284513597919167,0.02926620035705097,0.030148533375283247,1.0,0.9999999999999999,0.015819130512342974,True,21,36,27,False,-6,-7.0,32,23,32,32,1.0,24.0,0.75,True,24.0,0.75
1360,64,1.1697848139847222,0.07462292366072401,0.08064055785337458,1.0,0.9999999999999999,0.04963439288061161,True,21,26,21,False,0,-1.0,25,19,25,25,1.0,20.0,0.8,True,20.0,0.8
1361,64,2.251405371506907,0.011490323434066758,0.011623885639626673,0.5,1.0,0.006988517924609652,True,21,57,39,False,-18,-18.5,50,30,50,50,1.0,30.5,0.61,True,30.5,0.61
1362,64,2.114304934767221,0.0012111117577506666,0.0012125803280431768,2.0,0.9999999999999999,0.00065615066595282,True,21,53,27,False,-6,-8.0,47,21,47,47,1.0,23.0,0.48936170212765956,True,23.0,0.48936170212765956
1363,64,2.720652969073359,0.012640919249914817,0.01280275787843229,2.0,1.0,0.00801732460345261,True,21,70,48,False,-27,-29.0,60,37,60,60,1.0,39.0,0.65,True,39.0,0.65
1364,64,1.4195945026747063,0.03324455715142397,0.0343877631073561,0.5,0.9999999999999999,0.019572446358639743,True,21,33,25,False,-4,-4.5,30,21,30,30,1.0,21.5,0.7166666666666667,True,21.5,0.7166666666666667
1365,64,1.5032975150127708,0.07791176219487854,0.08449490948971934,0.5,1.0,0.0467924087824314,True,21,36,29,False,-8,-8.5,31,24,31,31,1.0,24.5,0.7903225806451613,True,24.5,0.7903225806451613
1366,64,1.2291433237436888,0.2631638114678547,0.3571537548828927,0.25,0.9999999999999999,0.18404010940777205,True,21,28,26,False,-5,-5.25,25,22,25,25,1.0,22.25,0.89,True,22.25,0.89
1367,64,1.1569874235683142,0.2717211215093163,0.3731003734070152,4.0,1.0,0.1548007316706696,True,21,26,24,False,-3,-7.0,24,21,24,24,1.0,25.0,1.0416666666666667,True,25.0,1.0416666666666667
1368,64,1.3131249274370154,0.019791241416342458,0.020190843269896515,1.0,1.0,0.009456408638265162,True,21,30,22,False,-1,-2.0,27,18,27,27,1.0,19.0,0.7037037037037037,True,19.0,0.7037037037037037
1369,64,2.0971458115003467,0.010428568745590462,0.010538469903451947,0.25,1.0,0.007132849601542974,True,21,52,35,False,-14,-14.25,48,28,48,48,1.0,28.25,0.5885416666666666,True,28.25,0.5885416666666666
1370,64,2.1061624561156043,0.05706537529158956,0.06051890957895012,2.0,1.0,0.037469831588470615,True,21,53,42,False,-21,-23.0,46,34,46,46,1.0,36.0,0.782608695652174,True,36.0,0.782608695652174
1371,64,1.6670852830130154,0.09706969099754709,0.10750518620289595,0.5,0.9999999999999999,0.0645606053300513,True,21,40,34,False,-13,-13.5,36,28,36,36,1.0,28.5,0.7916666666666666,True,28.5,0.7916666666666666
1372,64,1.7933428126164452,0.011753158708459284,0.011892938299806827,0.5,1.0000000000000002,0.0075136090406416455,True,21,44,30,False,-9,-9.5,38,24,38,38,1.0,24.5,0.6447368421052632,True,24.5,0.6447368421052632
1373,64,2.381626791978615,0.005272407547032382,0.005300353169082992,1.0,1.0,0.003071790607960032,True,21,60,38,False,-17,-18.0,54,30,54,54,1.0,31.0,0.5740740740740741,True,31.0,0.5740740740740741
1374,64,1.3889123624572102,0.020660642785282693,0.021096510247522817,1.0,1.0,0.013152094855647741,True,21,32,23,False,-2,-3.0,30,21,30,30,1.0,22.0,0.7333333333333333,True,22.0,0.7333333333333333
1375,64,1.5939945143129353,0.0010563452065872924,0.0010574622517680946,2.0,0.9999999999999999,0.0006358282830484338,True,21,38,19,True,2,0.0,34,15,15,17.0,0.5,17.0,0.5,True,17.0,0.5
1376,64,1.3557354924264204,0.00108154166306606,0.0010827126619190547,1.0,1.0,0.0006946964336102184,True,21,31,16,True,5,4.0,28,13,13,14.0,0.5,14.0,0.5,True,14.0,0.5
1377,64,1.3804496847450878,0.0032383413082611927,0.0032488622330352802,1.0,1.0000000000000002,0.001653127654922904,True,21,32,19,True,2,1.0,29,15,15,16.0,0.5517241379310345,16.0,0.5517241379310345,True,16.0,0.5517241379310345
1378,64,1.7253575707711684,0.0029325413818274103,0.002941166474223915,0.25,1.0,0.0018736311925187054,True,21,42,24,False,-3,-3.25,36,18,36,36,1.0,18.25,0.5069444444444444,True,18.25,0.5069444444444444
1379,64,1.7229411007509432,0.0012347627428571067,0.0012362892667831245,2.0,1.0,0.0007453943732175481,True,21,42,22,False,-1,-3.0,38,18,38,38,1.0,20.0,0.5263157894736842,True,20.0,0.5263157894736842
1380,64,2.376980666134887,0.008381960292582556,0.008452811422284837,0.25,1.0,0.0047612517523647644,True,21,60,40,False,-19,-19.25,48,28,48,48,1.0,28.25,0.5885416666666666,True,28.25,0.5885416666666666
1381,64,2.9884198203443115,0.007614291777770829,0.00767271406136144,2.0,1.0,0.004823761634421778,True,21,78,50,False,-29,-31.0,67,38,67,67,1.0,40.0,0.5970149253731343,True,40.0,0.5970149253731343
1382,64,2.1178833837229356,0.04304398276954712,0.04498010566266321,2.0,1.0,0.027334207327836767,True,21,53,41,False,-20,-22.0,46,33,46,46,1.0,35.0,0.7608695652173914,True,35.0,0.7608695652173914
1383,64,1.9303630142111445,0.0015178954053313904,0.0015202029143502542,2.0,1.0000000000000002,0.0008961434372239448,True,21,48,26,False,-5,-7.0,42,19,42,42,1.0,21.0,0.5,True,21.0,0.5
1384,64,2.38238214704907,0.331812549070995,0.49658602329281115,2.0,0.9999999999999998,0.16912640986870764,True,21,60,57,False,-36,-38.0,50,41,50,50,1.0,43.0,0.86,True,43.0,0.86
1385,64,1.11385676162189,0.26773764569285735,0.36563076623840274,0.5,1.0000000000000002,0.15883271755054276,True,21,24,23,False,-2,-2.5,23,20,23,23,1.0,20.5,0.8913043478260869,True,20.5,0.8913043478260869
1386,64,2.3714021118210185,0.02822475873410633,0.02904453369005269,0.5,1.0,0.015024191793793419,True,21,60,45,False,-24,-24.5,54,35,54,54,1.0,35.5,0.6574074074074074,True,35.5,0.6574074074074074
1387,64,1.5002947385200776,0.001130695549454283,0.0011319754690792623,2.0,1.0,0.0006301442791349151,True,21,35,18,True,3,1.0,31,14,14,16.0,0.5161290322580645,16.0,0.5161290322580645,True,16.0,0.5161290322580645
1388,64,1.0658937736944416,0.037771570088120536,0.03925426532198767,4.0,0.9999999999999999,0.021915191909701006,True,21,23,18,False,3,-1.0,22,16,22,22,1.0,20.0,0.9090909090909091,True,20.0,0.9090909090909091
1389,64,1.7018023195230207,0.002292437569069387,0.0022977049141371907,0.5,1.0000000000000002,0.001409991495781447,True,21,41,23,False,-2,-2.5,38,19,38,38,1.0,19.5,0.5131578947368421,True,19.5,0.5131578947368421
1390,64,2.853390984021893,0.0012521165127682586,0.0012536862740538323,1.0,1.0,0.0007238692713382419,True,21,74,38,False,-17,-18.0,62,27,62,62,1.0,28.0,0.45161290322580644,True,28.0,0.45161290322580644
1391,64,2.6748383880025624,0.001473319183324637,0.0014754930555482386,0.25,1.0,0.0009133936195218682,True,21,69,37,False,-16,-16.25,59,27,59,59,1.0,27.25,0.461864406779661,True,27.25,0.461864406779661
1392,64,1.1739088453849857,0.05264631286933521,0.05557197231035203,0.25,1.0,0.03152001301270343,True,21,26,21,False,0,-0.25,24,18,24,24,1.0,18.25,0.7604166666666666,True,18.25,0.7604166666666666
1393,64,1.4389330666260747,0.10005019078533768,0.11117307849939553,1.0,0.9999999999999999,0.0607379135141315,True,21,34,28,False,-7,-8.0,31,24,31,31,1.0,25.0,0.8064516129032258,True,25.0,0.8064516129032258
1394,64,1.2761786633554384,0.6844036992199798,2.168604947296353,0.25,1.0,0.9077732958076216,True,21,29,31,False,-10,-10.25,27,27,27,27,1.0,27.25,1.0092592592592593,True,27.25,1.0092592592592593
1395,64,1.369914443261225,0.2056395591205238,0.25887437054751866,1.0,0.9999999999999999,0.12410636963844772,True,21,32,29,False,-8,-9.0,29,24,29,29,1.0,25.0,0.8620689655172413,True,25.0,0.8620689655172413
1396,64,1.3909128820014762,0.10316901407296084,0.11503729876852634,4.0,1.0,0.05613296333414948,True,21,32,27,False,-6,-10.0,30,24,30,30,1.0,28.0,0.9333333333333333,True,28.0,0.9333333333333333
1397,64,1.1923851007439212,0.016408402964355803,0.0166821300769624,0.25,1.0,0.008425954752843792,True,21,27,19,True,2,1.75,25,16,16,16.25,0.65,16.25,0.65,True,16.25,0.65
1398,64,1.1488273744366424,0.23916823634920178,0.3143510139502716,0.5,0.9999999999999999,0.1394490329138578,True,21,25,23,False,-2,-2.5,24,20,24,24,1.0,20.5,0.8541666666666666,True,20.5,0.8541666666666666
1399,64,2.286511170010682,0.018993617197058436,0.019361359446805716,0.25,1.0,0.010751394725058597,True,21,58,41,False,-20,-20.25,49,32,49,49,1.0,32.25,0.6581632653061225,True,32.25,0.6581632653061225
1400,64,1.960191880636998,0.029910517173402186,0.03083274038416583,0.5,1.0,0.012993857814938172,True,21,49,36,False,-15,-15.5,43,30,43,43,1.0,30.5,0.7093023255813954,True,30.5,0.7093023255813954
1401,64,1.1358483203269796,0.3462337978627176,0.5295988026465965,0.25,0.9999999999999999,0.2522184372697141,True,21,25,24,False,-3,-3.25,24,22,24,24,1.0,22.25,0.9270833333333334,True,22.25,0.9270833333333334
1402,64,1.6512069201038129,0.3892361652763187,0.6372940622006786,2.0,1.0,0.28245831251866715,True,21,40,38,False,-17,-19.0,35,31,35,35,1.0,33.0,0.9428571428571428,True,33.0,0.9428571428571428
1403,64,1.3905614277870606,0.017907836066964784,0.018234374251850607,0.25,0.9999999999999999,0.010847717680079532,True,21,32,23,False,-2,-2.25,29,19,29,29,1.0,19.25,0.6637931034482759,True,19.25,0.6637931034482759
1404,64,2.0543422006362277,0.01569062801710689,0.015940748370096375,0.5,1.0,0.009764201791413888,True,21,51,36,False,-15,-15.5,44,27,44,44,1.0,27.5,0.625,True,27.5,0.625
1405,64,2.2540264598001865,0.012076881509770192,0.012224515535405631,4.0,1.0,0.007195278095917323,True,21,57,39,False,-18,-22.0,50,31,50,50,1.0,35.0,0.7,True,35.0,0.7
1406,64,2.4575645759107623,0.08834377645282364,0.09690470395637246,0.25,1.0,0.05690871410094204,True,21,63,52,False,-31,-31.25,54,40,54,54,1.0,40.25,0.7453703703703703,True,40.25,0.7453703703703703
1407,64,1.0540158738569316,0.09493587993162693,0.10489409294498934,0.5,1.0,0.0613466775584557,True,21,23,19,True,2,1.5,22,17,17,17.5,0.7954545454545454,17.5,0.7954545454545454,True,17.5,0.7954545454545454
1408,64,2.107737943056098,0.11625157253994634,0.13154373906391026,0.25,1.0,0.06970467416001355,True,21,53,45,False,-24,-24.25,47,38,47,47,1.0,38.25,0.8138297872340425,True,38.25,0.8138297872340425
1409,64,1.7735369746426848,0.3803882004519135,0.6139137452342731,2.0,1.0,0.22886367296574156,True,21,43,42,False,-21,-23.0,38,34,38,38,1.0,36.0,0.9473684210526315,True,36.0,0.9473684210526315
1410,64,2.7338857137453925,0.2941691602286512,0.4167700582818769,1.0,0.9999999999999999,0.17088791830105468,True,21,70,66,False,-45,-46.0,63,54,63,63,1.0,55.0,0.873015873015873,True,55.0,0.873015873015873
1411,64,2.103596929913546,0.011598452616681848,0.01173455530031033,0.25,1.0,0.006892250057909066,True,21,53,36,False,-15,-15.25,46,30,46,46,1.0,30.25,0.657608695652174,True,30.25,0.657608695652174
1412,64,1.3177556296218818,0.01665488826538031,0.016936971635523875,4.0,1.0,0.009278082317294194,True,21,30,21,False,0,-4.0,28,18,28,28,1.0,22.0,0.7857142857142857,True,22.0,0.7857142857142857
1413,64,1.4276423426231164,0.002993607434081589,0.003002596027872171,0.25,1.0,0.0018511648309499928,True,21,33,20,True,1,0.75,31,16,16,16.25,0.5241935483870968,16.25,0.5241935483870968,True,16.25,0.5241935483870968
1414,64,2.832927120868873,0.10380640844343943,0.11583034003082135,1.0,0.9999999999999999,0.06765608988917093,True,21,73,62,False,-41,-42.0,62,45,62,62,1.0,46.0,0.7419354838709677,True,46.0,0.7419354838709677
1415,64,2.792378033487049,0.006235542455900246,0.006274668417212471,0.25,1.0,0.003611752331217814,True,21,72,46,False,-25,-25.25,63,35,63,63,1.0,35.25,0.5595238095238095,True,35.25,0.5595238095238095
1416,64,1.8520978907193462,0.01340538888365802,0.013587535075312934,0.25,1.0,0.006160303787986239,True,21,45,31,False,-10,-10.25,41,25,41,41,1.0,25.25,0.6158536585365854,True,25.25,0.6158536585365854
1417,64,1.1646526559167105,0.206932670770168,0.2609269896051898,4.0,1.0,0.13311438346440443,True,21,26,23,False,-2,-6.0,24,21,24,24,1.0,25.0,1.0416666666666667,True,25.0,1.0416666666666667
1418,64,1.329483039614672,0.021212638145070777,0.021672366207170956,4.0,0.9999999999999999,0.013579927898907114,True,21,31,22,False,-1,-5.0,27,19,27,27,1.0,23.0,0.8518518518518519,True,23.0,0.8518518518518519
1419,64,1.3497943708746103,0.2875542355614843,0.4036156152715823,1.0,0.9999999999999999,0.19461417424192234,True,21,31,29,False,-8,-9.0,29,25,29,29,1.0,26.0,0.896551724137931,True,26.0,0.896551724137931
1420,64,1.335552165216241,0.018168321605004853,0.01850451763249755,4.0,1.0,0.011126887447582423,True,21,31,22,False,-1,-5.0,28,19,28,28,1.0,23.0,0.8214285714285714,True,23.0,0.8214285714285714
1421,64,1.53390197537918,0.05880447905040733,0.06247849436329468,4.0,0.9999999999999999,0.034770899788176386,True,21,36,29,False,-8,-12.0,33,25,33,33,1.0,29.0,0.8787878787878788,True,29.0,0.8787878787878788
1422,64,1.4643967729061063,0.745106176599813,2.923202165750347,0.5,1.0,0.7266479456780547,True,21,34,37,False,-16,-16.5,31,32,31,31,1.0,32.5,1.0483870967741935,True,32.5,1.0483870967741935
1423,64,2.367779879617824,0.020064905143426875,0.020475749106999425,4.0,1.0,0.013566463509989019,True,21,60,43,False,-22,-26.0,51,31,51,51,1.0,35.0,0.6862745098039216,True,35.0,0.6862745098039216
1424,64,2.4229805603734293,0.0015636397387694576,0.0015660885370404054,0.5,1.0,0.0009488884983175406,True,21,62,33,False,-12,-12.5,53,25,53,53,1.0,25.5,0.4811320754716981,True,25.5,0.4811320754716981
1425,64,1.6664559202321965,0.023780380621503148,0.02435966267164632,0.25,1.0,0.013792911044247052,True,21,40,30,False,-9,-9.25,36,24,36,36,1.0,24.25,0.6736111111111112,True,24.25,0.6736111111111112
1426,64,1.312936348341887,0.011564936597426877,0.011700249238038888,4.0,0.9999999999999999,0.005514101492366879,True,21,30,21,False,0,-4.0,28,17,28,28,1.0,21.0,0.75,True,21.0,0.75
1427,64,1.0711419215628355,0.012705084499607605,0.012868580907426496,0.5,1.0,0.006621358974363781,True,21,23,16,True,5,4.5,22,14,14,14.5,0.6590909090909091,14.5,0.6590909090909091,True,14.5,0.6590909090909091
1428,64,1.0657019652211785,0.0020911295607043668,0.0020955115468447713,1.0,1.0,0.001217325437122534,True,21,23,13,True,8,7.0,22,12,12,13.0,0.5909090909090909,13.0,0.5909090909090909,True,13.0,0.5909090909090909
1429,64,2.7618186811852468,0.028406506304151712,0.02923702812798395,2.0,0.9999999999999999,0.0188102180382359,True,21,71,53,False,-32,-34.0,59,40,59,59,1.0,42.0,0.711864406779661,True,42.0,0.711864406779661
1430,64,2.496626546297183,0.050488554058073495,0.05317319161749362,0.5,1.0,0.027327384425855285,True,21,64,50,False,-29,-29.5,56,41,56,56,1.0,41.5,0.7410714285714286,True,41.5,0.7410714285714286
1431,64,1.8734205144614167,0.6871679900041163,2.196603825846205,4.0,0.9999999999999999,0.874567489116423,True,21,46,49,False,-28,-32.0,42,42,42,42,1.0,46.0,1.0952380952380953,True,46.0,1.0952380952380953
1432,64,1.7227961660126738,0.005538011930991088,0.005568852301478603,0.25,1.0,0.0033541929255355273,True,21,42,26,False,-5,-5.25,38,22,38,38,1.0,22.25,0.5855263157894737,True,22.25,0.5855263157894737
1433,64,2.4722867907281807,0.001933653036773141,0.001937399294802979,2.0,0.9999999999999999,0.00103634359037833,True,21,63,35,False,-14,-16.0,53,25,53,53,1.0,27.0,0.5094339622641509,True,27.0,0.5094339622641509
1434,64,1.2054911026139967,0.003245400673743403,0.0032559675931639435,2.0,1.0000000000000002,0.0017581539809446067,True,21,27,16,True,5,3.0,25,14,14,16.0,0.64,16.0,0.64,True,16.0,0.64
1435,64,2.218213913399833,0.08193171997025034,0.08924360175867896,4.0,0.9999999999999999,0.04504409794659693,True,21,56,46,False,-25,-29.0,50,37,50,50,1.0,41.0,0.82,True,41.0,0.82
1436,64,1.6059802756970023,0.003773497891408246,0.003787791113186952,0.5,1.0,0.0020297359105269806,True,21,38,23,False,-2,-2.5,35,19,35,35,1.0,19.5,0.5571428571428572,True,19.5,0.5571428571428572
1437,64,2.2084843581371856,0.14565156164674942,0.17048262173626907,0.25,0.9999999999999999,0.10649501616881997,True,21,56,49,False,-28,-28.25,47,38,47,47,1.0,38.25,0.8138297872340425,True,38.25,0.8138297872340425
1438,64,1.9213749881237525,0.002721330984199186,0.0027287568347218595,4.0,1.0,0.0013632942666619617,True,21,47,27,False,-6,-10.0,42,20,42,42,1.0,24.0,0.5714285714285714,True,24.0,0.5714285714285714
1439,64,1.627895491809933,0.011432691247273545,0.011564909284425105,4.0,0.9999999999999999,0.0071096379881078345,True,21,39,27,False,-6,-10.0,35,22,35,35,1.0,26.0,0.7428571428571429,True,26.0,0.7428571428571429
1440,64,1.2357668617241375,0.006727408634959211,0.006772973193304193,4.0,0.9999999999999998,0.004294599686262559,True,21,28,18,False,3,-1.0,26,16,26,26,1.0,20.0,0.7692307692307693,True,20.0,0.7692307692307693
1441,64,1.2704155468916745,0.007655678765134312,0.007714740338925549,4.0,0.9999999999999999,0.004371605479497736,True,21,29,19,False,2,-2.0,26,16,26,26,1.0,20.0,0.7692307692307693,True,20.0,0.7692307692307693
1442,64,2.383127959656054,0.012928698727371922,0.01309803933181219,1.0,1.0,0.008978524465849545,True,21,61,42,False,-21,-22.0,54,33,54,54,1.0,34.0,0.6296296296296297,True,34.0,0.6296296296296297
1443,64,1.7637545376466504,0.003012662423974291,0.003021765984810774,4.0,1.0000000000000002,0.0019318644108741899,True,21,43,25,False,-4,-8.0,38,19,38,38,1.0,23.0,0.6052631578947368,True,23.0,0.6052631578947368
1444,64,1.3949371396050474,0.011915433829982572,0.012059123518312613,0.25,0.9999999999999999,0.005345187648912361,True,21,32,22,False,-1,-1.25,28,17,28,28,1.0,17.25,0.6160714285714286,True,17.25,0.6160714285714286
1445,64,1.2176480466903972,0.012416065316202186,0.012572162102026833,2.0,0.9999999999999999,0.006959732183523213,True,21,27,19,True,2,0.0,25,16,16,18.0,0.72,18.0,0.72,True,18.0,0.72
1446,64,1.4740529736375583,0.006655224426000012,0.006699813186367562,0.25,0.9999999999999999,0.003998923264339516,True,21,35,22,False,-1,-1.25,32,18,32,32,1.0,18.25,0.5703125,True,18.25,0.5703125
1447,64,1.6225638802537399,0.04541335256426329,0.04757384013934737,1.0,1.0,0.024771997176477878,True,21,39,30,False,-9,-10.0,35,26,35,35,1.0,27.0,0.7714285714285715,True,27.0,0.7714285714285715
1448,64,1.6852023606646136,0.00234408711389663,0.002349594768716858,2.0,1.0,0.0015231221653433874,True,21,41,23,False,-2,-4.0,36,18,36,36,1.0,20.0,0.5555555555555556,True,20.0,0.5555555555555556
1449,64,2.7068565330150474,0.01883268168791434,0.019194159177980404,2.0,0.9999999999999999,0.011526294710964334,True,21,70,50,False,-29,-31.0,58,37,58,58,1.0,39.0,0.6724137931034483,True,39.0,0.6724137931034483
1450,64,1.2875630474652708,0.04404637405490766,0.046075848094997,2.0,1.0,0.023792137937087315,True,21,29,23,False,-2,-4.0,27,20,27,27,1.0,22.0,0.8148148148148148,True,22.0,0.8148148148148148
1451,64,1.7271017014339902,0.30931108918341593,0.44782981793891147,4.0,1.0,0.1560290895302917,True,21,42,39,False,-18,-22.0,38,32,38,38,1.0,36.0,0.9473684210526315,True,36.0,0.9473684210526315
1452,64,2.0346114051230675,0.12234154601830947,0.13939539403201798,1.0,1.0,0.07620486133052425,True,21,51,43,False,-22,-23.0,45,37,45,45,1.0,38.0,0.8444444444444444,True,38.0,0.8444444444444444
1453,64,1.3647071989692787,0.032534165714562635,0.03362823219343152,0.25,1.0000000000000002,0.018179821741308295,True,21,32,24,False,-3,-3.25,29,20,29,29,1.0,20.25,0.6982758620689655,True,20.25,0.6982758620689655
1454,64,1.4418019199112388,0.5092510566426323,1.0377017893481049,0.25,0.9999999999999999,0.4214803603708173,True,21,34,34,False,-13,-13.25,30,28,30,30,1.0,28.25,0.9416666666666667,True,28.25,0.9416666666666667
1455,64,1.0857935629392568,0.004361095939365245,0.004380198404842217,0.25,0.9999999999999999,0.002490029287594641,True,21,24,14,True,7,6.75,23,13,13,13.25,0.5760869565217391,13.25,0.5760869565217391,True,13.25,0.5760869565217391
1456,64,1.6308146599055138,0.12022071782403271,0.1366487257198073,1.0,1.0,0.07891255285352437,True,21,39,34,False,-13,-14.0,34,27,34,34,1.0,28.0,0.8235294117647058,True,28.0,0.8235294117647058
1457,64,2.4088062778705615,0.068607507370458,0.0736612200692779,0.5,0.9999999999999999,0.04141848258837128,True,21,61,50,False,-29,-29.5,52,40,52,52,1.0,40.5,0.7788461538461539,True,40.5,0.7788461538461539
1458,64,2.363598712430695,0.0026677887680548883,0.0026749249026656098,0.25,1.0000000000000002,0.0013425510145931528,True,21,60,34,False,-13,-13.25,52,25,52,52,1.0,25.25,0.4855769230769231,True,25.25,0.4855769230769231
1459,64,1.4099656777477885,0.0684056271443433,0.07342855338923587,2.0,1.0,0.036787689772956426,True,21,33,27,False,-6,-8.0,30,22,30,30,1.0,24.0,0.8,True,24.0,0.8
1460,64,1.091158821695488,0.3904294739923323,0.640499265194822,1.0,0.9999999999999999,0.2775601569845247,True,21,24,23,False,-2,-3.0,23,20,23,23,1.0,21.0,0.9130434782608695,True,21.0,0.9130434782608695
1461,64,2.1064524933861235,0.0018812958543942074,0.0018848417994577161,2.0,1.0,0.0011381508927767415,True,21,53,29,False,-8,-10.0,48,23,48,48,1.0,25.0,0.5208333333333334,True,25.0,0.5208333333333334
1462,64,1.1485809914596523,0.5919843310821339,1.4508862678048298,0.5,1.0,0.3793167153340084,True,21,25,26,False,-5,-5.5,24,22,24,24,1.0,22.5,0.9375,True,22.5,0.9375
1463,64,1.9231520724945546,0.001096992009095405,0.0010981967221239898,4.0,1.0,0.0006090738467029899,True,21,47,24,False,-3,-7.0,41,17,41,41,1.0,21.0,0.5121951219512195,True,21.0,0.5121951219512195
1464,64,1.2269687221708458,0.01826337524081325,0.018603131206695208,2.0,1.0,0.01122537995135811,True,21,28,20,False,1,-1.0,26,17,26,26,1.0,19.0,0.7307692307692307,True,19.0,0.7307692307692307
1465,64,1.1340586328838973,0.056036688214782436,0.059363205661887644,1.0,1.0,0.03082577280387601,True,21,25,20,True,1,0.0,23,17,17,18.0,0.782608695652174,18.0,0.782608695652174,True,18.0,0.782608695652174
1466,64,1.1569968297528253,0.04826947098699987,0.05071758183175874,4.0,1.0,0.02840522986703317,True,21,26,20,False,1,-3.0,24,18,24,24,1.0,22.0,0.9166666666666666,True,22.0,0.9166666666666666
1467,64,1.3327130879406417,0.017686313310566613,0.018004750977432208,0.25,1.0,0.011104893556984047,True,21,31,22,False,-1,-1.25,28,18,28,28,1.0,18.25,0.6517857142857143,True,18.25,0.6517857142857143
1468,64,2.1269754734478257,0.018277450199396757,0.018617734922264005,1.0,0.9999999999999999,0.010865619103983426,True,21,53,38,False,-17,-18.0,47,30,47,47,1.0,31.0,0.6595744680851063,True,31.0,0.6595744680851063
1469,64,1.7959385783253177,0.012839004271978814,0.013005988210170499,0.25,1.0,0.008423363841947218,True,21,44,30,False,-9,-9.25,39,25,39,39,1.0,25.25,0.6474358974358975,True,25.25,0.6474358974358975
1470,64,2.3093175001544903,0.015746926553451727,0.01599885941764031,0.25,0.9999999999999999,0.009658061395485454,True,21,58,41,False,-20,-20.25,52,32,52,52,1.0,32.25,0.6201923076923077,True,32.25,0.6201923076923077
1471,64,1.020321200006405,0.0016486001521093742,0.001651322522671432,1.0,0.9999999999999998,0.0009682268747082814,True,21,22,12,True,9,8.0,21,11,11,12.0,0.5714285714285714,12.0,0.5714285714285714,True,12.0,0.5714285714285714
1472,64,1.5757786446796447,0.6103688343134709,1.5665298057921075,1.0,0.9999999999999999,0.5619349074900668,True,21,38,39,False,-18,-19.0,33,33,33,33,1.0,34.0,1.0303030303030303,True,34.0,1.0303030303030303
1473,64,1.8171579856384874,0.0010042931550592771,0.00100530277375372,0.25,1.0,0.00047479750871979145,True,21,44,22,False,-1,-1.25,39,16,39,39,1.0,16.25,0.4166666666666667,True,16.25,0.4166666666666667
1474,64,1.1321814154510077,0.08191396180314665,0.08922253296001317,2.0,1.0,0.04710618655857463,True,21,25,21,False,0,-2.0,23,18,23,23,1.0,20.0,0.8695652173913043,True,20.0,0.8695652173913043
1475,64,1.0776168301340496,0.16083143353669302,0.19165569346158945,2.0,1.0,0.09542845631457429,True,21,23,21,False,0,-2.0,22,19,22,22,1.0,21.0,0.9545454545454546,True,21.0,0.9545454545454546
1476,64,1.4207560610366874,0.5889612697708357,1.432860765802958,1.0,0.9999999999999999,0.5475410584787967,True,21,33,34,False,-13,-14.0,30,29,30,30,1.0,30.0,1.0,True,30.0,1.0
1477,64,1.3379293020079088,0.02553404022290183,0.026203111526586883,0.5,1.0,0.013750123376378999,True,21,31,23,False,-2,-2.5,28,20,28,28,1.0,20.5,0.7321428571428571,True,20.5,0.7321428571428571
1478,64,1.9933037867975163,0.002222270539419067,0.002227220024865129,2.0,1.0,0.0012308377649780419,True,21,49,28,False,-7,-9.0,42,19,42,42,1.0,21.0,0.5,True,21.0,0.5
1479,64,2.102513247639316,0.004493004256380782,0.004513282453655304,0.5,1.0,0.002646762574798664,True,21,53,32,False,-11,-11.5,47,26,47,47,1.0,26.5,0.5638297872340425,True,26.5,0.5638297872340425
1480,64,1.0184128974132132,0.09377886509778907,0.10348342306969989,0.5,0.9999999999999999,0.05380518474899611,True,21,22,18,True,3,2.5,21,17,17,17.5,0.8333333333333334,17.5,0.8333333333333334,True,17.5,0.8333333333333334
1481,64,1.459478048831003,0.01203761909165371,0.012184288920582336,2.0,1.0,0.006498767283422613,True,21,34,23,False,-2,-4.0,31,19,31,31,1.0,21.0,0.6774193548387096,True,21.0,0.6774193548387096
1482,64,2.1208999190007702,0.11758915437027015,0.13325896316058197,4.0,0.9999999999999999,0.0749793055519869,True,21,53,45,False,-24,-28.0,47,37,47,47,1.0,41.0,0.8723404255319149,True,41.0,0.8723404255319149
1483,64,2.522311156909712,0.3797814402964381,0.6123348525364309,2.0,1.0,0.2782428049834228,True,21,64,62,False,-41,-43.0,57,51,57,57,1.0,53.0,0.9298245614035088,True,53.0,0.9298245614035088
1484,64,2.9162315454639613,0.4665143731627455,0.8744647459922302,0.25,1.0000000000000002,0.3287028486790247,True,21,76,75,False,-54,-54.25,64,55,64,64,1.0,55.25,0.86328125,True,55.25,0.86328125
1485,64,2.416903076227348,0.011879336722620452,0.012022151913329388,0.25,0.9999999999999999,0.006995236399067693,True,21,61,42,False,-21,-21.25,55,33,55,55,1.0,33.25,0.6045454545454545,True,33.25,0.6045454545454545
1486,64,1.2622168659691682,0.003659873608697344,0.003673317486422267,2.0,1.0,0.0016632607535408562,True,21,29,17,True,4,2.0,27,14,14,16.0,0.5925925925925926,16.0,0.5925925925925926,True,16.0,0.5925925925925926
1487,64,1.456135964337609,0.008267886710915984,0.008336814549138174,0.5,1.0,0.004316459506432495,True,21,34,23,False,-2,-2.5,31,19,31,31,1.0,19.5,0.6290322580645161,True,19.5,0.6290322580645161
1488,64,2.3014852723382644,0.0027457193066128057,0.0027532790380240006,1.0,1.0,0.00160682722485153,True,21,58,34,False,-13,-14.0,52,25,52,52,1.0,26.0,0.5,True,26.0,0.5
1489,64,1.3453352264196172,0.003056021280962672,0.003065389175517486,0.25,0.9999999999999999,0.001385238418026041,True,21,31,18,True,3,2.75,28,15,15,15.25,0.5446428571428571,15.25,0.5446428571428571,True,15.25,0.5446428571428571
1490,64,1.4237009690937743,0.0034183339868219223,0.0034300590743325202,1.0,1.0,0.0023895611083034644,True,21,33,20,True,1,0.0,30,16,16,17.0,0.5666666666666667,17.0,0.5666666666666667,True,17.0,0.5666666666666667
1491,64,1.5050837357198756,0.030361910400830496,0.031312621406386326,0.25,0.9999999999999999,0.0177135460843285,True,21,36,27,False,-6,-6.25,33,23,33,33,1.0,23.25,0.7045454545454546,True,23.25,0.7045454545454546
1492,64,1.0096286149925284,0.01861876702702517,0.018972002318224372,1.0,1.0,0.009256296832361283,True,21,21,15,True,6,5.0,21,14,14,15.0,0.7142857142857143,15.0,0.7142857142857143,True,15.0,0.7142857142857143
1493,64,1.786918824118236,0.06380119376487285,0.06814919367548213,2.0,1.0,0.04054807311247666,True,21,44,35,False,-14,-16.0,39,30,39,39,1.0,32.0,0.8205128205128205,True,32.0,0.8205128205128205
1494,64,1.287909953451525,0.00181431627288341,0.0018176139995405973,1.0,0.9999999999999999,0.0009965670034393296,True,21,29,16,True,5,4.0,27,14,14,15.0,0.5555555555555556,15.0,0.5555555555555556,True,15.0,0.5555555555555556
1495,64,1.3218854338185304,0.5070251160060593,1.0285009083998105,1.0,1.0,0.37510022094539375,True,21,30,30,False,-9,-10.0,27,25,27,27,1.0,26.0,0.9629629629629629,True,26.0,0.9629629629629629
1496,64,1.8983610141134413,0.47788321488509916,0.9152803137327459,4.0,1.0,0.37475106651404544,True,21,47,46,False,-25,-29.0,41,35,41,41,1.0,39.0,0.9512195121951219,True,39.0,0.9512195121951219
1497,64,2.1440407058364612,0.04626377473437766,0.0485079349077811,4.0,1.0,0.02861102421756948,True,21,54,42,False,-21,-25.0,46,33,46,46,1.0,37.0,0.8043478260869565,True,37.0,0.8043478260869565
1498,64,1.9535769096576083,0.001452770901215209,0.0014548845151033797,0.5,1.0,0.0007972127588559286,True,21,48,26,False,-5,-5.5,43,19,43,43,1.0,19.5,0.45348837209302323,True,19.5,0.45348837209302323
1499,64,2.4508771487677516,0.002531132537016977,0.0025375554261205147,2.0,1.0,0.0015625185490396962,True,21,62,36,False,-15,-17.0,56,27,56,56,1.0,29.0,0.5178571428571429,True,29.0,0.5178571428571429
1500,64,1.5702700679882957,0.20553083747883918,0.2587020959084297,0.25,1.0,0.12711967394929174,True,21,37,34,False,-13,-13.25,34,28,34,34,1.0,28.25,0.8308823529411765,True,28.25,0.8308823529411765
1501,64,1.0131222303678604,0.043895927817137984,0.045911244491324124,4.0,1.0,0.030353864924485593,True,21,21,17,True,4,0.0,21,16,16,20.0,0.9523809523809523,20.0,0.9523809523809523,True,20.0,0.9523809523809523
1502,64,2.714107781311832,0.11790234996254963,0.13366133551942233,0.25,0.9999999999999999,0.07546121611406872,True,21,70,60,False,-39,-39.25,60,45,60,60,1.0,45.25,0.7541666666666667,True,45.25,0.7541666666666667
1503,64,1.0745060914782938,0.28132044201461537,0.3914407177563501,0.5,1.0,0.14812161596483914,True,21,23,22,False,-1,-1.5,22,19,22,22,1.0,19.5,0.8863636363636364,True,19.5,0.8863636363636364
1504,64,1.9445633420854385,0.004910385028363016,0.004934615892361591,4.0,0.9999999999999999,0.002150932220264551,True,21,48,30,False,-9,-13.0,41,22,41,41,1.0,26.0,0.6341463414634146,True,26.0,0.6341463414634146
1505,64,1.104650809804421,0.049486842372202335,0.052063290208109264,0.5,0.9999999999999999,0.027816719312373558,True,21,24,19,True,2,1.5,23,17,17,17.5,0.7608695652173914,17.5,0.7608695652173914,True,17.5,0.7608695652173914
1506,64,2.3107878793471675,0.02220336816711166,0.022707552311252342,1.0,0.9999999999999999,0.011348394405246594,True,21,58,43,False,-22,-23.0,52,34,52,52,1.0,35.0,0.6730769230769231,True,35.0,0.6730769230769231
1507,64,1.139788964841366,0.5326282573035397,1.1396244330703171,1.0,1.0,0.33808891092926485,True,21,25,25,False,-4,-5.0,24,22,24,24,1.0,23.0,0.9583333333333334,True,23.0,0.9583333333333334
1508,64,2.390481069925203,0.0023207916349243284,0.0023261902377693863,0.25,1.0,0.0014274997490704873,True,21,61,34,False,-13,-13.25,53,24,53,53,1.0,24.25,0.45754716981132076,True,24.25,0.45754716981132076
1509,64,1.5215784513230017,0.004515531753829424,0.0045360142703028,2.0,1.0,0.0027509874360336062,True,21,36,22,False,-1,-3.0,32,17,32,32,1.0,19.0,0.59375,True,19.0,0.59375
1510,64,1.1845834457078541,0.06283058695493278,0.06704293383923249,4.0,1.0,0.034306833488732175,True,21,26,21,False,0,-4.0,24,18,24,24,1.0,22.0,0.9166666666666666,True,22.0,0.9166666666666666
1511,64,2.0534699904261595,0.3535848109460166,0.5469933518478758,2.0,1.0,0.2337760083904331,True,21,51,49,False,-28,-30.0,45,41,45,45,1.0,43.0,0.9555555555555556,True,43.0,0.9555555555555556
1512,64,2.229676165310865,0.0011587121580323952,0.0011600563294052796,2.0,1.0,0.0006398849757335553,True,21,56,29,False,-8,-10.0,49,21,49,49,1.0,23.0,0.46938775510204084,True,23.0,0.46938775510204084
1513,64,2.1169224144518224,0.03824313221515592,0.03976382544918966,4.0,1.0,0.024151613181426092,True,21,53,41,False,-20,-24.0,47,34,47,47,1.0,38.0,0.8085106382978723,True,38.0,0.8085106382978723
1514,64,2.57051957713629,0.010890810556250078,0.011010726290365168,0.5,0.9999999999999999,0.006337792525282106,True,21,66,45,False,-24,-24.5,58,36,58,58,1.0,36.5,0.6293103448275862,True,36.5,0.6293103448275862
1515,64,1.532721591930484,0.488380426969321,0.954577292804307,1.0,1.0,0.3858489962389939,True,21,36,36,False,-15,-16.0,32,31,32,32,1.0,32.0,1.0,True,32.0,1.0
1516,64,1.7602133568252114,0.0011657674939234495,0.0011671280939165823,0.5,0.9999999999999999,0.0006812666818217481,True,21,43,22,False,-1,-1.5,38,18,38,38,1.0,18.5,0.4868421052631579,True,18.5,0.4868421052631579
1517,64,2.4844805802479613,0.5841180538672748,1.4045285189678767,1.0,1.0,0.3618912569428759,True,21,63,65,False,-44,-45.0,53,49,53,53,1.0,50.0,0.9433962264150944,True,50.0,0.9433962264150944
1518,64,1.3709303350728927,0.0010722498609816295,0.0010734008148561365,0.25,0.9999999999999998,0.000642893119445549,True,21,32,16,True,5,4.75,29,14,14,14.25,0.49137931034482757,14.25,0.49137931034482757,True,14.25,0.49137931034482757
1519,64,1.0994311755822814,0.20096844407853948,0.2515150278974631,2.0,0.9999999999999999,0.12377380163856277,True,21,24,22,False,-1,-3.0,23,20,23,23,1.0,22.0,0.9565217391304348,True,22.0,0.9565217391304348
1520,64,1.598159802062446,0.01354865494860058,0.013734742231908683,1.0,1.0,0.008421816713714598,True,21,38,27,False,-6,-7.0,35,21,35,35,1.0,22.0,0.6285714285714286,True,22.0,0.6285714285714286
1521,64,1.0477268088815181,0.03384818282378525,0.03503402076364541,2.0,1.0,0.017585272554077165,True,21,22,17,True,4,2.0,22,16,16,18.0,0.8181818181818182,18.0,0.8181818181818182,True,18.0,0.8181818181818182
1522,64,1.14296399178791,0.0016322534257467646,0.0016349220328356897,0.5,1.0,0.000949690138290908,True,21,25,14,True,7,6.5,23,12,12,12.5,0.5434782608695652,12.5,0.5434782608695652,True,12.5,0.5434782608695652
1523,64,1.700123134224269,0.0057634049702128,0.005796814358900286,4.0,1.0,0.0034306874163294223,True,21,41,26,False,-5,-9.0,36,21,36,36,1.0,25.0,0.6944444444444444,True,25.0,0.6944444444444444
1524,64,1.1054444675173396,0.10788813375294029,0.12093565598090807,2.0,1.0,0.04936226368161806,True,21,24,20,False,1,-1.0,23,18,23,23,1.0,20.0,0.8695652173913043,True,20.0,0.8695652173913043
1525,64,1.2017981216913198,0.029189629266262757,0.030067282083318984,2.0,1.0,0.01831004165038503,True,21,27,20,False,1,-1.0,25,18,25,25,1.0,20.0,0.8,True,20.0,0.8
1526,64,1.7843416272047297,0.002462848434303218,0.002468929032304836,2.0,0.9999999999999999,0.0013618083300105052,True,21,44,25,False,-4,-6.0,39,19,39,39,1.0,21.0,0.5384615384615384,True,21.0,0.5384615384615384
1527,64,2.532870266871248,0.047240486042122894,0.04958280169345175,4.0,1.0,0.03078595762738111,True,21,65,51,False,-30,-34.0,56,37,56,56,1.0,41.0,0.7321428571428571,True,41.0,0.7321428571428571
1528,64,1.2337062896830606,0.02173727689687565,0.022220285393195136,2.0,1.0,0.014646844878512299,True,21,28,20,False,1,-1.0,26,17,26,26,1.0,19.0,0.7307692307692307,True,19.0,0.7307692307692307
1529,64,1.8201871864020505,0.023878564087275102,0.024462698193844487,4.0,1.0,0.015336515590371714,True,21,45,33,False,-12,-16.0,39,24,39,39,1.0,28.0,0.717948717948718,True,28.0,0.717948717948718
1530,64,2.114551047835273,0.003447108066805644,0.0034590317229612,2.0,1.0,0.0017079897167628331,True,21,53,31,False,-10,-12.0,46,23,46,46,1.0,25.0,0.5434782608695652,True,25.0,0.5434782608695652
1531,64,2.9747564174866072,0.004329425291777816,0.004348250718413105,0.25,1.0,0.002733845050460716,True,21,77,47,False,-26,-26.25,68,37,68,68,1.0,37.25,0.5477941176470589,True,37.25,0.5477941176470589
1532,64,2.732687800309038,0.07111868290911681,0.07656379948716145,0.5,1.0,0.04540570798865996,True,21,70,57,False,-36,-36.5,58,44,58,58,1.0,44.5,0.7672413793103449,True,44.5,0.7672413793103449
1533,64,1.0468617973776269,0.0012074994873994143,0.0012089593051406585,0.5,1.0,0.0007699013402745322,True,21,22,12,True,9,8.5,22,11,11,11.5,0.5227272727272727,11.5,0.5227272727272727,True,11.5,0.5227272727272727
1534,64,1.0550172333729348,0.13507227229011923,0.1561659638866682,4.0,0.9999999999999999,0.06769912361521968,True,21,23,20,False,1,-3.0,22,18,22,22,1.0,22.0,1.0,True,22.0,1.0
1535,64,1.3053161932835131,0.1042172391086033,0.11634209058108724,1.0,1.0,0.05957522430928158,True,21,30,25,False,-4,-5.0,27,21,27,27,1.0,22.0,0.8148148148148148,True,22.0,0.8148148148148148
1536,64,1.466862542512037,0.0167504026133634,0.01703575842581988,0.5,1.0,0.009383834298409771,True,21,34,24,False,-3,-3.5,31,20,31,31,1.0,20.5,0.6612903225806451,True,20.5,0.6612903225806451
1537,64,1.6304675338652206,0.016197335672483243,0.01646400874870065,4.0,1.0,0.008970097508624928,True,21,39,28,False,-7,-11.0,35,22,35,35,1.0,26.0,0.7428571428571429,True,26.0,0.7428571428571429
1538,64,2.904133750565822,0.001599805021911947,0.0016023684990837347,4.0,0.9999999999999999,0.0008900785363505768,True,21,75,40,False,-19,-23.0,65,30,65,65,1.0,34.0,0.5230769230769231,True,34.0,0.5230769230769231
1539,64,1.5065587629055173,0.07142121774245593,0.07691454845524032,1.0,1.0,0.03656542975338282,True,21,36,29,False,-8,-9.0,32,24,32,32,1.0,25.0,0.78125,True,25.0,0.78125
1540,64,1.0221029520084894,0.0167122600663298,0.01699630676515621,0.25,1.0,0.009424255634032774,True,21,22,15,True,6,5.75,21,14,14,14.25,0.6785714285714286,14.25,0.6785714285714286,True,14.25,0.6785714285714286
1541,64,1.4279591586314553,0.014527070702549695,0.01474121741010799,0.25,0.9999999999999999,0.009121580951234852,True,21,33,23,False,-2,-2.25,31,20,31,31,1.0,20.25,0.6532258064516129,True,20.25,0.6532258064516129
1542,64,1.558375362786175,0.030144266104607662,0.03108118563524314,2.0,0.9999999999999999,0.01809258703254405,True,21,37,28,False,-7,-9.0,34,24,34,34,1.0,26.0,0.7647058823529411,True,26.0,0.7647058823529411
1543,64,1.3600933373077009,0.3087591704727688,0.44667380351930636,1.0,1.0,0.17296874105729618,True,21,31,30,False,-9,-10.0,28,25,28,28,1.0,26.0,0.9285714285714286,True,26.0,0.9285714285714286
1544,64,2.2933248241587747,0.005762208239149034,0.005795603714624286,2.0,1.0,0.0032444387899523324,True,21,58,37,False,-16,-18.0,50,27,50,50,1.0,29.0,0.58,True,29.0,0.58
1545,64,1.60724073049169,0.0010864943734221868,0.0010876761274147286,4.0,0.9999999999999999,0.0007422757009658495,True,21,38,20,False,1,-3.0,34,15,34,34,1.0,19.0,0.5588235294117647,True,19.0,0.5588235294117647
1546,64,1.1048513847953194,0.18962711490803244,0.2339998269889201,0.25,0.9999999999999999,0.12507335299697694,True,21,24,22,False,-1,-1.25,23,20,23,23,1.0,20.25,0.8804347826086957,True,20.25,0.8804347826086957
1547,64,1.0150578359495899,0.003828036264870629,0.003842746437590427,2.0,1.0,0.0023903951347154593,True,21,21,13,True,8,6.0,21,12,12,14.0,0.6666666666666666,14.0,0.6666666666666666,True,14.0,0.6666666666666666
1548,64,1.421990085322917,0.08471564777606415,0.09255664381262949,1.0,0.9999999999999999,0.05120904792021454,True,21,33,28,False,-7,-8.0,31,22,31,31,1.0,23.0,0.7419354838709677,True,23.0,0.7419354838709677
1549,64,2.323791595049067,0.06600889709530154,0.07067401058748296,1.0,1.0,0.04151305159123073,True,21,59,48,False,-27,-28.0,51,38,51,51,1.0,39.0,0.7647058823529411,True,39.0,0.7647058823529411
1550,64,2.8365655598376827,0.1588026009347693,0.1887816119156295,1.0,1.0,0.09160537009019461,True,21,73,65,False,-44,-45.0,61,52,61,61,1.0,53.0,0.8688524590163934,True,53.0,0.8688524590163934
1551,64,1.5136648062917413,0.0010456544035431761,0.0010467489411829282,2.0,1.0000000000000002,0.0006238971513961793,True,21,36,18,True,3,1.0,32,14,14,16.0,0.5,16.0,0.5,True,16.0,0.5
1552,64,1.6016577554803777,0.10461109720100588,0.11683314018522076,4.0,1.0,0.06575051326755595,True,21,38,32,False,-11,-15.0,35,27,35,35,1.0,31.0,0.8857142857142857,True,31.0,0.8857142857142857
1553,64,1.0082664576489058,0.05608374114539972,0.05941601346443042,4.0,1.0,0.030165994186657493,True,21,21,17,True,4,0.0,21,16,16,20.0,0.9523809523809523,20.0,0.9523809523809523,True,20.0,0.9523809523809523
1554,64,2.1589331043911706,0.020399051483245986,0.02082383802724248,2.0,1.0,0.011390009382983134,True,21,54,39,False,-18,-20.0,48,32,48,48,1.0,34.0,0.7083333333333334,True,34.0,0.7083333333333334
1555,64,1.1668436087634266,0.002219544755087905,0.002224482092649432,0.25,1.0,0.0011215740370809507,True,21,26,15,True,6,5.75,24,12,12,12.25,0.5104166666666666,12.25,0.5104166666666666,True,12.25,0.5104166666666666
1556,64,1.5482220833490126,0.010419446839302505,0.010529154808088166,0.25,1.0,0.005410163096659476,True,21,37,25,False,-4,-4.25,33,20,33,33,1.0,20.25,0.6136363636363636,True,20.25,0.6136363636363636
1557,64,2.279692641738808,0.003656225638695338,0.0036696426803480772,2.0,1.0,0.0024068186224227893,True,21,58,34,False,-13,-15.0,48,24,48,48,1.0,26.0,0.5416666666666666,True,26.0,0.5416666666666666
1558,64,1.0637564920407478,0.26100194915661595,0.35318354203877345,0.5,0.9999999999999999,0.12093695974788453,True,21,23,21,False,0,-0.5,22,19,22,22,1.0,19.5,0.8863636363636364,True,19.5,0.8863636363636364
1559,64,1.72541372082372,0.04129039217285814,0.04306871636181925,2.0,0.9999999999999998,0.02555609570641567,True,21,42,32,False,-11,-13.0,36,25,36,36,1.0,27.0,0.75,True,27.0,0.75
1560,64,2.84936147184742,0.051546754106061576,0.054348228897121445,0.25,1.0,0.028479496779276723,True,21,74,58,False,-37,-37.25,63,46,63,63,1.0,46.25,0.7341269841269841,True,46.25,0.7341269841269841
1561,64,2.1342715732365143,0.09515265421835975,0.10515879243273174,0.5,1.0,0.05872939948057536,True,21,53,45,False,-24,-24.5,47,36,47,47,1.0,36.5,0.776595744680851,True,36.5,0.776595744680851
1562,64,1.0338101708216427,0.01288991553874404,0.01305823508608879,1.0,1.0000000000000002,0.008116454585474645,True,21,22,15,True,6,5.0,22,14,14,15.0,0.6818181818181818,15.0,0.6818181818181818,True,15.0,0.6818181818181818
1563,64,1.4515347008849637,0.024593581953376614,0.02521367657455896,0.25,1.0,0.015506004469596739,True,21,34,25,False,-4,-4.25,31,21,31,31,1.0,21.25,0.6854838709677419,True,21.25,0.6854838709677419
1564,64,2.1027323507067717,0.15285272463097196,0.1804322920880403,0.5,1.0,0.08932518065537795,True,21,53,46,False,-25,-25.5,43,35,43,43,1.0,35.5,0.8255813953488372,True,35.5,0.8255813953488372
1565,64,2.431270713913578,0.00478049079715923,0.004803453663190694,0.25,1.0000000000000002,0.0026208188550527847,True,21,62,38,False,-17,-17.25,53,26,53,53,1.0,26.25,0.49528301886792453,True,26.25,0.49528301886792453
1566,64,1.4866008344399029,0.002037100284912721,0.00204125853325239,4.0,0.9999999999999999,0.0011114406657494176,True,21,35,20,False,1,-3.0,32,16,32,32,1.0,20.0,0.625,True,20.0,0.625
1567,64,1.287842348666407,0.07865689154001289,0.08537198663317387,2.0,0.9999999999999999,0.045199652305616,True,21,29,24,False,-3,-5.0,27,21,27,27,1.0,23.0,0.8518518518518519,True,23.0,0.8518518518518519
1568,64,1.004395633218769,0.07163634280302204,0.07716409646981949,2.0,1.0,0.03457861769738766,True,21,21,17,True,4,2.0,21,16,16,18.0,0.8571428571428571,18.0,0.8571428571428571,True,18.0,0.8571428571428571
1569,64,2.8061939944853607,0.01802591950005525,0.018356818024033644,0.25,1.0,0.010850270033447568,True,21,72,52,False,-31,-31.25,62,37,62,62,1.0,37.25,0.6008064516129032,True,37.25,0.6008064516129032
1570,64,1.4050542902939696,0.010305144732690941,0.01041244650090416,2.0,1.0,0.0067083359113499766,True,21,33,22,False,-1,-3.0,30,19,30,30,1.0,21.0,0.7,True,21.0,0.7
1571,64,1.6953598610080998,0.004198890862577159,0.004216595888524666,1.0,1.0,0.002545823484493897,True,21,41,25,False,-4,-5.0,36,20,36,36,1.0,21.0,0.5833333333333334,True,21.0,0.5833333333333334
1572,64,1.1523729376612253,0.0015398651788203202,0.0015422400205253102,0.25,1.0,0.0007871229044591428,True,21,25,14,True,7,6.75,24,12,12,12.25,0.5104166666666666,12.25,0.5104166666666666,True,12.25,0.5104166666666666
1573,64,1.1472001741354396,0.022181556081789015,0.022684738889670993,2.0,1.0,0.012229760619525333,True,21,25,19,True,2,0.0,24,16,16,18.0,0.75,18.0,0.75,True,18.0,0.75
1574,64,1.765383174025476,0.01470790963795913,0.014927461391225395,1.0,0.9999999999999999,0.009109517703706674,True,21,43,30,False,-9,-10.0,38,24,38,38,1.0,25.0,0.6578947368421053,True,25.0,0.6578947368421053
1575,64,1.6532271024978484,0.14505011973047624,0.1696592081921212,0.5,1.0,0.08381218846136558,True,21,40,35,False,-14,-14.5,35,28,35,35,1.0,28.5,0.8142857142857143,True,28.5,0.8142857142857143
1576,64,1.145031622821757,0.11216991546139941,0.12634164736565937,4.0,0.9999999999999999,0.05128978375007017,True,21,25,22,False,-1,-5.0,24,19,24,24,1.0,23.0,0.9583333333333334,True,23.0,0.9583333333333334
1577,64,1.4818004762730543,0.01175067601459183,0.011890396208118562,4.0,1.0,0.0069202658335685615,True,21,35,24,False,-3,-7.0,31,20,31,31,1.0,24.0,0.7741935483870968,True,24.0,0.7741935483870968
1578,64,2.832514976317498,0.005130462422674248,0.005156919805955447,4.0,1.0,0.0030912840241498368,True,21,73,46,False,-25,-29.0,64,33,64,64,1.0,37.0,0.578125,True,37.0,0.578125
1579,64,1.1461799347989974,0.12357569755494681,0.14099985270855073,4.0,0.9999999999999999,0.06372437760591226,True,21,25,22,False,-1,-5.0,24,19,24,24,1.0,23.0,0.9583333333333334,True,23.0,0.9583333333333334
1580,64,1.749975370812722,0.010531749630386155,0.010643847972334678,0.5,1.0000000000000002,0.006087633440244975,True,21,43,29,False,-8,-8.5,38,24,38,38,1.0,24.5,0.6447368421052632,True,24.5,0.6447368421052632
1581,64,1.5795694022334774,0.007357927786718899,0.007412468192399928,0.5,1.0,0.00436883778449001,True,21,38,24,False,-3,-3.5,33,20,33,33,1.0,20.5,0.6212121212121212,True,20.5,0.6212121212121212
1582,64,1.0151298490314922,0.011212316090193518,0.011339457673924934,2.0,1.0,0.007224470552791374,True,21,21,15,True,6,4.0,21,14,14,16.0,0.7619047619047619,16.0,0.7619047619047619,True,16.0,0.7619047619047619
1583,64,1.0005608039898695,0.4356515180974619,0.771954797554852,2.0,1.0,0.34878213468135577,True,21,21,21,False,0,-2.0,21,19,21,21,1.0,21.0,1.0,True,21.0,1.0
1584,64,1.6312509640254373,0.01495698508576664,0.015184093343445441,0.25,1.0,0.008979055242970319,True,21,39,27,False,-6,-6.25,35,21,35,35,1.0,21.25,0.6071428571428571,True,21.25,0.6071428571428571
1585,64,1.1161375627322785,0.023596654598477835,0.024166912894767155,2.0,0.9999999999999999,0.01313068140905267,True,21,24,18,True,3,1.0,23,16,16,18.0,0.782608695652174,18.0,0.782608695652174,True,18.0,0.782608695652174
1586,64,1.7691177932653828,0.029602768138133874,0.030505825002546755,1.0,1.0,0.018440795224532514,True,21,43,32,False,-11,-12.0,38,26,38,38,1.0,27.0,0.7105263157894737,True,27.0,0.7105263157894737
1587,64,1.276758300837715,0.07658148710831567,0.08293258802934414,4.0,1.0,0.044670211298459606,True,21,29,24,False,-3,-7.0,27,21,27,27,1.0,25.0,0.9259259259259259,True,25.0,0.9259259259259259
1588,64,1.2624527562093157,0.0015086073719342912,0.0015108867067582642,2.0,0.9999999999999999,0.0007515094759861645,True,21,29,15,True,6,4.0,27,12,12,14.0,0.5185185185185185,14.0,0.5185185185185185,True,14.0,0.5185185185185185
1589,64,1.243027964106905,0.0018860057335788004,0.0018895694724378135,1.0,1.0,0.0011928002671870645,True,21,28,16,True,5,4.0,26,13,13,14.0,0.5384615384615384,14.0,0.5384615384615384,True,14.0,0.5384615384615384
1590,64,2.395701646178987,0.014646950136813974,0.014864672250060695,0.5,1.0,0.008864712152371291,True,21,61,42,False,-21,-21.5,54,35,54,54,1.0,35.5,0.6574074074074074,True,35.5,0.6574074074074074
1591,64,1.5288814406337325,0.005363473116304037,0.00539239508236077,0.25,1.0,0.0028123592363274437,True,21,36,23,False,-2,-2.25,34,18,34,34,1.0,18.25,0.5367647058823529,True,18.25,0.5367647058823529
1592,64,1.0018271296910264,0.036693313696175234,0.03809099865896939,0.25,0.9999999999999999,0.023826693759852226,True,21,21,16,True,5,4.75,21,15,15,15.25,0.7261904761904762,15.25,0.7261904761904762,True,15.25,0.7261904761904762
1593,64,2.408362822829539,0.638994896572596,1.7700439426089558,0.5,1.0,0.4340739633490544,True,21,61,64,False,-43,-43.5,53,50,53,53,1.0,50.5,0.9528301886792453,True,50.5,0.9528301886792453
1594,64,1.5321590717868356,0.0010776319252733936,0.0010787944686336016,1.0,1.0,0.0005440541159500968,True,21,36,19,True,2,1.0,33,15,15,16.0,0.48484848484848486,16.0,0.48484848484848486,True,16.0,0.48484848484848486
1595,64,1.4421929687127377,0.015159358648599089,0.01539270214092442,4.0,0.9999999999999999,0.009707987270025174,True,21,34,24,False,-3,-7.0,30,19,30,30,1.0,23.0,0.7666666666666667,True,23.0,0.7666666666666667
1596,64,1.4702899553389936,0.29645394415252274,0.42137105551024706,4.0,0.9999999999999999,0.17110931696187384,True,21,35,32,False,-11,-15.0,31,27,31,31,1.0,31.0,1.0,True,31.0,1.0
1597,64,1.0349497315001577,0.0643324247492581,0.06875564190841836,4.0,0.9999999999999999,0.03247726343463513,True,21,22,18,False,3,-1.0,22,16,22,22,1.0,20.0,0.9090909090909091,True,20.0,0.9090909090909091
1598,64,1.5959793712152635,0.019289251684261162,0.01966864513047124,4.0,0.9999999999999999,0.01090298114552879,True,21,38,27,False,-6,-10.0,35,22,35,35,1.0,26.0,0.7428571428571429,True,26.0,0.7428571428571429
1599,64,1.077144559149726,0.009978226242301736,0.010078794736431569,2.0,0.9999999999999999,0.0054077632104194895,True,21,23,16,True,5,3.0,22,14,14,16.0,0.7272727272727273,16.0,0.7272727272727273,True,16.0,0.7272727272727273
1600,64,2.5945811905112732,0.0010756166712179856,0.0010767748682173888,0.25,0.9999999999999998,0.0006542327937703826,True,21,67,34,False,-13,-13.25,60,25,60,60,1.0,25.25,0.42083333333333334,True,25.25,0.42083333333333334
1601,64,1.2885028353699577,0.4037476745675973,0.6771423059437113,0.5,1.0,0.2666049969097809,True,21,29,29,False,-8,-8.5,27,24,27,27,1.0,24.5,0.9074074074074074,True,24.5,0.9074074074074074
1602,64,2.074515191845891,0.3076573838462027,0.44437158231764773,4.0,1.0,0.18626884623030934,True,21,52,49,False,-28,-32.0,44,36,44,44,1.0,40.0,0.9090909090909091,True,40.0,0.9090909090909091
1603,64,1.400780405832289,0.11995684383481153,0.13630791057739336,0.5,1.0,0.06565059749321775,True,21,33,28,False,-7,-7.5,29,23,29,29,1.0,23.5,0.8103448275862069,True,23.5,0.8103448275862069
1604,64,2.8519190527933116,0.15706538027477135,0.1863316283366911,2.0,1.0000000000000002,0.11353960038504819,True,21,74,65,False,-44,-46.0,61,51,61,61,1.0,53.0,0.8688524590163934,True,53.0,0.8688524590163934
1605,64,2.495076872758712,0.00116142775432909,0.0011627782372459572,1.0,0.9999999999999999,0.0006671244325222674,True,21,64,33,False,-12,-13.0,57,25,57,57,1.0,26.0,0.45614035087719296,True,26.0,0.45614035087719296
1606,64,1.9183353046124636,0.0240093414397902,0.02459997053169443,2.0,1.0,0.013351972645500922,True,21,47,35,False,-14,-16.0,42,28,42,42,1.0,30.0,0.7142857142857143,True,30.0,0.7142857142857143
1607,64,1.9584578421660896,0.5378995451913141,1.1640316290405077,0.5,1.0,0.30467844694965673,True,21,48,49,False,-28,-28.5,43,41,43,43,1.0,41.5,0.9651162790697675,True,41.5,0.9651162790697675
1608,64,1.724047142934155,0.014726375413243602,0.01494648293200799,0.25,1.0,0.008844248027192284,True,21,42,29,False,-8,-8.25,36,24,36,36,1.0,24.25,0.6736111111111112,True,24.25,0.6736111111111112
1609,64,1.7682904527778418,0.0012125919024080132,0.0012140640666642548,0.25,0.9999999999999999,0.0006241730210463973,True,21,43,22,False,-1,-1.25,38,17,38,38,1.0,17.25,0.45394736842105265,True,17.25,0.45394736842105265
1610,64,1.369107950284444,0.015453333085626943,0.015695886853244443,0.25,1.0,0.00955800931656755,True,21,32,22,False,-1,-1.25,29,19,29,29,1.0,19.25,0.6637931034482759,True,19.25,0.6637931034482759
1611,64,1.2295768278274668,0.23792724883353888,0.3122106760402564,0.5,1.0,0.1491181864741076,True,21,28,25,False,-4,-4.5,25,22,25,25,1.0,22.5,0.9,True,22.5,0.9
1612,64,1.06592045134888,0.007654307106733005,0.0077133474368354755,0.5,0.9999999999999998,0.004604663580637642,True,21,23,15,True,6,5.5,22,14,14,14.5,0.6590909090909091,14.5,0.6590909090909091,True,14.5,0.6590909090909091
1613,64,1.0005525617513855,0.0028555785029686967,0.0028637561835642266,0.5,1.0,0.0017643091200757596,True,21,21,12,True,9,8.5,21,12,12,12.5,0.5952380952380952,12.5,0.5952380952380952,True,12.5,0.5952380952380952
1614,64,2.6385566594676275,0.00579572687059779,0.005829513136525655,0.5,0.9999999999999999,0.0034464331399601754,True,21,68,43,False,-22,-22.5,59,30,59,59,1.0,30.5,0.5169491525423728,True,30.5,0.5169491525423728
1615,64,2.1716614415384656,0.01939314504543539,0.01977667701123092,2.0,1.0,0.012779259151666448,True,21,55,39,False,-18,-20.0,48,31,48,48,1.0,33.0,0.6875,True,33.0,0.6875
1616,64,1.0416063022137838,0.0010123064942914666,0.0010133322971567537,1.0,1.0,0.0005506996149393159,True,21,22,11,True,10,9.0,22,10,10,11.0,0.5,11.0,0.5,True,11.0,0.5
1617,64,2.503747159350582,0.42129507108247044,0.7279963415388649,1.0,0.9999999999999998,0.25249501992927653,True,21,64,62,False,-41,-42.0,54,48,54,54,1.0,49.0,0.9074074074074074,True,49.0,0.9074074074074074
1618,64,1.463341140968339,0.5391493524249438,1.169900390206429,0.5,1.0,0.5669549912983093,True,21,34,35,False,-14,-14.5,31,30,31,31,1.0,30.5,0.9838709677419355,True,30.5,0.9838709677419355
1619,64,1.3317907696126006,0.43805779384326626,0.779542431666159,0.5,1.0,0.296342301790155,True,21,31,30,False,-9,-9.5,28,26,28,28,1.0,26.5,0.9464285714285714,True,26.5,0.9464285714285714
1620,64,1.0371502615998371,0.02610971935644912,0.02680971345067301,0.5,1.0,0.015173193964464858,True,21,22,16,True,5,4.5,22,15,15,15.5,0.7045454545454546,15.5,0.7045454545454546,True,15.5,0.7045454545454546
1621,64,1.945629612877989,0.3911612914192788,0.6424711272565512,1.0,1.0,0.28675482996946583,True,21,48,47,False,-26,-27.0,43,40,43,43,1.0,41.0,0.9534883720930233,True,41.0,0.9534883720930233
1622,64,1.1952048642900328,0.07923580885128483,0.08605439874071648,0.25,1.0,0.05218518046437218,True,21,27,22,False,-1,-1.25,25,19,25,25,1.0,19.25,0.77,True,19.25,0.77
1623,64,1.7235203106589692,0.0017944795575290044,0.0017977055033051427,2.0,1.0000000000000002,0.0011111468088174806,True,21,42,23,False,-2,-4.0,38,18,38,38,1.0,20.0,0.5263157894736842,True,20.0,0.5263157894736842
1624,64,1.6968211474568609,0.029545508514702664,0.030445022176653284,0.25,1.0,0.01866702396296907,True,21,41,31,False,-10,-10.25,36,24,36,36,1.0,24.25,0.6736111111111112,True,24.25,0.6736111111111112
1625,64,1.3463561157871164,0.029085710003503188,0.02995703153530487,1.0,1.0,0.01732662687709737,True,21,31,23,False,-2,-3.0,28,19,28,28,1.0,20.0,0.7142857142857143,True,20.0,0.7142857142857143
1626,64,2.0920722475700604,0.03291904284005384,0.034039593682754464,0.25,1.0,0.01874693805119596,True,21,52,40,False,-19,-19.25,45,31,45,45,1.0,31.25,0.6944444444444444,True,31.25,0.6944444444444444
1627,64,2.6759314006421477,0.002307874552161021,0.002313213157941959,0.25,0.9999999999999999,0.001358457077739015,True,21,69,39,False,-18,-18.25,60,29,60,60,1.0,29.25,0.4875,True,29.25,0.4875
1628,64,1.4580124565714556,0.002754773771762342,0.00276238351341264,1.0,0.9999999999999999,0.0018100665651151814,True,21,34,20,True,1,0.0,31,16,16,17.0,0.5483870967741935,17.0,0.5483870967741935,True,17.0,0.5483870967741935
1629,64,2.5139915377308513,0.007622716261875395,0.0076812683913539985,0.25,1.0,0.003946658249488483,True,21,64,42,False,-21,-21.25,57,30,57,57,1.0,30.25,0.5307017543859649,True,30.25,0.5307017543859649
1630,64,2.3383241680635085,0.008955973711505099,0.009036908022185078,0.5,0.9999999999999999,0.005209063508427214,True,21,59,39,False,-18,-18.5,53,31,53,53,1.0,31.5,0.5943396226415094,True,31.5,0.5943396226415094
1631,64,1.7839337902515497,0.0018387019133971581,0.0018420889659034126,2.0,0.9999999999999999,0.0010772055257752054,True,21,44,24,False,-3,-5.0,39,19,39,39,1.0,21.0,0.5384615384615384,True,21.0,0.5384615384615384
1632,64,2.961444262717623,0.594208160549699,1.4643176692627262,0.25,1.0000000000000002,0.5565426185025584,True,21,77,79,False,-58,-58.25,65,61,65,65,1.0,61.25,0.9423076923076923,True,61.25,0.9423076923076923
1633,64,2.188741210000464,0.004177471325415936,0.0041949958000810144,0.25,1.0,0.0021015364934512037,True,21,55,33,False,-12,-12.25,49,26,49,49,1.0,26.25,0.5357142857142857,True,26.25,0.5357142857142857
1634,64,1.8901865751436564,0.12256205002744375,0.13968172909694315,0.5,1.0,0.06585727138262291,True,21,47,40,False,-19,-19.5,40,32,40,40,1.0,32.5,0.8125,True,32.5,0.8125
1635,64,1.9684725323198893,0.009384594003453917,0.009473498944843423,1.0,1.0,0.005214884771631357,True,21,49,32,False,-11,-12.0,44,26,44,44,1.0,27.0,0.6136363636363636,True,27.0,0.6136363636363636
1636,64,1.1295541324147178,0.32175401046858965,0.47439132030973674,4.0,1.0,0.19041693810945118,True,21,25,23,False,-2,-6.0,23,20,23,23,1.0,24.0,1.0434782608695652,True,24.0,1.0434782608695652
1637,64,2.4661348526219604,0.5811567909384923,1.3875282644325948,1.0,0.9999999999999999,0.3815953573376313,True,21,63,64,False,-43,-44.0,55,49,55,55,1.0,50.0,0.9090909090909091,True,50.0,0.9090909090909091
1638,64,1.7328908369628249,0.196615597650578,0.24473414852914024,4.0,1.0,0.11342370811058279,True,21,42,38,False,-17,-21.0,37,31,37,37,1.0,35.0,0.9459459459459459,True,35.0,0.9459459459459459
1639,64,1.0347471274670437,0.005375634102815623,0.005404687726473121,0.25,0.9999999999999999,0.002832469257810774,True,21,22,14,True,7,6.75,22,13,13,13.25,0.6022727272727273,13.25,0.6022727272727273,True,13.25,0.6022727272727273
1640,64,2.316408058494121,0.18193166985450945,0.22239177725185078,0.5,1.0,0.12231377836637801,True,21,59,52,False,-31,-31.5,52,44,52,52,1.0,44.5,0.8557692307692307,True,44.5,0.8557692307692307
1641,64,1.2289559203849152,0.0926782515074994,0.10214485838290852,0.25,0.9999999999999999,0.04632591392304406,True,21,28,23,False,-2,-2.25,26,20,26,26,1.0,20.25,0.7788461538461539,True,20.25,0.7788461538461539
1642,64,1.1679150370100504,0.028540319705421733,0.02937880005145183,0.5,1.0,0.018201516927188844,True,21,26,19,True,2,1.5,24,17,17,17.5,0.7291666666666666,17.5,0.7291666666666666,True,17.5,0.7291666666666666
1643,64,1.7009275641514103,0.001081714949134862,0.0010828863234591615,2.0,0.9999999999999999,0.0006590661212336976,True,21,41,21,False,0,-2.0,37,16,37,37,1.0,18.0,0.4864864864864865,True,18.0,0.4864864864864865
1644,64,1.7406928864341087,0.4671588350928323,0.8767318778274598,0.5,1.0,0.3764548292290676,True,21,42,42,False,-21,-21.5,38,34,38,38,1.0,34.5,0.9078947368421053,True,34.5,0.9078947368421053
1645,64,2.542115819773056,0.011622598529304242,0.01175927182471992,2.0,1.0,0.007232471960124802,True,21,65,44,False,-23,-25.0,55,33,55,55,1.0,35.0,0.6363636363636364,True,35.0,0.6363636363636364
1646,64,2.0929799729616447,0.10173593664007417,0.1132583844660716,0.5,1.0,0.06973023415482155,True,21,52,44,False,-23,-23.5,46,35,46,46,1.0,35.5,0.7717391304347826,True,35.5,0.7717391304347826
1647,64,1.6184831166289384,0.0010580384250218477,0.001059159056001307,2.0,1.0,0.0007431632828762396,True,21,39,20,False,1,-1.0,35,16,35,35,1.0,18.0,0.5142857142857142,True,18.0,0.5142857142857142
1648,64,1.4311586133556957,0.024483291931107064,0.0250977679096584,2.0,1.0,0.012842120886176839,True,21,33,25,False,-4,-6.0,30,20,30,30,1.0,22.0,0.7333333333333333,True,22.0,0.7333333333333333
1649,64,2.7493011675572046,0.7001294475261407,2.33477226006436,2.0,1.0000000000000002,0.8260244235632395,True,21,71,75,False,-54,-56.0,62,62,62,62,1.0,64.0,1.032258064516129,True,64.0,1.032258064516129
1650,64,2.7775988060533807,0.743435123610408,2.8976496474190285,2.0,1.0,0.7994803971004873,True,21,72,77,False,-56,-58.0,62,58,62,62,1.0,60.0,0.967741935483871,True,60.0,0.967741935483871
1651,64,2.2290972671412743,0.0024603570004732935,0.0024664252871947874,4.0,1.0,0.0011165560930006936,True,21,56,32,False,-11,-15.0,49,24,49,49,1.0,28.0,0.5714285714285714,True,28.0,0.5714285714285714
1652,64,2.128636819840368,0.08974602643000539,0.09859449014874781,1.0,1.0,0.05088540156114897,True,21,53,44,False,-23,-24.0,45,35,45,45,1.0,36.0,0.8,True,36.0,0.8
1653,64,1.3050711106654542,0.6180221038731175,1.6179525311271614,2.0,1.0,0.3692341729158329,True,21,30,31,False,-10,-12.0,27,24,27,27,1.0,26.0,0.9629629629629629,True,26.0,0.9629629629629629
1654,64,1.8887441403884817,0.24115021052278807,0.31778385375704155,2.0,0.9999999999999999,0.1557143033483794,True,21,46,43,False,-22,-24.0,40,34,40,40,1.0,36.0,0.9,True,36.0,0.9
1655,64,1.0344270975561136,0.0010024790549639975,0.0010034850276862228,0.25,0.9999999999999999,0.0006546212936949363,True,21,22,11,True,10,9.75,22,10,10,10.25,0.4659090909090909,10.25,0.4659090909090909,True,10.25,0.4659090909090909
1656,64,2.883032454267571,0.3776269075236078,0.6067532675955651,0.5,0.9999999999999999,0.21779604252823098,True,21,75,72,False,-51,-51.5,63,56,63,63,1.0,56.5,0.8968253968253969,True,56.5,0.8968253968253969
1657,64,1.0979691136086263,0.19005020560011823,0.23464442724000273,0.5,1.0,0.11215521845538429,True,21,24,21,False,0,-0.5,23,19,23,23,1.0,19.5,0.8478260869565217,True,19.5,0.8478260869565217
1658,64,1.9265563209826677,0.008509547536151636,0.008582581420734266,4.0,0.9999999999999999,0.004304531342506795,True,21,48,31,False,-10,-14.0,43,25,43,43,1.0,29.0,0.6744186046511628,True,29.0,0.6744186046511628
1659,64,1.2299568139869417,0.5621112573554199,1.283685106770756,0.25,1.0,0.4581975782216931,True,21,28,28,False,-7,-7.25,25,23,25,25,1.0,23.25,0.93,True,23.25,0.93
1660,64,2.3909127250254802,0.030356036136831997,0.0313063735434295,4.0,1.0,0.01783933378966852,True,21,61,46,False,-25,-29.0,52,34,52,52,1.0,38.0,0.7307692307692307,True,38.0,0.7307692307692307
1661,64,2.275867585394162,0.12484277069751837,0.14265181903030227,2.0,1.0,0.07353371412412549,True,21,57,49,False,-28,-30.0,49,38,49,49,1.0,40.0,0.8163265306122449,True,40.0,0.8163265306122449
1662,64,2.0912123906199334,0.27869424796146375,0.38637463679420975,0.25,0.9999999999999999,0.16723534085136343,True,21,52,49,False,-28,-28.25,46,40,46,46,1.0,40.25,0.875,True,40.25,0.875
1663,64,2.232870435837169,0.06877535826684224,0.07385474480018088,2.0,0.9999999999999999,0.04194656936884468,True,21,56,46,False,-25,-27.0,48,37,48,48,1.0,39.0,0.8125,True,39.0,0.8125
1664,64,1.1857216601079752,0.017332774603029556,0.01763849872577931,2.0,1.0000000000000002,0.010301293587925888,True,21,26,19,True,2,0.0,25,17,17,19.0,0.76,19.0,0.76,True,19.0,0.76
1665,64,1.5480556357891715,0.14380974574005245,0.16796470763890572,4.0,1.0,0.10032774966950336,True,21,37,32,False,-11,-15.0,33,27,33,33,1.0,31.0,0.9393939393939394,True,31.0,0.9393939393939394
1666,64,2.088998069776464,0.009791591339273003,0.00988841465456377,0.25,0.9999999999999999,0.005262960987691852,True,21,52,35,False,-14,-14.25,46,26,46,46,1.0,26.25,0.5706521739130435,True,26.25,0.5706521739130435
1667,64,1.7959609822895828,0.002841012469350008,0.002849106817344594,0.5,0.9999999999999999,0.0016791030406408747,True,21,44,25,False,-4,-4.5,38,20,38,38,1.0,20.5,0.5394736842105263,True,20.5,0.5394736842105263
1668,64,1.0498551734102182,0.08755974726820497,0.0959621706802785,0.25,1.0,0.047881093264635445,True,21,22,19,True,2,1.75,22,17,17,17.25,0.7840909090909091,17.25,0.7840909090909091,True,17.25,0.7840909090909091
1669,64,2.0525508353950537,0.01358378861328042,0.013770848913952981,0.5,1.0,0.008973499420085395,True,21,51,35,False,-14,-14.5,46,29,46,46,1.0,29.5,0.6413043478260869,True,29.5,0.6413043478260869
1670,64,2.6973933436158464,0.33717736448637126,0.5086992302625403,4.0,1.0,0.2091410336186983,True,21,69,66,False,-45,-49.0,60,52,60,60,1.0,56.0,0.9333333333333333,True,56.0,0.9333333333333333
1671,64,1.595657339492272,0.5931124333752569,1.4576813892233327,4.0,0.9999999999999999,0.47162126059078247,True,21,38,39,False,-18,-22.0,34,33,34,34,1.0,37.0,1.088235294117647,True,37.0,1.088235294117647
1672,64,1.507295357662653,0.13264229472879502,0.15292686503236919,1.0,1.0,0.08420355035158418,True,21,36,31,False,-10,-11.0,32,26,32,32,1.0,27.0,0.84375,True,27.0,0.84375
1673,64,1.7150413924984897,0.05020298315154595,0.05285653909308513,1.0,1.0000000000000002,0.027872251465981938,True,21,42,33,False,-12,-13.0,36,26,36,36,1.0,27.0,0.75,True,27.0,0.75
1674,64,2.593779604223948,0.0010496845958829456,0.001050787591431216,1.0,1.0000000000000002,0.0006332655442862103,True,21,66,34,False,-13,-14.0,58,24,58,58,1.0,25.0,0.43103448275862066,True,25.0,0.43103448275862066
1675,64,1.0797548442924314,0.018427053883196307,0.018772984683507722,2.0,0.9999999999999999,0.010713957326051782,True,21,23,17,True,4,2.0,22,15,15,17.0,0.7727272727272727,17.0,0.7727272727272727,True,17.0,0.7727272727272727
1676,64,2.678654769452208,0.0065707560660593885,0.0066142164690456,0.5,1.0,0.0033297020720942476,True,21,69,44,False,-23,-23.5,60,32,60,60,1.0,32.5,0.5416666666666666,True,32.5,0.5416666666666666
1677,64,1.2537579139633839,0.001223738117089097,0.0012252374869043082,4.0,1.0,0.0007027750043929745,True,21,28,15,True,6,2.0,26,12,12,16.0,0.6153846153846154,16.0,0.6153846153846154,True,16.0,0.6153846153846154
1678,64,2.488296918439937,0.0087182167824543,0.008794892562391625,0.25,1.0,0.005095711273412553,True,21,63,42,False,-21,-21.25,54,30,54,54,1.0,30.25,0.5601851851851852,True,30.25,0.5601851851851852
1679,64,2.1875433774621977,0.027342731762970782,0.028111373508296823,4.0,1.0,0.016996427021143647,True,21,55,41,False,-20,-24.0,46,30,46,46,1.0,34.0,0.7391304347826086,True,34.0,0.7391304347826086
1680,64,2.603196094056376,0.40194545554551375,0.6720882890575594,0.25,1.0,0.2788837102751149,True,21,67,65,False,-44,-44.25,57,53,57,57,1.0,53.25,0.9342105263157895,True,53.25,0.9342105263157895
1681,64,2.5586592127665537,0.44237385086157044,0.7933161878169956,2.0,0.9999999999999999,0.18860765036936689,True,21,65,64,False,-43,-45.0,55,47,55,55,1.0,49.0,0.8909090909090909,True,49.0,0.8909090909090909
1682,64,1.4369126378125436,0.4372527669756304,0.7769967426151615,0.25,1.0,0.30402352641477204,True,21,34,33,False,-12,-12.25,30,27,30,30,1.0,27.25,0.9083333333333333,True,27.25,0.9083333333333333
1683,64,2.4094932840677625,0.003441886912876236,0.0034537744138312286,1.0,1.0,0.002042934350940802,True,21,61,36,False,-15,-16.0,53,28,53,53,1.0,29.0,0.5471698113207547,True,29.0,0.5471698113207547
1684,64,1.7696044578244414,0.00685416698280863,0.006901470816209913,4.0,1.0,0.004024349216115582,True,21,43,28,False,-7,-11.0,39,22,39,39,1.0,26.0,0.6666666666666666,True,26.0,0.6666666666666666
1685,64,1.1057093205568762,0.012056797141824178,0.012203937541088576,0.25,1.0,0.007721974392794137,True,21,24,17,True,4,3.75,23,15,15,15.25,0.6630434782608695,15.25,0.6630434782608695,True,15.25,0.6630434782608695
1686,64,2.7582888316546725,0.006875125236360892,0.006922719801975711,1.0,1.0,0.004062890500983966,True,21,71,46,False,-25,-26.0,57,33,57,57,1.0,34.0,0.5964912280701754,True,34.0,0.5964912280701754
1687,64,2.546342482659673,0.2126209198714781,0.2700362826972397,4.0,0.9999999999999999,0.136061461409454,True,21,65,59,False,-38,-42.0,55,47,55,55,1.0,51.0,0.9272727272727272,True,51.0,0.9272727272727272
1688,64,2.7547202009432694,0.005338857223117834,0.005367513611935097,0.5,1.0,0.003655322630569167,True,21,71,44,False,-23,-23.5,61,32,61,61,1.0,32.5,0.5327868852459017,True,32.5,0.5327868852459017
1689,64,2.20899028242771,0.0021566807742636127,0.0021613420992155972,4.0,0.9999999999999999,0.00139260474285469,True,21,56,31,False,-10,-14.0,48,23,48,48,1.0,27.0,0.5625,True,27.0,0.5625
1690,64,2.315924987109805,0.22029625372536218,0.28253840612914854,0.5,1.0,0.13452300704706355,True,21,59,53,False,-32,-32.5,50,41,50,50,1.0,41.5,0.83,True,41.5,0.83
1691,64,1.1021494557648917,0.08606285282195006,0.09416714605340755,0.25,1.0,0.0511721907986902,True,21,24,20,True,1,0.75,23,18,18,18.25,0.7934782608695652,18.25,0.7934782608695652,True,18.25,0.7934782608695652
1692,64,2.4177479088887757,0.08834194833815746,0.09690250437334565,0.5,0.9999999999999998,0.05236668012464336,True,21,61,51,False,-30,-30.5,55,43,55,55,1.0,43.5,0.7909090909090909,True,43.5,0.7909090909090909
1693,64,1.3761679424218796,0.009366334342399817,0.009454892022251514,4.0,0.9999999999999999,0.0052659429253171346,True,21,32,21,False,0,-4.0,29,17,29,29,1.0,21.0,0.7241379310344828,True,21.0,0.7241379310344828
1694,64,1.1174127440839436,0.053931740953755886,0.05700618368501853,2.0,1.0,0.031251242807708246,True,21,24,19,True,2,0.0,23,18,18,20.0,0.8695652173913043,20.0,0.8695652173913043,True,20.0,0.8695652173913043
1695,64,1.7132563169400428,0.00936896892133132,0.009457576663159571,0.25,0.9999999999999998,0.005638096049540338,True,21,42,28,False,-7,-7.25,38,23,38,38,1.0,23.25,0.6118421052631579,True,23.25,0.6118421052631579
1696,64,2.6886049773107166,0.00863917967183553,0.008714465505077911,2.0,1.0000000000000002,0.00540585800398203,True,21,69,46,False,-25,-27.0,57,34,57,57,1.0,36.0,0.631578947368421,True,36.0,0.631578947368421
1697,64,2.747266086451859,0.07906546591748359,0.08585351400276545,1.0,1.0,0.0527520845425568,True,21,71,58,False,-37,-38.0,59,45,59,59,1.0,46.0,0.7796610169491526,True,46.0,0.7796610169491526
1698,64,1.897948385677961,0.10176654568056784,0.11329632089652425,0.25,1.0,0.055060891785350514,True,21,47,39,False,-18,-18.25,40,31,40,40,1.0,31.25,0.78125,True,31.25,0.78125
1699,64,1.1161552801253285,0.2372696409950964,0.3110793194395072,4.0,0.9999999999999999,0.16087710602452066,True,21,24,22,False,-1,-5.0,23,20,23,23,1.0,24.0,1.0434782608695652,True,24.0,1.0434782608695652
1700,64,2.0051101390490915,0.006072113632619786,0.006109209446584924,2.0,0.9999999999999999,0.00392868448421106,True,21,50,32,False,-11,-13.0,44,25,44,44,1.0,27.0,0.6136363636363636,True,27.0,0.6136363636363636
1701,64,1.662821335859346,0.6813955261618609,2.1386878782751526,0.5,1.0,0.5804192313752875,True,21,40,42,False,-21,-21.5,36,35,36,36,1.0,35.5,0.9861111111111112,True,35.5,0.9861111111111112
1702,64,2.5035627702828025,0.002794554233622883,0.002802385652311795,0.5,1.0,0.0014492557497012492,True,21,64,37,False,-16,-16.5,57,29,57,57,1.0,29.5,0.5175438596491229,True,29.5,0.5175438596491229
1703,64,1.1853615804792565,0.10698290218618395,0.11979938844181981,1.0,1.0,0.066218933518943,True,21,26,22,False,-1,-2.0,25,20,25,25,1.0,21.0,0.84,True,21.0,0.84
1704,64,1.4159242871323738,0.008748293643219704,0.008825501723848673,2.0,1.0,0.005210281636338696,True,21,33,22,False,-1,-3.0,30,18,30,30,1.0,20.0,0.6666666666666666,True,20.0,0.6666666666666666
1705,64,2.0097931841032826,0.0837902984720327,0.09145318842650893,4.0,1.0000000000000002,0.04777604949431506,True,21,50,41,False,-20,-24.0,43,34,43,43,1.0,38.0,0.8837209302325582,True,38.0,0.8837209302325582
1706,64,1.6511913603041126,0.0023046877876850367,0.0023100116433087806,0.5,1.0,0.0015114513010796176,True,21,40,22,False,-1,-1.5,35,18,35,35,1.0,18.5,0.5285714285714286,True,18.5,0.5285714285714286
1707,64,2.976036036870549,0.19295622638364296,0.239090161762859,1.0,1.0000000000000002,0.10324139203127906,True,21,77,69,False,-48,-49.0,67,54,67,67,1.0,55.0,0.8208955223880597,True,55.0,0.8208955223880597
1708,64,2.1178345842595423,0.2324280020186506,0.3028093815693081,2.0,0.9999999999999999,0.1557105483147401,True,21,53,48,False,-27,-29.0,46,40,46,46,1.0,42.0,0.9130434782608695,True,42.0,0.9130434782608695
1709,64,1.5593433665556486,0.14481060318909647,0.1693316167495894,4.0,0.9999999999999999,0.07182628296624728,True,21,37,32,False,-11,-15.0,33,26,33,33,1.0,30.0,0.9090909090909091,True,30.0,0.9090909090909091
1710,64,1.2467307739155369,0.00116657541093018,0.0011679378985641384,0.5,1.0,0.0006478011521492781,True,21,28,15,True,6,5.5,27,13,13,13.5,0.5,13.5,0.5,True,13.5,0.5
1711,64,1.452929105768253,0.1390353143058268,0.16148782478078794,0.5,1.0,0.08680771953149319,True,21,34,30,False,-9,-9.5,30,24,30,30,1.0,24.5,0.8166666666666667,True,24.5,0.8166666666666667
1712,64,2.6573990112708548,0.021855203899216632,0.022343526220595232,2.0,1.0,0.014667764849039311,True,21,68,50,False,-29,-31.0,59,40,59,59,1.0,42.0,0.711864406779661,True,42.0,0.711864406779661
1713,64,2.963229360400648,0.6734590301961226,2.0624028605066203,1.0,1.0,0.5736544235834461,True,21,77,81,False,-60,-61.0,64,59,64,64,1.0,60.0,0.9375,True,60.0,0.9375
1714,64,1.5672740210166074,0.0012921373085079606,0.0012938090875000059,0.25,1.0,0.0006589548532683028,True,21,37,20,True,1,0.75,34,15,15,15.25,0.4485294117647059,15.25,0.4485294117647059,True,15.25,0.4485294117647059
1715,64,2.036655296304968,0.0914363170696844,0.10063831384365086,0.5,1.0,0.05055067076244657,True,21,51,42,False,-21,-21.5,45,34,45,45,1.0,34.5,0.7666666666666667,True,34.5,0.7666666666666667
1716,64,1.598085794380296,0.02643781644169382,0.027155755316075784,2.0,1.0,0.014080966121620079,True,21,38,28,False,-7,-9.0,35,24,35,35,1.0,26.0,0.7428571428571429,True,26.0,0.7428571428571429
1717,64,1.06983649216371,0.04506320181220836,0.04718972176768763,2.0,1.0,0.027426376564876058,True,21,23,18,True,3,1.0,22,16,16,18.0,0.8181818181818182,18.0,0.8181818181818182,True,18.0,0.8181818181818182
1718,64,1.9581594692457571,0.18888097554598174,0.23286468428369264,0.25,0.9999999999999999,0.08635465301678805,True,21,48,43,False,-22,-22.25,45,37,45,45,1.0,37.25,0.8277777777777777,True,37.25,0.8277777777777777
1719,64,1.1125124497788723,0.0051740161304260224,0.005200925804431299,2.0,1.0,0.0033688028393005706,True,21,24,15,True,6,4.0,23,13,13,15.0,0.6521739130434783,15.0,0.6521739130434783,True,15.0,0.6521739130434783
1720,64,1.9655056850615136,0.2559887726351475,0.3440657388219953,4.0,1.0,0.13169799909180965,True,21,49,45,False,-24,-28.0,44,38,44,44,1.0,42.0,0.9545454545454546,True,42.0,0.9545454545454546
1721,64,1.5961478147157546,0.0010154911587238464,0.0010165234292789148,1.0,0.9999999999999999,0.0005935570459337543,True,21,38,19,True,2,1.0,34,15,15,16.0,0.47058823529411764,16.0,0.47058823529411764,True,16.0,0.47058823529411764
1722,64,1.071066338417321,0.1599461690637151,0.19039990435547033,0.5,1.0,0.08699073683529336,True,21,23,20,True,1,0.5,22,19,19,19.5,0.8863636363636364,19.5,0.8863636363636364,True,19.5,0.8863636363636364
1723,64,2.121538857719979,0.06320774021452522,0.0674725261169427,1.0,0.9999999999999999,0.03633832732907983,True,21,53,43,False,-22,-23.0,46,34,46,46,1.0,35.0,0.7608695652173914,True,35.0,0.7608695652173914
1724,64,1.3589739272360215,0.41864756488149235,0.7201269653169197,1.0,1.0,0.35841953347438565,True,21,31,31,False,-10,-11.0,29,27,29,29,1.0,28.0,0.9655172413793104,True,28.0,0.9655172413793104
1725,64,1.1748275597681264,0.19034470243827337,0.23509350585551111,0.5,1.0,0.11982832524349266,True,21,26,23,False,-2,-2.5,24,20,24,24,1.0,20.5,0.8541666666666666,True,20.5,0.8541666666666666
1726,64,2.5777081865823255,0.0033591012219983344,0.003370422813389442,0.25,0.9999999999999999,0.0019271443254037053,True,21,66,39,False,-18,-18.25,60,31,60,60,1.0,31.25,0.5208333333333334,True,31.25,0.5208333333333334
1727,64,1.998293370428761,0.5676924008368608,1.3131677581791286,0.25,0.9999999999999999,0.49924614171602055,True,21,50,51,False,-30,-30.25,44,41,44,44,1.0,41.25,0.9375,True,41.25,0.9375
1728,64,2.8979512406080894,0.18554468289873116,0.2278144411397595,2.0,0.9999999999999999,0.11080619119427382,True,21,75,67,False,-46,-48.0,62,51,62,62,1.0,53.0,0.8548387096774194,True,53.0,0.8548387096774194
1729,64,1.4098147017101192,0.045612600792571935,0.047792542976207525,2.0,1.0,0.02707504762572021,True,21,33,26,False,-5,-7.0,29,22,29,29,1.0,24.0,0.8275862068965517,True,24.0,0.8275862068965517
1730,64,1.3409738200467074,0.017059902125017085,0.017355993678453925,2.0,0.9999999999999999,0.007968120781171997,True,21,31,22,False,-1,-3.0,28,18,28,28,1.0,20.0,0.7142857142857143,True,20.0,0.7142857142857143
1731,64,2.14798229586073,0.0013240005971087248,0.0013257558987102374,2.0,1.0,0.0007605852663958682,True,21,54,28,False,-7,-9.0,47,20,47,47,1.0,22.0,0.46808510638297873,True,22.0,0.46808510638297873
1732,64,1.1493721826451562,0.004892651824037787,0.004916707562260541,2.0,1.0,0.0031571254244717353,True,21,25,16,True,5,3.0,24,14,14,16.0,0.6666666666666666,16.0,0.6666666666666666,True,16.0,0.6666666666666666
1733,64,1.9440905257512304,0.008079848640606681,0.008145664375840656,0.25,1.0,0.004485972296324142,True,21,48,32,False,-11,-11.25,41,24,41,41,1.0,24.25,0.5914634146341463,True,24.25,0.5914634146341463
1734,64,1.0529767860679156,0.009892507611167764,0.009991347088284436,2.0,0.9999999999999999,0.006419686416686025,True,21,23,15,True,6,4.0,22,14,14,16.0,0.7272727272727273,16.0,0.7272727272727273,True,16.0,0.7272727272727273
1735,64,1.7386898047596302,0.05991419066242094,0.06373268276928763,1.0,1.0,0.03528245868501837,True,21,42,34,False,-13,-14.0,37,27,37,37,1.0,28.0,0.7567567567567568,True,28.0,0.7567567567567568
1736,64,1.8409854522511442,0.005370938415534504,0.005399941166989916,4.0,1.0,0.0033659495582569763,True,21,45,28,False,-7,-11.0,39,21,39,39,1.0,25.0,0.6410256410256411,True,25.0,0.6410256410256411
1737,64,1.0634821067236384,0.5134744977741224,1.0553907152347652,4.0,0.9999999999999999,0.36415897391687757,True,21,23,23,False,-2,-6.0,22,20,22,22,1.0,24.0,1.0909090909090908,True,24.0,1.0909090909090908
1738,64,2.169993749061053,0.27890607927718974,0.38678190352460584,0.25,0.9999999999999999,0.23439870051900494,True,21,54,51,False,-30,-30.25,47,40,47,47,1.0,40.25,0.8563829787234043,True,40.25,0.8563829787234043
1739,64,1.750252835024136,0.007726631140090712,0.007786796847091006,4.0,1.0,0.005116286647187055,True,21,43,28,False,-7,-11.0,37,21,37,37,1.0,25.0,0.6756756756756757,True,25.0,0.6756756756756757
1740,64,2.073041255027347,0.03517996923091995,0.036462726839198385,4.0,0.9999999999999999,0.02124649429171942,True,21,52,39,False,-18,-22.0,47,34,47,47,1.0,38.0,0.8085106382978723,True,38.0,0.8085106382978723
1741,64,1.0115201382313124,0.05558697143757929,0.058858751156994744,2.0,0.9999999999999998,0.0335636461186638,True,21,21,17,True,4,2.0,21,16,16,18.0,0.8571428571428571,18.0,0.8571428571428571,True,18.0,0.8571428571428571
1742,64,2.181303346319208,0.2905744748112258,0.40959123191106706,2.0,0.9999999999999999,0.19506486179482554,True,21,55,51,False,-30,-32.0,49,44,49,49,1.0,46.0,0.9387755102040817,True,46.0,0.9387755102040817
1743,64,1.0897098066602902,0.019349565336592045,0.019731358547996222,0.5,0.9999999999999999,0.01195164108572466,True,21,24,17,True,4,3.5,23,16,16,16.5,0.717391304347826,16.5,0.717391304347826,True,16.5,0.717391304347826
1744,64,2.743984373209448,0.0438225451884499,0.04583097516881606,4.0,1.0,0.02397790706641516,True,21,71,55,False,-34,-38.0,56,39,56,56,1.0,43.0,0.7678571428571429,True,43.0,0.7678571428571429
1745,64,2.901884595680757,0.15754232916968694,0.18700325799682693,1.0,1.0,0.08796279451053081,True,21,75,66,False,-45,-46.0,67,51,67,67,1.0,52.0,0.7761194029850746,True,52.0,0.7761194029850746
1746,64,2.330059146918291,0.055347201552248336,0.058589993744997695,2.0,1.0,0.028239561215067033,True,21,59,47,False,-26,-28.0,50,36,50,50,1.0,38.0,0.76,True,38.0,0.76
1747,64,1.9055981835752456,0.19491369427683122,0.24210285641580997,4.0,1.0,0.10734444414419746,True,21,47,42,False,-21,-25.0,41,34,41,41,1.0,38.0,0.926829268292683,True,38.0,0.926829268292683
1748,64,1.1634659415537794,0.0032515505180877244,0.003262157588283993,0.5,0.9999999999999999,0.0019558431198227902,True,21,26,15,True,6,5.5,24,13,13,13.5,0.5625,13.5,0.5625,True,13.5,0.5625
1749,64,1.4405141591628712,0.25603168163213114,0.34414325894121145,4.0,1.0,0.14505448182076944,True,21,34,31,False,-10,-14.0,29,25,29,29,1.0,29.0,1.0,True,29.0,1.0
1750,64,2.3568134730100097,0.0027601631983937077,0.0027678027857834385,4.0,0.9999999999999999,0.0014383580558749438,True,21,60,35,False,-14,-18.0,51,25,51,51,1.0,29.0,0.5686274509803921,True,29.0,0.5686274509803921
1751,64,1.8172327093326246,0.5440579210163138,1.1932610436594082,4.0,0.9999999999999999,0.3908897911739282,True,21,44,45,False,-24,-28.0,40,37,40,40,1.0,41.0,1.025,True,41.0,1.025
1752,64,1.097635998649767,0.007300741559232941,0.00735443438398475,0.25,1.0,0.004481167814913645,True,21,24,16,True,5,4.75,23,14,14,14.25,0.6195652173913043,14.25,0.6195652173913043,True,14.25,0.6195652173913043
1753,64,1.843374849068534,0.11299305133064051,0.12738688406009294,0.25,1.0,0.0579171514407011,True,21,45,39,False,-18,-18.25,40,32,40,40,1.0,32.25,0.80625,True,32.25,0.80625
1754,64,1.8320108302800782,0.045542219448754334,0.047715279163475934,2.0,0.9999999999999999,0.027868691992934576,True,21,45,35,False,-14,-16.0,40,29,40,40,1.0,31.0,0.775,True,31.0,0.775
1755,64,2.2538468843802066,0.4443516121484416,0.7996992736117688,0.5,0.9999999999999999,0.3293524285630551,True,21,57,56,False,-35,-35.5,48,43,48,48,1.0,43.5,0.90625,True,43.5,0.90625
1756,64,2.7897490972877037,0.43054361081988457,0.7560607256330324,1.0,1.0,0.2522806035240222,True,21,72,71,False,-50,-51.0,63,58,63,63,1.0,59.0,0.9365079365079365,True,59.0,0.9365079365079365
1757,64,2.221943287984181,0.051871358867296095,0.05470919938177036,0.5,0.9999999999999999,0.029469712353400273,True,21,56,44,False,-23,-23.5,50,36,50,50,1.0,36.5,0.73,True,36.5,0.73
1758,64,1.238946654347351,0.04450227507805021,0.0465749670745531,0.5,0.9999999999999999,0.027517159377439485,True,21,28,22,False,-1,-1.5,26,19,26,26,1.0,19.5,0.75,True,19.5,0.75
1759,64,1.1121329433289107,0.005321713111750045,0.00535018526281345,2.0,1.0,0.0028785420904390083,True,21,24,15,True,6,4.0,23,13,13,15.0,0.6521739130434783,15.0,0.6521739130434783,True,15.0,0.6521739130434783
1760,64,2.984242326503692,0.0031330732395499624,0.0031429202388443254,1.0,1.0,0.0017702206251939473,True,21,78,45,False,-24,-25.0,65,34,65,65,1.0,35.0,0.5384615384615384,True,35.0,0.5384615384615384
1761,64,1.7522829878044757,0.06116004796512473,0.06514427494544119,0.25,0.9999999999999999,0.040419420114942005,True,21,43,34,False,-13,-13.25,39,29,39,39,1.0,29.25,0.75,True,29.25,0.75
1762,64,2.7910871550910703,0.051040179552835144,0.05378539581242144,4.0,0.9999999999999999,0.03131304876600888,True,21,72,57,False,-36,-40.0,63,46,63,63,1.0,50.0,0.7936507936507936,True,50.0,0.7936507936507936
1763,64,1.3188068973647362,0.13099494762913388,0.15074129577468676,4.0,1.0,0.06333919117749649,True,21,30,26,False,-5,-9.0,27,22,27,27,1.0,26.0,0.9629629629629629,True,26.0,0.9629629629629629
1764,64,1.5793477394637392,0.37552349398739665,0.6013412680409432,0.5,1.0,0.24553308964703738,True,21,38,36,False,-15,-15.5,34,30,34,34,1.0,30.5,0.8970588235294118,True,30.5,0.8970588235294118
1765,64,2.728027242792004,0.015168182891660397,0.01540180021416974,0.5,1.0,0.008685105104789329,True,21,70,49,False,-28,-28.5,62,39,62,62,1.0,39.5,0.6370967741935484,True,39.5,0.6370967741935484
1766,64,2.927776445563257,0.07773285579618165,0.08428453326642948,1.0,1.0,0.04774251589740832,True,21,76,62,False,-41,-42.0,67,52,67,67,1.0,53.0,0.7910447761194029,True,53.0,0.7910447761194029
1767,64,1.864480870414763,0.0011063654596032404,0.0011075908598739772,0.5,1.0,0.0005856871420505552,True,21,46,23,False,-2,-2.5,39,17,39,39,1.0,17.5,0.44871794871794873,True,17.5,0.44871794871794873
1768,64,1.464661905561575,0.006645227335581065,0.006689681791890877,2.0,0.9999999999999999,0.0033087920588133436,True,21,34,22,False,-1,-3.0,32,18,32,32,1.0,20.0,0.625,True,20.0,0.625
1769,64,1.0239326611059225,0.3139884411904324,0.4577013858706622,0.5,0.9999999999999999,0.22961203023007232,True,21,22,21,False,0,-0.5,21,19,21,21,1.0,19.5,0.9285714285714286,True,19.5,0.9285714285714286
1770,64,1.8860558467938635,0.008374689055940373,0.00844541679555093,1.0,1.0,0.00447481668741828,True,21,46,31,False,-10,-11.0,41,25,41,41,1.0,26.0,0.6341463414634146,True,26.0,0.6341463414634146
1771,64,2.102902658542277,0.13374005252811652,0.1543878981343038,0.25,0.9999999999999998,0.0800019093530934,True,21,53,46,False,-25,-25.25,47,38,47,47,1.0,38.25,0.8138297872340425,True,38.25,0.8138297872340425
1772,64,2.418854513399232,0.5463415541242637,1.2043015160218455,2.0,1.0,0.3844945536102265,True,21,62,62,False,-41,-43.0,53,48,53,53,1.0,50.0,0.9433962264150944,True,50.0,0.9433962264150944
1773,64,1.366947671965664,0.07813912097059086,0.08476237873643196,0.5,1.0,0.04836696286152052,True,21,32,26,False,-5,-5.5,28,22,28,28,1.0,22.5,0.8035714285714286,True,22.5,0.8035714285714286
1774,64,2.1980045221928135,0.06562787278425708,0.0702374042126193,2.0,1.0,0.03921641545149812,True,21,55,45,False,-24,-26.0,49,37,49,49,1.0,39.0,0.7959183673469388,True,39.0,0.7959183673469388
1775,64,2.8703743432824456,0.5997442953281729,1.4984028667871405,2.0,1.0,0.640205247303583,True,21,74,76,False,-55,-57.0,66,66,66,66,1.0,68.0,1.0303030303030303,True,68.0,1.0303030303030303
1776,64,2.635206912926009,0.6741298661951974,2.068707120607143,0.5,1.0,0.40113128194118824,True,21,68,71,False,-50,-50.5,59,54,59,59,1.0,54.5,0.923728813559322,True,54.5,0.923728813559322
1777,64,1.2884671351226376,0.02149574942498759,0.021967967346443035,2.0,1.0,0.013411440042044054,True,21,29,21,False,0,-2.0,27,19,27,27,1.0,21.0,0.7777777777777778,True,21.0,0.7777777777777778
1778,64,1.6243162447130273,0.1936829989664964,0.2402070137653573,2.0,1.0,0.11871849389244937,True,21,39,35,False,-14,-16.0,33,28,33,33,1.0,30.0,0.9090909090909091,True,30.0,0.9090909090909091
1779,64,1.1718524119923426,0.42754127156181565,0.7468508214177447,4.0,0.9999999999999999,0.23279814855311812,True,21,26,25,False,-4,-8.0,24,21,24,24,1.0,25.0,1.0416666666666667,True,25.0,1.0416666666666667
1780,64,1.0358038654629622,0.24956868882796393,0.33256699862134403,1.0,0.9999999999999999,0.15028896426065874,True,21,22,20,True,1,0.0,22,19,19,20.0,0.9090909090909091,20.0,0.9090909090909091,True,20.0,0.9090909090909091
1781,64,2.9625637649291416,0.2762228909790607,0.3816408222038277,1.0,0.9999999999999999,0.21292701867845373,True,21,77,72,False,-51,-52.0,65,57,65,65,1.0,58.0,0.8923076923076924,True,58.0,0.8923076923076924
1782,64,2.1748272202327765,0.0662297686757311,0.07092726503157457,0.5,1.0,0.04313071634154847,True,21,55,44,False,-23,-23.5,46,33,46,46,1.0,33.5,0.7282608695652174,True,33.5,0.7282608695652174
1783,64,2.271803300066666,0.005035882916247754,0.0050613713899632555,1.0,1.0,0.003140221996975505,True,21,57,36,False,-15,-16.0,47,25,47,47,1.0,26.0,0.5531914893617021,True,26.0,0.5531914893617021
1784,64,2.915953858658575,0.0023845425106535983,0.0023902421446582917,2.0,0.9999999999999999,0.0018027236106445698,True,21,76,43,False,-22,-24.0,69,36,69,69,1.0,38.0,0.5507246376811594,True,38.0,0.5507246376811594
1785,64,1.2628932503085404,0.019457200237375512,0.019843295205559434,2.0,1.0,0.01147988493350553,True,21,29,21,False,0,-2.0,27,18,27,27,1.0,20.0,0.7407407407407407,True,20.0,0.7407407407407407
1786,64,1.1983829781425386,0.004124128377257177,0.0041412072475830375,2.0,0.9999999999999999,0.0021863063891272637,True,21,27,16,True,5,3.0,25,14,14,16.0,0.64,16.0,0.64,True,16.0,0.64
1787,64,1.2722227733285438,0.08881266529718293,0.09746916129617747,0.5,0.9999999999999998,0.05746084104597294,True,21,29,24,False,-3,-3.5,27,21,27,27,1.0,21.5,0.7962962962962963,True,21.5,0.7962962962962963
1788,64,2.7049807440987848,0.012420382143546797,0.012576588174739068,1.0,1.0,0.005131897406186816,True,21,70,48,False,-27,-28.0,57,33,57,57,1.0,34.0,0.5964912280701754,True,34.0,0.5964912280701754
1789,64,2.019244338449855,0.001022423282442111,0.0010234697016939971,0.5,1.0,0.0004999808003112478,True,21,50,25,False,-4,-4.5,44,18,44,44,1.0,18.5,0.42045454545454547,True,18.5,0.42045454545454547
1790,64,1.0454967127886672,0.006179547529686882,0.006217971781851082,0.25,0.9999999999999999,0.004114327475505798,True,21,22,14,True,7,6.75,22,13,13,13.25,0.6022727272727273,13.25,0.6022727272727273,True,13.25,0.6022727272727273
1791,64,1.2409355837567984,0.05356684418273251,0.0565986555452786,4.0,1.0,0.029967724007368284,True,21,28,22,False,-1,-5.0,26,19,26,26,1.0,23.0,0.8846153846153846,True,23.0,0.8846153846153846
1792,64,2.8836943857010056,0.001804263550913729,0.0018075248020314068,0.5,0.9999999999999999,0.0008978478127137687,True,21,75,41,False,-20,-20.5,65,27,65,65,1.0,27.5,0.4230769230769231,True,27.5,0.4230769230769231
1793,64,2.2898287199834106,0.020509702202734088,0.020939158099735632,2.0,1.0,0.010989660250015475,True,21,58,42,False,-21,-23.0,52,34,52,52,1.0,36.0,0.6923076923076923,True,36.0,0.6923076923076923
1794,64,1.48229843232229,0.6655447628889114,1.9899367360417566,1.0,0.9999999999999999,0.6346844874165969,True,21,35,37,False,-16,-17.0,31,29,31,31,1.0,30.0,0.967741935483871,True,30.0,0.967741935483871
1795,64,1.2175387136090658,0.005134467885053615,0.005160966702845204,1.0,0.9999999999999999,0.0035008126677491466,True,21,27,17,True,4,3.0,25,15,15,16.0,0.64,16.0,0.64,True,16.0,0.64
1796,64,1.8482458170826683,0.03075379772107214,0.03172960352979734,2.0,0.9999999999999999,0.014549516619089922,True,21,45,34,False,-13,-15.0,40,28,40,40,1.0,30.0,0.75,True,30.0,0.75
1797,64,1.2850764947435402,0.018521437843841262,0.018870955065134067,2.0,1.0,0.009602803976357622,True,21,29,21,False,0,-2.0,27,18,27,27,1.0,20.0,0.7407407407407407,True,20.0,0.7407407407407407
1798,64,1.2081494607265566,0.0037153847745422216,0.0037292403373120797,1.0,1.0,0.002247736210700627,True,21,27,16,True,5,4.0,26,14,14,15.0,0.5769230769230769,15.0,0.5769230769230769,True,15.0,0.5769230769230769
1799,64,1.0556282681380917,0.01606375082458091,0.016326007744956062,2.0,1.0,0.010068411328347933,True,21,23,16,True,5,3.0,22,15,15,17.0,0.7727272727272727,17.0,0.7727272727272727,True,17.0,0.7727272727272727
1800,64,1.9900838011212865,0.01427191102634898,0.014478547569045154,1.0,0.9999999999999999,0.006998894549439342,True,21,49,34,False,-13,-14.0,44,27,44,44,1.0,28.0,0.6363636363636364,True,28.0,0.6363636363636364
1801,64,1.0735516957583684,0.6092611564676901,1.559254132401891,2.0,0.9999999999999998,0.49832162102723226,True,21,23,24,False,-3,-5.0,22,22,22,22,1.0,24.0,1.0909090909090908,True,24.0,1.0909090909090908
1802,64,1.6259789509203801,0.37701266680502915,0.6051690728149023,1.0,0.9999999999999999,0.26958364005536706,True,21,39,38,False,-17,-18.0,35,31,35,35,1.0,32.0,0.9142857142857143,True,32.0,0.9142857142857143
1803,64,2.4227896514176335,0.0015527852893061072,0.0015552001812695086,4.0,1.0,0.0009455660872538163,True,21,62,33,False,-12,-16.0,55,26,55,55,1.0,30.0,0.5454545454545454,True,30.0,0.5454545454545454
1804,64,1.8945719836021315,0.001985117807973375,0.0019890663389841327,1.0,0.9999999999999999,0.0012964293424416898,True,21,47,26,False,-5,-6.0,41,20,41,41,1.0,21.0,0.5121951219512195,True,21.0,0.5121951219512195
1805,64,2.0061476706212193,0.007290690468813071,0.007344235013023242,0.25,0.9999999999999999,0.00338758457451269,True,21,50,32,False,-11,-11.25,43,25,43,43,1.0,25.25,0.5872093023255814,True,25.25,0.5872093023255814
1806,64,2.692463318882579,0.0015070752987225411,0.0015093500028289313,2.0,1.0,0.0007907350720968546,True,21,69,37,False,-16,-18.0,59,26,59,59,1.0,28.0,0.4745762711864407,True,28.0,0.4745762711864407
1807,64,2.416338642769746,0.0028821480261781705,0.0028904788139866118,2.0,0.9999999999999999,0.0017560284820560884,True,21,61,36,False,-15,-17.0,56,30,56,56,1.0,32.0,0.5714285714285714,True,32.0,0.5714285714285714
1808,64,1.0962666810781736,0.7235021764831906,2.6166649967832605,4.0,1.0,0.8667751364428515,True,21,24,25,False,-4,-8.0,23,23,23,23,1.0,27.0,1.173913043478261,True,27.0,1.173913043478261
1809,64,2.6873060806564673,0.004065146572569407,0.004081739441670837,1.0,0.9999999999999999,0.00248085817758401,True,21,69,42,False,-21,-22.0,62,33,62,62,1.0,34.0,0.5483870967741935,True,34.0,0.5483870967741935
1810,64,2.558430190938426,0.19733405073476862,0.24584828958473973,1.0,0.9999999999999998,0.10892630239356632,True,21,65,59,False,-38,-39.0,58,48,58,58,1.0,49.0,0.8448275862068966,True,49.0,0.8448275862068966
1811,64,2.5835734425078947,0.001160702665992788,0.001162051462223011,1.0,1.0,0.0006154280634412448,True,21,66,34,False,-13,-14.0,58,26,58,58,1.0,27.0,0.46551724137931033,True,27.0,0.46551724137931033
1812,64,1.3972636778809755,0.0026756711300252173,0.0026828495531207035,1.0,1.0,0.00154201496599665,True,21,32,19,True,2,1.0,30,16,16,17.0,0.5666666666666667,17.0,0.5666666666666667,True,17.0,0.5666666666666667
1813,64,1.2198864759844028,0.006878938864237353,0.006926586428819056,0.25,1.0,0.003130380087891811,True,21,27,18,True,3,2.75,25,15,15,15.25,0.61,15.25,0.61,True,15.25,0.61
1814,64,1.4038377736149992,0.009354475884635742,0.009442808408173235,0.25,0.9999999999999999,0.005871462134901583,True,21,33,22,False,-1,-1.25,30,19,30,30,1.0,19.25,0.6416666666666667,True,19.25,0.6416666666666667
1815,64,2.9442064778554493,0.36138661878407846,0.5658926502542075,4.0,1.0,0.280479604788231,True,21,76,73,False,-52,-56.0,67,61,67,67,1.0,65.0,0.9701492537313433,True,65.0,0.9701492537313433
1816,64,1.3468184589321557,0.008924789671934608,0.009005158820368767,1.0,0.9999999999999999,0.005222262946431121,True,21,31,21,False,0,-1.0,28,17,28,28,1.0,18.0,0.6428571428571429,True,18.0,0.6428571428571429
1817,64,1.658970811569593,0.004943702960962979,0.004968264585304195,0.5,1.0,0.002756494668459897,True,21,40,25,False,-4,-4.5,37,20,37,37,1.0,20.5,0.5540540540540541,True,20.5,0.5540540540540541
1818,64,1.6994559843816555,0.6795558106252838,2.1206682260374365,0.25,0.9999999999999998,0.8775804152171942,True,21,41,43,False,-22,-22.25,36,35,36,36,1.0,35.25,0.9791666666666666,True,35.25,0.9791666666666666
1819,64,2.259287488843683,0.5891172104150522,1.4337840993781885,4.0,1.0,0.639408346551584,True,21,57,58,False,-37,-41.0,51,49,51,51,1.0,53.0,1.0392156862745099,True,53.0,1.0392156862745099
1820,64,2.4896566346578832,0.0012134907677674384,0.0012149651167197373,4.0,1.0,0.0006536809412289761,True,21,64,33,False,-12,-16.0,55,23,55,55,1.0,27.0,0.4909090909090909,True,27.0,0.4909090909090909
1821,64,1.0460099527839053,0.06599209839421506,0.07065475386317259,0.25,0.9999999999999999,0.04609258013577459,True,21,22,18,True,3,2.75,22,17,17,17.25,0.7840909090909091,17.25,0.7840909090909091,True,17.25,0.7840909090909091
1822,64,1.366512202523674,0.04782273627254332,0.050224614779535104,0.25,1.0,0.029774709336334197,True,21,32,25,False,-4,-4.25,29,21,29,29,1.0,21.25,0.7327586206896551,True,21.25,0.7327586206896551
1823,64,2.4040060183338996,0.4403899595380511,0.7869586456571016,0.5,0.9999999999999998,0.3362424089296046,True,21,61,60,False,-39,-39.5,54,48,54,54,1.0,48.5,0.8981481481481481,True,48.5,0.8981481481481481
1824,64,2.3633262777007507,0.0025893966920894885,0.0025961190742325767,0.25,0.9999999999999999,0.0012266443356114556,True,21,60,34,False,-13,-13.25,51,25,51,51,1.0,25.25,0.4950980392156863,True,25.25,0.4950980392156863
1825,64,2.835388380390484,0.2750369136594009,0.3793805765307397,2.0,0.9999999999999999,0.19334493920745038,True,21,73,68,False,-47,-49.0,64,56,64,64,1.0,58.0,0.90625,True,58.0,0.90625
1826,64,2.6191595665989214,0.2777256933641099,0.3845155376738547,2.0,0.9999999999999999,0.1732331051958425,True,21,67,63,False,-42,-44.0,58,50,58,58,1.0,52.0,0.896551724137931,True,52.0,0.896551724137931
1827,64,1.9338082726851922,0.03341775952191222,0.03457311558443618,0.5,1.0,0.018885838844069542,True,21,48,36,False,-15,-15.5,42,29,42,42,1.0,29.5,0.7023809523809523,True,29.5,0.7023809523809523
1828,64,2.645354314630992,0.02468498432060503,0.02530975523165683,2.0,0.9999999999999999,0.013438430649466548,True,21,68,50,False,-29,-31.0,56,38,56,56,1.0,40.0,0.7142857142857143,True,40.0,0.7142857142857143
1829,64,1.3045692667145428,0.006692696346887715,0.006737790331626286,0.25,0.9999999999999999,0.004492312238453428,True,21,30,19,True,2,1.75,27,16,16,16.25,0.6018518518518519,16.25,0.6018518518518519,True,16.25,0.6018518518518519
1830,64,1.747490330195492,0.36864093616468796,0.5838847611140762,2.0,1.0,0.2235416139606823,True,21,42,41,False,-20,-22.0,37,33,37,37,1.0,35.0,0.9459459459459459,True,35.0,0.9459459459459459
1831,64,1.990008091865551,0.012319895749088525,0.012473568816527222,0.5,1.0,0.007562050115573922,True,21,49,34,False,-13,-13.5,44,28,44,44,1.0,28.5,0.6477272727272727,True,28.5,0.6477272727272727
1832,64,2.1414948814241104,0.005207545694063908,0.005234806186479569,2.0,1.0,0.003143467838349058,True,21,54,33,False,-12,-14.0,48,25,48,48,1.0,27.0,0.5625,True,27.0,0.5625
1833,64,1.0921372095508486,0.06244981605988874,0.0666095715510818,0.5,0.9999999999999999,0.04132449993484816,True,21,24,19,True,2,1.5,22,17,17,17.5,0.7954545454545454,17.5,0.7954545454545454,True,17.5,0.7954545454545454
1834,64,1.2254120227090657,0.014889505435901972,0.015114553664856078,2.0,0.9999999999999999,0.008475427302073906,True,21,28,19,True,2,0.0,25,16,16,18.0,0.72,18.0,0.72,True,18.0,0.72
1835,64,1.6473836274953657,0.0014915849721942865,0.0014938131213974295,4.0,1.0,0.0008632398985888018,True,21,40,21,False,0,-4.0,36,17,36,36,1.0,21.0,0.5833333333333334,True,21.0,0.5833333333333334
1836,64,2.5649590894982386,0.006951456311852668,0.007000117321591555,1.0,0.9999999999999999,0.004166081755851183,True,21,66,42,False,-21,-22.0,56,31,56,56,1.0,32.0,0.5714285714285714,True,32.0,0.5714285714285714
1837,64,1.0511605875984567,0.006864088452344161,0.0069115298042616265,2.0,1.0,0.0040833129102235645,True,21,23,15,True,6,4.0,22,13,13,15.0,0.6818181818181818,15.0,0.6818181818181818,True,15.0,0.6818181818181818
1838,64,1.4805518776496103,0.015465082486183614,0.015708008127570127,2.0,0.9999999999999999,0.009299923502907334,True,21,35,25,False,-4,-6.0,32,20,32,32,1.0,22.0,0.6875,True,22.0,0.6875
1839,64,1.4042076402991304,0.7230953087994009,2.611350879120954,2.0,1.0,0.6955630867943324,True,21,33,35,False,-14,-16.0,30,28,30,30,1.0,30.0,1.0,True,30.0,1.0
1840,64,2.049537072874288,0.38502606723062255,0.6260851829877672,4.0,1.0,0.2593601484864272,True,21,51,49,False,-28,-32.0,45,40,45,45,1.0,44.0,0.9777777777777777,True,44.0,0.9777777777777777
1841,64,1.8550172400903633,0.19119538085388504,0.23639254317777897,0.5,1.0,0.11279579043483534,True,21,46,41,False,-20,-20.5,40,34,40,40,1.0,34.5,0.8625,True,34.5,0.8625
1842,64,2.166591837602144,0.06548783757378461,0.07007703078337968,2.0,0.9999999999999999,0.03662338981464973,True,21,54,44,False,-23,-25.0,48,34,48,48,1.0,36.0,0.75,True,36.0,0.75
1843,64,2.3948296885497475,0.005182092995946891,0.005209086969044454,1.0,1.0000000000000002,0.003306201083716249,True,21,61,38,False,-17,-18.0,55,31,55,55,1.0,32.0,0.5818181818181818,True,32.0,0.5818181818181818
1844,64,1.0758343833099975,0.0017337795663319837,0.0017367907786950791,0.5,1.0,0.001126203964592801,True,21,23,13,True,8,7.5,22,12,12,12.5,0.5681818181818182,12.5,0.5681818181818182,True,12.5,0.5681818181818182
1845,64,2.6051116826286815,0.0273986041815282,0.028170434773509133,4.0,0.9999999999999999,0.015566727780327498,True,21,67,50,False,-29,-33.0,59,40,59,59,1.0,44.0,0.7457627118644068,True,44.0,0.7457627118644068
1846,64,1.8178281955991136,0.012748151627258354,0.012912765520034994,0.25,0.9999999999999999,0.008565056286020587,True,21,44,31,False,-10,-10.25,40,25,40,40,1.0,25.25,0.63125,True,25.25,0.63125
1847,64,1.1451254383149019,0.0040977732047447835,0.004114634041868885,4.0,1.0,0.0024761008083606442,True,21,25,15,True,6,2.0,24,13,13,17.0,0.7083333333333334,17.0,0.7083333333333334,True,17.0,0.7083333333333334
1848,64,1.3082970746446412,0.01138130855027044,0.011512333975377978,0.25,1.0,0.00767925592315344,True,21,30,20,True,1,0.75,27,17,17,17.25,0.6388888888888888,17.25,0.6388888888888888,True,17.25,0.6388888888888888
1849,64,1.0203589790929883,0.004368514011247417,0.004387681660056266,0.5,0.9999999999999999,0.002534850721833951,True,21,22,13,True,8,7.5,21,12,12,12.5,0.5952380952380952,12.5,0.5952380952380952,True,12.5,0.5952380952380952
1850,64,1.4888755521966617,0.0017544700395235764,0.0017575536146833947,4.0,1.0,0.001048655428635932,True,21,35,19,False,2,-2.0,32,16,32,32,1.0,20.0,0.625,True,20.0,0.625
1851,64,1.7834476406499793,0.22989337882319996,0.29852149364967134,1.0,0.9999999999999999,0.16321110247015794,True,21,44,40,False,-19,-20.0,39,33,39,39,1.0,34.0,0.8717948717948718,True,34.0,0.8717948717948718
1852,64,2.8926018136661162,0.28937400085021964,0.40720998274259257,0.25,0.9999999999999999,0.1630492597074501,True,21,75,70,False,-49,-49.25,63,54,63,63,1.0,54.25,0.8611111111111112,True,54.25,0.8611111111111112
1853,64,1.85236211012052,0.005395292390233995,0.0054245594746881514,1.0,0.9999999999999999,0.0028674996283860003,True,21,45,28,False,-7,-8.0,42,21,42,42,1.0,22.0,0.5238095238095238,True,22.0,0.5238095238095238
1854,64,1.446205775317583,0.47964952772473773,0.9217816707793934,2.0,1.0,0.31422548134959166,True,21,34,34,False,-13,-15.0,30,28,30,30,1.0,30.0,1.0,True,30.0,1.0
1855,64,1.3902530245974722,0.0014156307449260264,0.001417637596292501,2.0,1.0,0.0010111818098058254,True,21,32,17,True,4,2.0,30,15,15,17.0,0.5666666666666667,17.0,0.5666666666666667,True,17.0,0.5666666666666667
1856,64,1.2653197732918398,0.0035727213814808,0.003585531486486543,4.0,1.0,0.0018714754516943567,True,21,29,17,True,4,0.0,26,14,14,18.0,0.6923076923076923,18.0,0.6923076923076923,True,18.0,0.6923076923076923
1857,64,2.0186263765753325,0.004797324890736869,0.004820450156256033,4.0,1.0,0.002388032050495993,True,21,50,31,False,-10,-14.0,47,25,47,47,1.0,29.0,0.6170212765957447,True,29.0,0.6170212765957447
1858,64,2.7090458703457543,0.002471048851476635,0.0024771700597075877,4.0,1.0,0.001405652808117746,True,21,70,40,False,-19,-23.0,62,32,62,62,1.0,36.0,0.5806451612903226,True,36.0,0.5806451612903226
1859,64,2.225797881313696,0.2072630179648497,0.26145243966385256,4.0,1.0,0.13319093051968448,True,21,56,51,False,-30,-34.0,50,42,50,50,1.0,46.0,0.92,True,46.0,0.92
1860,64,2.5371932654418723,0.0440842322701187,0.046117277022022965,4.0,1.0,0.025991740663154513,True,21,65,51,False,-30,-34.0,57,38,57,57,1.0,42.0,0.7368421052631579,True,42.0,0.7368421052631579
1861,64,2.1446695489402874,0.004045861310045871,0.004062296799496879,4.0,1.0000000000000002,0.002465547527763711,True,21,54,33,False,-12,-16.0,47,26,47,47,1.0,30.0,0.6382978723404256,True,30.0,0.6382978723404256
1862,64,1.8435171076723063,0.20415254868225055,0.256522212069937,1.0,1.0,0.13396634290168902,True,21,45,41,False,-20,-21.0,39,33,39,39,1.0,34.0,0.8717948717948718,True,34.0,0.8717948717948718
1863,64,2.8308260211904557,0.0015972414318490777,0.0015997966934103278,2.0,1.0,0.0008198973351570438,True,21,73,39,False,-18,-20.0,63,28,63,63,1.0,30.0,0.47619047619047616,True,30.0,0.47619047619047616
1864,64,1.2248022923604183,0.014643434728316689,0.014861051566931193,1.0,1.0,0.009227076866713382,True,21,28,19,True,2,1.0,26,17,17,18.0,0.6923076923076923,18.0,0.6923076923076923,True,18.0,0.6923076923076923
1865,64,1.5162131845961246,0.0314304711115158,0.03245040255146673,2.0,0.9999999999999998,0.018193174552888342,True,21,36,27,False,-6,-8.0,32,22,32,32,1.0,24.0,0.75,True,24.0,0.75
1866,64,1.4206568994104984,0.7310385797156841,2.718005351633375,4.0,1.0,0.45691028751659235,True,21,33,36,False,-15,-19.0,30,28,30,30,1.0,32.0,1.0666666666666667,True,32.0,1.0666666666666667
1867,64,2.508447153837493,0.21001352692823125,0.26584445947741175,4.0,1.0,0.11178205120857482,True,21,64,58,False,-37,-41.0,57,48,57,57,1.0,52.0,0.9122807017543859,True,52.0,0.9122807017543859
1868,64,2.1866767467361927,0.0015107076558982995,0.001512993346530226,0.5,1.0,0.0009346362681391872,True,21,55,29,False,-8,-8.5,49,23,49,49,1.0,23.5,0.47959183673469385,True,23.5,0.47959183673469385
1869,64,2.3103946426673,0.035301895779128435,0.036593723595673124,1.0,1.0,0.01944464489302448,True,21,58,45,False,-24,-25.0,50,34,50,50,1.0,35.0,0.7,True,35.0,0.7
1870,64,1.7789913602259477,0.1956948751395596,0.24330924805870877,0.25,1.0,0.1147743706084891,True,21,43,39,False,-18,-18.25,39,30,39,39,1.0,30.25,0.7756410256410257,True,30.25,0.7756410256410257
1871,64,1.762320867403041,0.06070306829428094,0.06462606897272306,2.0,1.0,0.03947770874577172,True,21,43,34,False,-13,-15.0,39,28,39,39,1.0,30.0,0.7692307692307693,True,30.0,0.7692307692307693
1872,64,2.6336949176953124,0.5874288627601623,1.4238244262314341,4.0,1.0,0.5654307853547736,True,21,68,69,False,-48,-52.0,57,54,57,57,1.0,58.0,1.0175438596491229,True,58.0,1.0175438596491229
1873,64,2.6982251650121905,0.032266483929696756,0.03334232347425764,0.25,1.0,0.016150083491427204,True,21,69,52,False,-31,-31.25,60,39,60,60,1.0,39.25,0.6541666666666667,True,39.25,0.6541666666666667
1874,64,2.8185123988831227,0.4359550778100653,0.7729084345222831,4.0,1.0,0.32616816779816055,True,21,73,71,False,-50,-54.0,62,57,62,62,1.0,61.0,0.9838709677419355,True,61.0,0.9838709677419355
1875,64,2.99512106343387,0.0034644272042758995,0.0034764711856262644,1.0,0.9999999999999999,0.0018849070496489682,True,21,78,46,False,-25,-26.0,70,34,70,70,1.0,35.0,0.5,True,35.0,0.5
1876,64,1.7362558961627543,0.0867994502306705,0.09504971306970376,2.0,1.0,0.04080304823450743,True,21,42,35,False,-14,-16.0,37,28,37,37,1.0,30.0,0.8108108108108109,True,30.0,0.8108108108108109
1877,64,2.436719487140553,0.016850510573957204,0.01713931681314755,4.0,1.0,0.009853033962809014,True,21,62,44,False,-23,-27.0,53,34,53,53,1.0,38.0,0.7169811320754716,True,38.0,0.7169811320754716
1878,64,2.3879429016528197,0.0014905757487532485,0.0014928008815449968,2.0,0.9999999999999999,0.0007707290055341572,True,21,61,32,False,-11,-13.0,50,22,50,50,1.0,24.0,0.48,True,24.0,0.48
1879,64,2.96826108304404,0.026643057252655228,0.027372340076451267,0.25,0.9999999999999998,0.015709954589485084,True,21,77,57,False,-36,-36.25,65,44,65,65,1.0,44.25,0.6807692307692308,True,44.25,0.6807692307692308
1880,64,2.505517276605536,0.3844912502521826,0.6246722738055538,4.0,1.0,0.23778975571414473,True,21,64,62,False,-41,-45.0,58,50,58,58,1.0,54.0,0.9310344827586207,True,54.0,0.9310344827586207
1881,64,1.1264621053380277,0.0011300346234276695,0.001131313046339969,4.0,1.0,0.0005230813120301649,True,21,25,13,True,8,4.0,23,11,11,15.0,0.6521739130434783,15.0,0.6521739130434783,True,15.0,0.6521739130434783
1882,64,1.3699542593768017,0.007750264813858369,0.007810800586814421,4.0,0.9999999999999999,0.004377015197324195,True,21,32,21,False,0,-4.0,30,18,30,30,1.0,22.0,0.7333333333333333,True,22.0,0.7333333333333333
1883,64,2.5112695487650063,0.007072496655354496,0.007122873151897807,0.5,1.0,0.0038613490564033937,True,21,64,41,False,-20,-20.5,57,32,57,57,1.0,32.5,0.5701754385964912,True,32.5,0.5701754385964912
1884,64,1.7970909208695376,0.032383580773539075,0.03346737418886236,4.0,1.0,0.019391133908317544,True,21,44,33,False,-12,-16.0,39,28,39,39,1.0,32.0,0.8205128205128205,True,32.0,0.8205128205128205
1885,64,1.5676677308448788,0.06790580217572517,0.07285293947138942,4.0,1.0,0.03796957369476491,True,21,37,30,False,-9,-13.0,34,25,34,34,1.0,29.0,0.8529411764705882,True,29.0,0.8529411764705882
1886,64,1.350331067516127,0.13840547080288368,0.16063875304762892,0.5,1.0,0.08367023860097449,True,21,31,27,False,-6,-6.5,29,24,29,29,1.0,24.5,0.8448275862068966,True,24.5,0.8448275862068966
1887,64,2.3280501744294217,0.16463920405080312,0.19708753971836593,2.0,0.9999999999999998,0.1199253182116736,True,21,59,52,False,-31,-33.0,52,44,52,52,1.0,46.0,0.8846153846153846,True,46.0,0.8846153846153846
1888,64,1.6239470316326554,0.6471692194936854,1.834219844892765,1.0,1.0,0.750815157023105,True,21,39,41,False,-20,-21.0,35,35,35,35,1.0,36.0,1.0285714285714285,True,36.0,1.0285714285714285
1889,64,1.8833425680726406,0.004005090083082795,0.0040211953326316574,0.5,1.0,0.0023784177148831716,True,21,46,28,False,-7,-7.5,42,23,42,42,1.0,23.5,0.5595238095238095,True,23.5,0.5595238095238095
1890,64,2.7837265931342117,0.0029364737931805874,0.002945122066947898,4.0,0.9999999999999999,0.0018881347605846943,True,21,72,42,False,-21,-25.0,64,32,64,64,1.0,36.0,0.5625,True,36.0,0.5625
1891,64,1.9355972172990097,0.0671038012171179,0.07193061918857205,0.25,0.9999999999999999,0.0423782672815635,True,21,48,39,False,-18,-18.25,42,31,42,42,1.0,31.25,0.7440476190476191,True,31.25,0.7440476190476191
1892,64,1.1287064982349493,0.2636823099635586,0.3581094322893541,1.0,0.9999999999999999,0.16036793315564882,True,21,25,23,False,-2,-3.0,23,21,23,23,1.0,22.0,0.9565217391304348,True,22.0,0.9565217391304348
1893,64,2.159547742445467,0.0022331338845176106,0.0022381319327747107,4.0,1.0000000000000002,0.00136203335594357,True,21,54,30,False,-9,-13.0,47,22,47,47,1.0,26.0,0.5531914893617021,True,26.0,0.5531914893617021
1894,64,1.0881574798610834,0.001549971930806627,0.0015523780732461581,2.0,0.9999999999999999,0.0008769265928893514,True,21,24,13,True,8,6.0,23,11,11,13.0,0.5652173913043478,13.0,0.5652173913043478,True,13.0,0.5652173913043478
1895,64,1.0799740615244993,0.009695232382688618,0.009790150163586002,1.0,1.0000000000000002,0.005946194239544525,True,21,23,16,True,5,4.0,23,14,14,15.0,0.6521739130434783,15.0,0.6521739130434783,True,15.0,0.6521739130434783
1896,64,1.6469606663208496,0.043796678659999706,0.04580268409716889,4.0,0.9999999999999999,0.02560030998860297,True,21,40,31,False,-10,-14.0,35,26,35,35,1.0,30.0,0.8571428571428571,True,30.0,0.8571428571428571
1897,64,2.4922463351934407,0.09412844994235123,0.10390926830228965,1.0,0.9999999999999998,0.06316495132212427,True,21,64,53,False,-32,-33.0,56,44,56,56,1.0,45.0,0.8035714285714286,True,45.0,0.8035714285714286
1898,64,1.493127740360907,0.0033206061475131877,0.0033316693091024743,0.25,1.0,0.0014943563901988648,True,21,35,21,False,0,-0.25,31,16,31,31,1.0,16.25,0.5241935483870968,True,16.25,0.5241935483870968
1899,64,2.375404378884203,0.17537327826835294,0.21266989493147123,0.5,0.9999999999999999,0.09003591935596085,True,21,60,54,False,-33,-33.5,52,42,52,52,1.0,42.5,0.8173076923076923,True,42.5,0.8173076923076923
1900,64,1.097020736486901,0.0030059677386328177,0.003015030824020808,1.0,0.9999999999999999,0.001681653953340391,True,21,24,14,True,7,6.0,23,12,12,13.0,0.5652173913043478,13.0,0.5652173913043478,True,13.0,0.5652173913043478
1901,64,1.1917181385178366,0.6064186880510272,1.5407710418162546,2.0,1.0,0.41636108214195666,True,21,27,27,False,-6,-8.0,25,23,25,25,1.0,25.0,1.0,True,25.0,1.0
1902,64,2.3498142602836505,0.43216493547186835,0.7610747600291213,0.25,0.9999999999999999,0.3514237966461073,True,21,60,58,False,-37,-37.25,51,47,51,51,1.0,47.25,0.9264705882352942,True,47.25,0.9264705882352942
1903,64,2.0383554247087234,0.00502725685087679,0.005052657859717189,0.5,0.9999999999999999,0.0033572802493451637,True,21,51,32,False,-11,-11.5,45,25,45,45,1.0,25.5,0.5666666666666667,True,25.5,0.5666666666666667
1904,64,2.96037325320375,0.05588958012169144,0.059198139269446205,0.5,0.9999999999999999,0.03142104840125644,True,21,77,61,False,-40,-40.5,67,48,67,67,1.0,48.5,0.7238805970149254,True,48.5,0.7238805970149254
1905,64,2.2666102667365955,0.002163238999019659,0.0021679287470323353,2.0,1.0,0.0011075884487339984,True,21,57,32,False,-11,-13.0,50,24,50,50,1.0,26.0,0.52,True,26.0,0.52
1906,64,1.0491840726801147,0.00933347163809621,0.009421406064389175,2.0,1.0,0.005386704259728831,True,21,22,15,True,6,4.0,22,14,14,16.0,0.7272727272727273,16.0,0.7272727272727273,True,16.0,0.7272727272727273
1907,64,1.9655606398787453,0.04057035287576635,0.04228590704630688,4.0,0.9999999999999999,0.027342699455440437,True,21,49,38,False,-17,-21.0,44,32,44,44,1.0,36.0,0.8181818181818182,True,36.0,0.8181818181818182
1908,64,1.449234394322777,0.07227368439694797,0.07790410079072484,0.5,0.9999999999999999,0.0434144991495174,True,21,34,28,False,-7,-7.5,31,24,31,31,1.0,24.5,0.7903225806451613,True,24.5,0.7903225806451613
1909,64,2.614940656077332,0.2311396620703134,0.3006263305149855,0.5,1.0,0.09939122802479038,True,21,67,61,False,-40,-40.5,58,46,58,58,1.0,46.5,0.8017241379310345,True,46.5,0.8017241379310345
1910,64,1.732832717885625,0.3083846036193371,0.4458903101827468,0.25,1.0,0.20948150606809704,True,21,42,40,False,-19,-19.25,38,33,38,38,1.0,33.25,0.875,True,33.25,0.875
1911,64,2.819374129846822,0.0015344311151959753,0.0015367892123809503,0.5,1.0,0.0008411746920623254,True,21,73,39,False,-18,-18.5,64,28,64,64,1.0,28.5,0.4453125,True,28.5,0.4453125
1912,64,1.646069810493276,0.0010659146967136296,0.0010670520832112833,4.0,1.0,0.0005329987592394693,True,21,40,20,False,1,-3.0,34,15,34,34,1.0,19.0,0.5588235294117647,True,19.0,0.5588235294117647
1913,64,2.256456460132561,0.016990880260649505,0.01728456015255964,0.25,0.9999999999999999,0.011101913791413578,True,21,57,40,False,-19,-19.25,51,33,51,51,1.0,33.25,0.6519607843137255,True,33.25,0.6519607843137255
1914,64,2.5367122699459954,0.4888545815728581,0.9563904203174207,0.25,1.0,0.365909081594745,True,21,65,65,False,-44,-44.25,56,52,56,56,1.0,52.25,0.9330357142857143,True,52.25,0.9330357142857143
1915,64,1.771946401902248,0.3076684955713388,0.44439476407366263,0.25,1.0,0.202286981368585,True,21,43,41,False,-20,-20.25,39,34,39,39,1.0,34.25,0.8782051282051282,True,34.25,0.8782051282051282
1916,64,2.902281129992077,0.0028967276926979138,0.002905143101170324,2.0,1.0,0.0013202622962123207,True,21,75,44,False,-23,-25.0,65,31,65,65,1.0,33.0,0.5076923076923077,True,33.0,0.5076923076923077
1917,64,1.212752477588821,0.017804492864964987,0.018127239165345903,0.25,1.0,0.011847222607890876,True,21,27,19,True,2,1.75,25,17,17,17.25,0.69,17.25,0.69,True,17.25,0.69
1918,64,2.2983637278917035,0.13174503266737983,0.15173542061281356,2.0,0.9999999999999999,0.07384339171353368,True,21,58,50,False,-29,-31.0,51,40,51,51,1.0,42.0,0.8235294117647058,True,42.0,0.8235294117647058
1919,64,2.588995092472556,0.07632108022439489,0.08262728377836752,0.5,1.0,0.04423196912622445,True,21,66,54,False,-33,-33.5,58,42,58,58,1.0,42.5,0.7327586206896551,True,42.5,0.7327586206896551
1920,64,1.0218779847144428,0.00870260796754039,0.008779008234549482,2.0,0.9999999999999999,0.005814031025174402,True,21,22,14,True,7,5.0,21,14,14,16.0,0.7619047619047619,16.0,0.7619047619047619,True,16.0,0.7619047619047619
1921,64,1.5516326262745403,0.011140880343381291,0.011266397934672394,2.0,0.9999999999999999,0.006709093686762135,True,21,37,25,False,-4,-6.0,33,20,33,33,1.0,22.0,0.6666666666666666,True,22.0,0.6666666666666666
1922,64,1.5590568077946507,0.042459709044723584,0.044342477748235805,4.0,0.9999999999999999,0.027157056171545155,True,21,37,29,False,-8,-12.0,33,23,33,33,1.0,27.0,0.8181818181818182,True,27.0,0.8181818181818182
1923,64,2.8320038872715396,0.1248787670878974,0.14269881976505563,0.5,0.9999999999999999,0.07210761790889282,True,21,73,63,False,-42,-42.5,64,52,64,64,1.0,52.5,0.8203125,True,52.5,0.8203125
1924,64,2.3725974282314084,0.1295483035720532,0.14882882542900158,1.0,1.0,0.08860313830677195,True,21,60,52,False,-31,-32.0,53,42,53,53,1.0,43.0,0.8113207547169812,True,43.0,0.8113207547169812
1925,64,1.1216568535227165,0.017085502282661248,0.01738249087010069,0.25,1.0,0.01029015742342001,True,21,25,18,True,3,2.75,23,16,16,16.25,0.7065217391304348,16.25,0.7065217391304348,True,16.25,0.7065217391304348
1926,64,1.1182710893415055,0.0015145480159208164,0.001516845351037689,4.0,0.9999999999999999,0.000878542440785358,True,21,24,13,True,8,4.0,23,11,11,15.0,0.6521739130434783,15.0,0.6521739130434783,True,15.0,0.6521739130434783
1927,64,1.3911850915853008,0.2999821458640427,0.4285349924886062,0.5,0.9999999999999998,0.18446726264760555,True,21,32,30,False,-9,-9.5,29,25,29,29,1.0,25.5,0.8793103448275862,True,25.5,0.8793103448275862
1928,64,1.2543502609532113,0.13929181737480692,0.16183396438728107,0.25,0.9999999999999999,0.07392216092627879,True,21,28,25,False,-4,-4.25,26,20,26,26,1.0,20.25,0.7788461538461539,True,20.25,0.7788461538461539
1929,64,1.1012883233800101,0.06106007047114265,0.06503085932428228,0.25,0.9999999999999999,0.03071129444753651,True,21,24,19,True,2,1.75,23,17,17,17.25,0.75,17.25,0.75,True,17.25,0.75
1930,64,2.043127460431518,0.049235538364905254,0.05178521111341449,2.0,1.0,0.02824427504710318,True,21,51,40,False,-19,-21.0,44,32,44,44,1.0,34.0,0.7727272727272727,True,34.0,0.7727272727272727
1931,64,1.3760519240011433,0.5243492404251505,1.1023828510099072,0.25,1.0,0.35824345528002294,True,21,32,32,False,-11,-11.25,30,27,30,30,1.0,27.25,0.9083333333333333,True,27.25,0.9083333333333333
1932,64,2.3673067352523707,0.0333552504444578,0.034506213849290916,0.25,0.9999999999999999,0.016723270483496255,True,21,60,46,False,-25,-25.25,53,35,53,53,1.0,35.25,0.6650943396226415,True,35.25,0.6650943396226415
1933,64,2.216735256418785,0.006854886503124011,0.0069022003028216825,0.5,0.9999999999999999,0.004434340109901851,True,21,56,36,False,-15,-15.5,49,27,49,49,1.0,27.5,0.5612244897959183,True,27.5,0.5612244897959183
1934,64,1.6071606436599049,0.28147650708903205,0.3917429421113023,1.0,1.0,0.16408464277309281,True,21,38,36,False,-15,-16.0,35,31,35,35,1.0,32.0,0.9142857142857143,True,32.0,0.9142857142857143
1935,64,1.478758977747526,0.06729926001831114,0.07215525530689768,4.0,1.0,0.03989844918679919,True,21,35,28,False,-7,-11.0,31,24,31,31,1.0,28.0,0.9032258064516129,True,28.0,0.9032258064516129
1936,64,1.940208746497781,0.6017780384998624,1.5111623583815192,0.5,1.0,0.48261262314842374,True,21,48,49,False,-28,-28.5,43,39,43,43,1.0,39.5,0.9186046511627907,True,39.5,0.9186046511627907
1937,64,2.636367023944159,0.006376228464180198,0.006417145650938502,1.0,1.0,0.003782856635222683,True,21,68,43,False,-22,-23.0,56,31,56,56,1.0,32.0,0.5714285714285714,True,32.0,0.5714285714285714
1938,64,1.0130188127223416,0.010220021483453197,0.010325548814162382,4.0,1.0,0.006311777765511602,True,21,21,14,True,7,3.0,21,14,14,18.0,0.8571428571428571,18.0,0.8571428571428571,True,18.0,0.8571428571428571
1939,64,2.4858420888836994,0.019570602562081322,0.019961256377280898,0.5,0.9999999999999999,0.012180743474477876,True,21,63,46,False,-25,-25.5,54,35,54,54,1.0,35.5,0.6574074074074074,True,35.5,0.6574074074074074
1940,64,2.351403633878955,0.0034041300604492506,0.0034157577440650346,4.0,1.0000000000000002,0.002132789706440018,True,21,60,35,False,-14,-18.0,52,27,52,52,1.0,31.0,0.5961538461538461,True,31.0,0.5961538461538461
1941,64,2.2495069309060747,0.07204753039902063,0.077641401644204,2.0,1.0000000000000002,0.04501035311601223,True,21,57,46,False,-25,-27.0,50,37,50,50,1.0,39.0,0.78,True,39.0,0.78
1942,64,1.5728542571564494,0.004273535270900738,0.0042918767576027115,0.25,0.9999999999999998,0.00261421431702139,True,21,38,23,False,-2,-2.25,33,18,33,33,1.0,18.25,0.553030303030303,True,18.25,0.553030303030303
1943,64,1.1233811659270434,0.0048509107962969355,0.004874556836683165,0.25,0.9999999999999999,0.0025292318533581726,True,21,25,15,True,6,5.75,24,13,13,13.25,0.5520833333333334,13.25,0.5520833333333334,True,13.25,0.5520833333333334
1944,64,1.700226532010247,0.22282943903824692,0.2867188365479184,4.0,0.9999999999999999,0.14725831538415882,True,21,41,37,False,-16,-20.0,35,30,35,35,1.0,34.0,0.9714285714285714,True,34.0,0.9714285714285714
1945,64,1.1467936009604902,0.022045832399387216,0.02254280735208291,4.0,1.0000000000000002,0.012636169049728483,True,21,25,18,False,3,-1.0,24,17,24,24,1.0,21.0,0.875,True,21.0,0.875
1946,64,1.9240425456111316,0.02583325781934701,0.026518312215750427,4.0,1.0,0.01509342453999285,True,21,48,35,False,-14,-18.0,42,28,42,42,1.0,32.0,0.7619047619047619,True,32.0,0.7619047619047619
1947,64,2.30701708503333,0.22086563761202083,0.2834756728416994,0.5,1.0,0.13343199602113354,True,21,58,53,False,-32,-32.5,51,42,51,51,1.0,42.5,0.8333333333333334,True,42.5,0.8333333333333334
1948,64,1.6633105042921663,0.03988032849055113,0.04153683095343042,0.5,1.0,0.022461733132747408,True,21,40,31,False,-10,-10.5,35,26,35,35,1.0,26.5,0.7571428571428571,True,26.5,0.7571428571428571
1949,64,1.9354805970901825,0.24888479248193815,0.3313536858138414,2.0,1.0,0.17465315596193398,True,21,48,44,False,-23,-25.0,41,34,41,41,1.0,36.0,0.8780487804878049,True,36.0,0.8780487804878049
1950,64,1.1040950535431742,0.18687014052391704,0.22981586316891806,1.0,1.0,0.13387521090257887,True,21,24,22,False,-1,-2.0,23,20,23,23,1.0,21.0,0.9130434782608695,True,21.0,0.9130434782608695
1951,64,2.6959979677975507,0.06536893416920397,0.0699408959952528,4.0,1.0,0.03497990530717071,True,21,69,56,False,-35,-39.0,61,45,61,61,1.0,49.0,0.8032786885245902,True,49.0,0.8032786885245902
1952,64,1.129547828968339,0.002675092259962635,0.002682267573186816,2.0,1.0,0.0018199551585370774,True,21,25,14,True,7,5.0,24,13,13,15.0,0.625,15.0,0.625,True,15.0,0.625
1953,64,2.9169981113549714,0.003675395050923961,0.003688953412037653,0.5,1.0,0.0023982683715166376,True,21,76,45,False,-24,-24.5,65,35,65,65,1.0,35.5,0.5461538461538461,True,35.5,0.5461538461538461
1954,64,1.4798196804246402,0.14112329718735134,0.16431147419088313,1.0,1.0,0.08927930881504935,True,21,35,30,False,-9,-10.0,31,26,31,31,1.0,27.0,0.8709677419354839,True,27.0,0.8709677419354839
1955,64,2.203401534973833,0.0025653769427362795,0.0025719750281708426,4.0,1.0,0.0017523890590472853,True,21,55,32,False,-11,-15.0,49,25,49,49,1.0,29.0,0.5918367346938775,True,29.0,0.5918367346938775
1956,64,1.7384264235841398,0.0022460955770143743,0.0022511518792936434,2.0,1.0,0.00136868661622278,True,21,42,24,False,-3,-5.0,38,18,38,38,1.0,20.0,0.5263157894736842,True,20.0,0.5263157894736842
1957,64,2.2150585306359782,0.0017379348089757325,0.0017409604848033235,2.0,1.0,0.001020762878455138,True,21,56,30,False,-9,-11.0,47,23,47,47,1.0,25.0,0.5319148936170213,True,25.0,0.5319148936170213
1958,64,2.4895376883193934,0.718394563532683,2.551067808011085,2.0,0.9999999999999998,0.7593516392955159,True,21,64,68,False,-47,-49.0,57,57,57,57,1.0,59.0,1.0350877192982457,True,59.0,1.0350877192982457
1959,64,1.0456188430311795,0.23352047494112435,0.30466629219245867,0.5,0.9999999999999999,0.15198274233496592,True,21,22,20,True,1,0.5,22,19,19,19.5,0.8863636363636364,19.5,0.8863636363636364,True,19.5,0.8863636363636364
1960,64,1.2158994147118276,0.0026939290949397035,0.002701205952245883,2.0,1.0,0.00164657175636932,True,21,27,16,True,5,3.0,26,14,14,16.0,0.6153846153846154,16.0,0.6153846153846154,True,16.0,0.6153846153846154
1961,64,1.3980485375570753,0.189862222946494,0.23435794296252702,0.5,0.9999999999999999,0.11114002859583555,True,21,33,29,False,-8,-8.5,30,24,30,30,1.0,24.5,0.8166666666666667,True,24.5,0.8166666666666667
1962,64,1.1993301646729149,0.0949918326655697,0.10496240375968571,2.0,0.9999999999999999,0.04725696707550017,True,21,27,23,False,-2,-4.0,25,20,25,25,1.0,22.0,0.88,True,22.0,0.88
1963,64,2.188524623668775,0.07687779494215405,0.08328019250423797,0.5,1.0,0.05163011847005656,True,21,55,45,False,-24,-24.5,50,39,50,50,1.0,39.5,0.79,True,39.5,0.79
1964,64,2.7981112510929074,0.04750592043422341,0.04987529209197859,0.5,1.0,0.03393210690573571,True,21,72,57,False,-36,-36.5,62,46,62,62,1.0,46.5,0.75,True,46.5,0.75
1965,64,1.1575281193330549,0.46955558999498115,0.8852116850294235,2.0,1.0,0.3985011992443647,True,21,26,25,False,-4,-6.0,24,22,24,24,1.0,24.0,1.0,True,24.0,1.0
1966,64,1.4382421157657292,0.06390988761567273,0.0682732215308706,0.5,1.0000000000000002,0.03447905718337814,True,21,34,27,False,-6,-6.5,31,23,31,31,1.0,23.5,0.7580645161290323,True,23.5,0.7580645161290323
1967,64,1.567062020740888,0.007342774909532148,0.0073970900769527465,2.0,0.9999999999999999,0.004454108246170546,True,21,37,24,False,-3,-5.0,33,20,33,33,1.0,22.0,0.6666666666666666,True,22.0,0.6666666666666666
1968,64,1.8245790628772753,0.016243785186884806,0.016512002610291666,2.0,1.0,0.007781217750280544,True,21,45,32,False,-11,-13.0,39,25,39,39,1.0,27.0,0.6923076923076923,True,27.0,0.6923076923076923
1969,64,1.8350043094067443,0.05933230994915113,0.06307467618659662,1.0,1.0,0.024727148498407778,True,21,45,36,False,-15,-16.0,40,29,40,40,1.0,30.0,0.75,True,30.0,0.75
1970,64,2.918963381174355,0.008903331918060187,0.008983313338436221,0.25,1.0,0.005654551841251789,True,21,76,50,False,-29,-29.25,65,39,65,65,1.0,39.25,0.6038461538461538,True,39.25,0.6038461538461538
1971,64,1.1160784691780807,0.011277734123668996,0.011406372156161809,1.0,0.9999999999999999,0.007496821100628097,True,21,24,17,True,4,3.0,23,15,15,16.0,0.6956521739130435,16.0,0.6956521739130435,True,16.0,0.6956521739130435
1972,64,1.3341619766760204,0.0018299145451474666,0.0018332692712521028,1.0,1.0,0.0011083862799614248,True,21,31,17,True,4,3.0,28,14,14,15.0,0.5357142857142857,15.0,0.5357142857142857,True,15.0,0.5357142857142857
1973,64,2.4197228680202088,0.002576753506129884,0.0025834103177238507,1.0,1.0,0.0015714040555253146,True,21,62,35,False,-14,-15.0,54,27,54,54,1.0,28.0,0.5185185185185185,True,28.0,0.5185185185185185
1974,64,1.9885769675873821,0.047155587926966856,0.04948928422046778,1.0,0.9999999999999999,0.025753465140374087,True,21,49,39,False,-18,-19.0,43,32,43,43,1.0,33.0,0.7674418604651163,True,33.0,0.7674418604651163
1975,64,1.7555097092958298,0.011914356264422304,0.012058019808261392,4.0,1.0,0.007747813750319084,True,21,43,29,False,-8,-12.0,37,23,37,37,1.0,27.0,0.7297297297297297,True,27.0,0.7297297297297297
1976,64,2.6374336145273967,0.10281395333386477,0.1145960235515392,0.25,0.9999999999999999,0.05310311009693102,True,21,68,57,False,-36,-36.25,61,49,61,61,1.0,49.25,0.8073770491803278,True,49.25,0.8073770491803278
1977,64,2.659789630269528,0.042585544050323026,0.044479737887477,4.0,0.9999999999999998,0.02390926597872611,True,21,68,53,False,-32,-36.0,56,39,56,56,1.0,43.0,0.7678571428571429,True,43.0,0.7678571428571429
1978,64,1.7702446456607737,0.43190132442610973,0.7602575802342881,0.25,1.0,0.3174137949666884,True,21,43,42,False,-21,-21.25,38,35,38,38,1.0,35.25,0.9276315789473685,True,35.25,0.9276315789473685
1979,64,1.2791006814903834,0.0012665987021278438,0.0012682050089462072,0.25,1.0,0.0007931762968451855,True,21,29,15,True,6,5.75,27,13,13,13.25,0.49074074074074076,13.25,0.49074074074074076,True,13.25,0.49074074074074076
1980,64,2.431544237041817,0.1497246005845246,0.17608953603438754,0.5,0.9999999999999999,0.10062844965729802,True,21,62,54,False,-33,-33.5,53,44,53,53,1.0,44.5,0.839622641509434,True,44.5,0.839622641509434
1981,64,2.1269827620757895,0.0013063322952896182,0.0013080410315326732,2.0,1.0,0.0007866559337137078,True,21,53,28,False,-7,-9.0,48,21,48,48,1.0,23.0,0.4791666666666667,True,23.0,0.4791666666666667
1982,64,1.5672629984644395,0.3827948893895024,0.6202069341436067,1.0,1.0,0.25799329106034286,True,21,37,36,False,-15,-16.0,34,30,34,34,1.0,31.0,0.9117647058823529,True,31.0,0.9117647058823529
1983,64,1.5578193295339777,0.002421129910878611,0.0024270060077177785,1.0,1.0,0.0016936993785452222,True,21,37,21,False,0,-1.0,33,17,33,33,1.0,18.0,0.5454545454545454,True,18.0,0.5454545454545454
1984,64,2.9017212981405676,0.0015935818699889107,0.0015961254265308587,2.0,1.0,0.0008563093874495015,True,21,75,40,False,-19,-21.0,65,28,65,65,1.0,30.0,0.46153846153846156,True,30.0,0.46153846153846156
1985,64,1.837041763726039,0.1615726662094585,0.19270920650807777,4.0,1.0,0.0830362801124388,True,21,45,40,False,-19,-23.0,39,31,39,39,1.0,35.0,0.8974358974358975,True,35.0,0.8974358974358975
1986,64,1.908619621327781,0.013783321212003378,0.01397595630702807,1.0,0.9999999999999999,0.005541740514920582,True,21,47,33,False,-12,-13.0,41,24,41,41,1.0,25.0,0.6097560975609756,True,25.0,0.6097560975609756
1987,64,1.3983494786786872,0.02300264101368568,0.023544220260280045,2.0,1.0,0.012923772047696513,True,21,33,24,False,-3,-5.0,30,19,30,30,1.0,21.0,0.7,True,21.0,0.7
1988,64,2.466918019815656,0.003490471979904085,0.0035026980492992286,4.0,1.0000000000000002,0.0022807321267173425,True,21,63,37,False,-16,-20.0,58,32,58,58,1.0,36.0,0.6206896551724138,True,36.0,0.6206896551724138
1989,64,2.0008962765111966,0.013124862816437181,0.013299415824674792,0.5,1.0,0.008438162780718118,True,21,50,34,False,-13,-13.5,44,28,44,44,1.0,28.5,0.6477272727272727,True,28.5,0.6477272727272727
1990,64,1.9791477481552222,0.003047131691012059,0.003056445081682291,1.0,1.0,0.0017430151968298962,True,21,49,29,False,-8,-9.0,43,21,43,43,1.0,22.0,0.5116279069767442,True,22.0,0.5116279069767442
1991,64,1.5625610773384842,0.0050399610776778216,0.005065490954929998,2.0,1.0,0.002867941795437589,True,21,37,23,False,-2,-4.0,34,19,34,34,1.0,21.0,0.6176470588235294,True,21.0,0.6176470588235294
1992,64,1.9363866716536784,0.002649748889801983,0.0026567887127440146,0.25,0.9999999999999999,0.0015101175722283173,True,21,48,28,False,-7,-7.25,44,22,44,44,1.0,22.25,0.5056818181818182,True,22.25,0.5056818181818182
1993,64,1.7225366777507263,0.002686783881489458,0.0026940221367428344,4.0,0.9999999999999999,0.0018539854948639663,True,21,42,24,False,-3,-7.0,37,19,37,37,1.0,23.0,0.6216216216216216,True,23.0,0.6216216216216216
1994,64,2.77242393238367,0.5415389404229116,1.1812103320671534,0.5,0.9999999999999999,0.3370459124211966,True,21,72,72,False,-51,-51.5,60,56,60,60,1.0,56.5,0.9416666666666667,True,56.5,0.9416666666666667
1995,64,1.3534981373352981,0.016793711050818193,0.017080556989486663,1.0,0.9999999999999999,0.01069365023077777,True,21,31,22,False,-1,-2.0,28,19,28,28,1.0,20.0,0.7142857142857143,True,20.0,0.7142857142857143
1996,64,1.0127666765379495,0.006829320770521847,0.006876281099861075,1.0,0.9999999999999999,0.003812968901463614,True,21,21,14,True,7,6.0,21,13,13,14.0,0.6666666666666666,14.0,0.6666666666666666,True,14.0,0.6666666666666666
1997,64,1.1425204792218298,0.014026475362724356,0.014226016228868293,2.0,1.0000000000000002,0.009287625584393722,True,21,25,18,True,3,1.0,23,15,15,17.0,0.7391304347826086,17.0,0.7391304347826086,True,17.0,0.7391304347826086
1998,64,1.5533296605012286,0.0015426747011403575,0.0015450582233733443,2.0,1.0,0.001028237477435396,True,21,37,20,False,1,-1.0,33,15,33,33,1.0,17.0,0.5151515151515151,True,17.0,0.5151515151515151
1999,64,2.073328295576389,0.002321314845118961,0.0023267158852437516,0.25,0.9999999999999999,0.0012937250102144262,True,21,52,29,False,-8,-8.25,45,21,45,45,1.0,21.25,0.4722222222222222,True,21.25,0.4722222222222222
